event_date,release_time_utc,event_id,event_base_id,event_name,currency,impact,forecast,pair,horizon_label,horizon_minutes,scenario,scenario_delta,scenario_actual,predicted_return_pct,live_spot,predicted_spot,slope_pct_per_unit_surprise,intercept_pct,corr,r2,mover_score,n_events
2026-05-11,2026-05-11 01:30:00,150184,455,PPI y/y,CNY,medium,1.7,EUR/USD,1m,1,z=+0.00,0.0,1.7,-0.0020581087389721924,1.1785999999999999,1.1785757431304025,0.009788758745998716,-0.0020581087389721924,0.16659687627307077,0.027754519183944847,0.0013007935557231057,17
2026-05-11,2026-05-11 01:30:00,150184,455,PPI y/y,CNY,medium,1.7,EUR/USD,1m,1,z=+0.50,0.09672961101471887,1.7967296110147188,-0.0011112459131548094,1.1785999999999999,1.1785869028556675,0.009788758745998716,-0.0020581087389721924,0.16659687627307077,0.027754519183944847,0.0013007935557231057,17
2026-05-11,2026-05-11 01:30:00,150184,455,PPI y/y,CNY,medium,1.7,EUR/USD,1m,1,z=+1.00,0.19345922202943774,1.8934592220294377,-0.0001643830873374263,1.1785999999999999,1.1785980625809325,0.009788758745998716,-0.0020581087389721924,0.16659687627307077,0.027754519183944847,0.0013007935557231057,17
2026-05-11,2026-05-11 01:30:00,150184,455,PPI y/y,CNY,medium,1.7,EUR/USD,1m,1,z=+2.00,0.3869184440588755,2.0869184440588753,0.0017293425642973398,1.1785999999999999,1.1786203820314627,0.009788758745998716,-0.0020581087389721924,0.16659687627307077,0.027754519183944847,0.0013007935557231057,17
2026-05-11,2026-05-11 01:30:00,150184,455,PPI y/y,CNY,medium,1.7,EUR/USD,1m,1,z=-0.50,-0.09672961101471887,1.603270388985281,-0.0030049715647895753,1.1785999999999999,1.1785645834051373,0.009788758745998716,-0.0020581087389721924,0.16659687627307077,0.027754519183944847,0.0013007935557231057,17
2026-05-11,2026-05-11 01:30:00,150184,455,PPI y/y,CNY,medium,1.7,EUR/USD,1m,1,z=-1.00,-0.19345922202943774,1.5065407779705622,-0.003951834390606959,1.1785999999999999,1.1785534236798723,0.009788758745998716,-0.0020581087389721924,0.16659687627307077,0.027754519183944847,0.0013007935557231057,17
2026-05-11,2026-05-11 01:30:00,150184,455,PPI y/y,CNY,medium,1.7,EUR/USD,1m,1,z=-2.00,-0.3869184440588755,1.3130815559411244,-0.0058455600422417245,1.1785999999999999,1.178531104229342,0.009788758745998716,-0.0020581087389721924,0.16659687627307077,0.027754519183944847,0.0013007935557231057,17
2026-05-11,2026-05-11 01:30:00,150184,455,PPI y/y,CNY,medium,1.7,EUR/USD,5m,5,z=+0.00,0.0,1.7,0.006537469172348521,1.1785999999999999,1.178677050611665,0.0042087402884695415,0.006537469172348521,0.03258952302363148,0.0010620770109078064,0.00010940672782089862,17
2026-05-11,2026-05-11 01:30:00,150184,455,PPI y/y,CNY,medium,1.7,EUR/USD,5m,5,z=+0.50,0.09672961101471887,1.7967296110147188,0.006944578983314155,1.1785999999999999,1.1786818488078972,0.0042087402884695415,0.006537469172348521,0.03258952302363148,0.0010620770109078064,0.00010940672782089862,17
2026-05-11,2026-05-11 01:30:00,150184,455,PPI y/y,CNY,medium,1.7,EUR/USD,5m,5,z=+1.00,0.19345922202943774,1.8934592220294377,0.00735168879427979,1.1785999999999999,1.1786866470041293,0.0042087402884695415,0.006537469172348521,0.03258952302363148,0.0010620770109078064,0.00010940672782089862,17
2026-05-11,2026-05-11 01:30:00,150184,455,PPI y/y,CNY,medium,1.7,EUR/USD,5m,5,z=+2.00,0.3869184440588755,2.0869184440588753,0.008165908416211058,1.1785999999999999,1.1786962433965933,0.0042087402884695415,0.006537469172348521,0.03258952302363148,0.0010620770109078064,0.00010940672782089862,17
2026-05-11,2026-05-11 01:30:00,150184,455,PPI y/y,CNY,medium,1.7,EUR/USD,5m,5,z=-0.50,-0.09672961101471887,1.603270388985281,0.0061303593613828864,1.1785999999999999,1.1786722524154332,0.0042087402884695415,0.006537469172348521,0.03258952302363148,0.0010620770109078064,0.00010940672782089862,17
2026-05-11,2026-05-11 01:30:00,150184,455,PPI y/y,CNY,medium,1.7,EUR/USD,5m,5,z=-1.00,-0.19345922202943774,1.5065407779705622,0.005723249550417251,1.1785999999999999,1.178667454219201,0.0042087402884695415,0.006537469172348521,0.03258952302363148,0.0010620770109078064,0.00010940672782089862,17
2026-05-11,2026-05-11 01:30:00,150184,455,PPI y/y,CNY,medium,1.7,EUR/USD,5m,5,z=-2.00,-0.3869184440588755,1.3130815559411244,0.004909029928485983,1.1785999999999999,1.178657857826737,0.0042087402884695415,0.006537469172348521,0.03258952302363148,0.0010620770109078064,0.00010940672782089862,17
2026-05-11,2026-05-11 01:30:00,150184,455,PPI y/y,CNY,medium,1.7,EUR/USD,15m,15,z=+0.00,0.0,1.7,-0.0026414957966424462,1.1785999999999999,1.1785688673305406,-0.025161705791351942,-0.0026414957966424462,-0.16150378994467954,0.02608347416649517,0.003241430362455684,17
2026-05-11,2026-05-11 01:30:00,150184,455,PPI y/y,CNY,medium,1.7,EUR/USD,15m,15,z=+0.50,0.09672961101471887,1.7967296110147188,-0.005075377810306718,1.1785999999999999,1.1785401815971277,-0.025161705791351942,-0.0026414957966424462,-0.16150378994467954,0.02608347416649517,0.003241430362455684,17
2026-05-11,2026-05-11 01:30:00,150184,455,PPI y/y,CNY,medium,1.7,EUR/USD,15m,15,z=+1.00,0.19345922202943774,1.8934592220294377,-0.007509259823970991,1.1785999999999999,1.1785114958637146,-0.025161705791351942,-0.0026414957966424462,-0.16150378994467954,0.02608347416649517,0.003241430362455684,17
2026-05-11,2026-05-11 01:30:00,150184,455,PPI y/y,CNY,medium,1.7,EUR/USD,15m,15,z=+2.00,0.3869184440588755,2.0869184440588753,-0.012377023851299535,1.1785999999999999,1.1784541243968885,-0.025161705791351942,-0.0026414957966424462,-0.16150378994467954,0.02608347416649517,0.003241430362455684,17
2026-05-11,2026-05-11 01:30:00,150184,455,PPI y/y,CNY,medium,1.7,EUR/USD,15m,15,z=-0.50,-0.09672961101471887,1.603270388985281,-0.00020761378297817377,1.1785999999999999,1.1785975530639536,-0.025161705791351942,-0.0026414957966424462,-0.16150378994467954,0.02608347416649517,0.003241430362455684,17
2026-05-11,2026-05-11 01:30:00,150184,455,PPI y/y,CNY,medium,1.7,EUR/USD,15m,15,z=-1.00,-0.19345922202943774,1.5065407779705622,0.0022262682306860987,1.1785999999999999,1.1786262387973667,-0.025161705791351942,-0.0026414957966424462,-0.16150378994467954,0.02608347416649517,0.003241430362455684,17
2026-05-11,2026-05-11 01:30:00,150184,455,PPI y/y,CNY,medium,1.7,EUR/USD,15m,15,z=-2.00,-0.3869184440588755,1.3130815559411244,0.007094032258014644,1.1785999999999999,1.1786836102641927,-0.025161705791351942,-0.0026414957966424462,-0.16150378994467954,0.02608347416649517,0.003241430362455684,17
2026-05-11,2026-05-11 01:30:00,150184,455,PPI y/y,CNY,medium,1.7,EUR/USD,30m,30,z=+0.00,0.0,1.7,-0.0020573589575468565,1.1785999999999999,1.1785757519673261,-0.030555244225120484,-0.0020573589575468565,-0.15762873983389153,0.02484681962162066,0.003841802728145017,17
2026-05-11,2026-05-11 01:30:00,150184,455,PPI y/y,CNY,medium,1.7,EUR/USD,30m,30,z=+0.50,0.09672961101471887,1.7967296110147188,-0.005012955845902496,1.1785999999999999,1.1785409173024,-0.030555244225120484,-0.0020573589575468565,-0.15762873983389153,0.02484681962162066,0.003841802728145017,17
2026-05-11,2026-05-11 01:30:00,150184,455,PPI y/y,CNY,medium,1.7,EUR/USD,30m,30,z=+1.00,0.19345922202943774,1.8934592220294377,-0.007968552734258135,1.1785999999999999,1.1785060826374738,-0.030555244225120484,-0.0020573589575468565,-0.15762873983389153,0.02484681962162066,0.003841802728145017,17
2026-05-11,2026-05-11 01:30:00,150184,455,PPI y/y,CNY,medium,1.7,EUR/USD,30m,30,z=+2.00,0.3869184440588755,2.0869184440588753,-0.013879746510969414,1.1785999999999999,1.1784364133076215,-0.030555244225120484,-0.0020573589575468565,-0.15762873983389153,0.02484681962162066,0.003841802728145017,17
2026-05-11,2026-05-11 01:30:00,150184,455,PPI y/y,CNY,medium,1.7,EUR/USD,30m,30,z=-0.50,-0.09672961101471887,1.603270388985281,0.000898237930808783,1.1785999999999999,1.1786105866322525,-0.030555244225120484,-0.0020573589575468565,-0.15762873983389153,0.02484681962162066,0.003841802728145017,17
2026-05-11,2026-05-11 01:30:00,150184,455,PPI y/y,CNY,medium,1.7,EUR/USD,30m,30,z=-1.00,-0.19345922202943774,1.5065407779705622,0.0038538348191644225,1.1785999999999999,1.1786454212971784,-0.030555244225120484,-0.0020573589575468565,-0.15762873983389153,0.02484681962162066,0.003841802728145017,17
2026-05-11,2026-05-11 01:30:00,150184,455,PPI y/y,CNY,medium,1.7,EUR/USD,30m,30,z=-2.00,-0.3869184440588755,1.3130815559411244,0.009765028595875701,1.1785999999999999,1.1787150906270307,-0.030555244225120484,-0.0020573589575468565,-0.15762873983389153,0.02484681962162066,0.003841802728145017,17
2026-05-11,2026-05-11 01:30:00,150184,455,PPI y/y,CNY,medium,1.7,EUR/USD,1h,60,z=+0.00,0.0,1.7,0.008810081168280344,1.1785999999999999,1.1787038356166493,0.003213905646582481,0.008810081168280344,0.009650067854216637,9.312380959098528e-05,2.473872924290561e-05,17
2026-05-11,2026-05-11 01:30:00,150184,455,PPI y/y,CNY,medium,1.7,EUR/USD,1h,60,z=+0.50,0.09672961101471887,1.7967296110147188,0.009120961011312276,1.1785999999999999,1.1787074996464793,0.003213905646582481,0.008810081168280344,0.009650067854216637,9.312380959098528e-05,2.473872924290561e-05,17
2026-05-11,2026-05-11 01:30:00,150184,455,PPI y/y,CNY,medium,1.7,EUR/USD,1h,60,z=+1.00,0.19345922202943774,1.8934592220294377,0.009431840854344207,1.1785999999999999,1.178711163676309,0.003213905646582481,0.008810081168280344,0.009650067854216637,9.312380959098528e-05,2.473872924290561e-05,17
2026-05-11,2026-05-11 01:30:00,150184,455,PPI y/y,CNY,medium,1.7,EUR/USD,1h,60,z=+2.00,0.3869184440588755,2.0869184440588753,0.010053600540408072,1.1785999999999999,1.178718491735969,0.003213905646582481,0.008810081168280344,0.009650067854216637,9.312380959098528e-05,2.473872924290561e-05,17
2026-05-11,2026-05-11 01:30:00,150184,455,PPI y/y,CNY,medium,1.7,EUR/USD,1h,60,z=-0.50,-0.09672961101471887,1.603270388985281,0.008499201325248411,1.1785999999999999,1.178700171586819,0.003213905646582481,0.008810081168280344,0.009650067854216637,9.312380959098528e-05,2.473872924290561e-05,17
2026-05-11,2026-05-11 01:30:00,150184,455,PPI y/y,CNY,medium,1.7,EUR/USD,1h,60,z=-1.00,-0.19345922202943774,1.5065407779705622,0.00818832148221648,1.1785999999999999,1.1786965075569893,0.003213905646582481,0.008810081168280344,0.009650067854216637,9.312380959098528e-05,2.473872924290561e-05,17
2026-05-11,2026-05-11 01:30:00,150184,455,PPI y/y,CNY,medium,1.7,EUR/USD,1h,60,z=-2.00,-0.3869184440588755,1.3130815559411244,0.0075665617961526155,1.1785999999999999,1.1786891794973293,0.003213905646582481,0.008810081168280344,0.009650067854216637,9.312380959098528e-05,2.473872924290561e-05,17
2026-05-11,2026-05-11 01:30:00,150184,455,PPI y/y,CNY,medium,1.7,EUR/USD,2h,120,z=+0.00,0.0,1.7,0.015420970941918263,1.1785999999999999,1.1787817515635213,0.0866834842768619,0.015420970941918263,0.2773509067624233,0.07692352548193843,0.01917696375385378,17
2026-05-11,2026-05-11 01:30:00,150184,455,PPI y/y,CNY,medium,1.7,EUR/USD,2h,120,z=+0.50,0.09672961101471887,1.7967296110147188,0.023805830657419612,1.1785999999999999,1.1788805755201281,0.0866834842768619,0.015420970941918263,0.2773509067624233,0.07692352548193843,0.01917696375385378,17
2026-05-11,2026-05-11 01:30:00,150184,455,PPI y/y,CNY,medium,1.7,EUR/USD,2h,120,z=+1.00,0.19345922202943774,1.8934592220294377,0.032190690372920966,1.1785999999999999,1.1789793994767352,0.0866834842768619,0.015420970941918263,0.2773509067624233,0.07692352548193843,0.01917696375385378,17
2026-05-11,2026-05-11 01:30:00,150184,455,PPI y/y,CNY,medium,1.7,EUR/USD,2h,120,z=+2.00,0.3869184440588755,2.0869184440588753,0.04896040980392367,1.1785999999999999,1.179177047389949,0.0866834842768619,0.015420970941918263,0.2773509067624233,0.07692352548193843,0.01917696375385378,17
2026-05-11,2026-05-11 01:30:00,150184,455,PPI y/y,CNY,medium,1.7,EUR/USD,2h,120,z=-0.50,-0.09672961101471887,1.603270388985281,0.007036111226416912,1.1785999999999999,1.1786829276069144,0.0866834842768619,0.015420970941918263,0.2773509067624233,0.07692352548193843,0.01917696375385378,17
2026-05-11,2026-05-11 01:30:00,150184,455,PPI y/y,CNY,medium,1.7,EUR/USD,2h,120,z=-1.00,-0.19345922202943774,1.5065407779705622,-0.0013487484890844382,1.1785999999999999,1.1785841036503075,0.0866834842768619,0.015420970941918263,0.2773509067624233,0.07692352548193843,0.01917696375385378,17
2026-05-11,2026-05-11 01:30:00,150184,455,PPI y/y,CNY,medium,1.7,EUR/USD,2h,120,z=-2.00,-0.3869184440588755,1.3130815559411244,-0.018118467920087138,1.1785999999999999,1.1783864557370938,0.0866834842768619,0.015420970941918263,0.2773509067624233,0.07692352548193843,0.01917696375385378,17
2026-05-11,2026-05-11 01:30:00,150184,455,PPI y/y,CNY,medium,1.7,EUR/USD,4h,240,z=+0.00,0.0,1.7,0.03608567652384927,1.1785999999999999,1.1790253057835098,0.0313005256515018,0.03608567652384927,0.04847814254964095,0.0023501303050633086,0.001210351464698065,17
2026-05-11,2026-05-11 01:30:00,150184,455,PPI y/y,CNY,medium,1.7,EUR/USD,4h,240,z=+0.50,0.09672961101471887,1.7967296110147188,0.03911336419467527,1.1785999999999999,1.179060990110398,0.0313005256515018,0.03608567652384927,0.04847814254964095,0.0023501303050633086,0.001210351464698065,17
2026-05-11,2026-05-11 01:30:00,150184,455,PPI y/y,CNY,medium,1.7,EUR/USD,4h,240,z=+1.00,0.19345922202943774,1.8934592220294377,0.04214105186550127,1.1785999999999999,1.1790966744372868,0.0313005256515018,0.03608567652384927,0.04847814254964095,0.0023501303050633086,0.001210351464698065,17
2026-05-11,2026-05-11 01:30:00,150184,455,PPI y/y,CNY,medium,1.7,EUR/USD,4h,240,z=+2.00,0.3869184440588755,2.0869184440588753,0.04819642720715327,1.1785999999999999,1.1791680430910634,0.0313005256515018,0.03608567652384927,0.04847814254964095,0.0023501303050633086,0.001210351464698065,17
2026-05-11,2026-05-11 01:30:00,150184,455,PPI y/y,CNY,medium,1.7,EUR/USD,4h,240,z=-0.50,-0.09672961101471887,1.603270388985281,0.03305798885302327,1.1785999999999999,1.1789896214566216,0.0313005256515018,0.03608567652384927,0.04847814254964095,0.0023501303050633086,0.001210351464698065,17
2026-05-11,2026-05-11 01:30:00,150184,455,PPI y/y,CNY,medium,1.7,EUR/USD,4h,240,z=-1.00,-0.19345922202943774,1.5065407779705622,0.030030301182197267,1.1785999999999999,1.1789539371297333,0.0313005256515018,0.03608567652384927,0.04847814254964095,0.0023501303050633086,0.001210351464698065,17
2026-05-11,2026-05-11 01:30:00,150184,455,PPI y/y,CNY,medium,1.7,EUR/USD,4h,240,z=-2.00,-0.3869184440588755,1.3130815559411244,0.02397492584054527,1.1785999999999999,1.1788825684759565,0.0313005256515018,0.03608567652384927,0.04847814254964095,0.0023501303050633086,0.001210351464698065,17
2026-05-11,2026-05-11 01:30:00,150184,455,PPI y/y,CNY,medium,1.7,EUR/USD,6h,360,z=+0.00,0.0,1.7,0.04405756448198393,1.1785999999999999,1.1791192624549844,0.031124486636005363,0.04405756448198393,0.057792882770505205,0.0033400172989253574,0.0014347969760873677,17
2026-05-11,2026-05-11 01:30:00,150184,455,PPI y/y,CNY,medium,1.7,EUR/USD,6h,360,z=+0.50,0.09672961101471887,1.7967296110147188,0.047068223967317545,1.1785999999999999,1.1791547460876786,0.031124486636005363,0.04405756448198393,0.057792882770505205,0.0033400172989253574,0.0014347969760873677,17
2026-05-11,2026-05-11 01:30:00,150184,455,PPI y/y,CNY,medium,1.7,EUR/USD,6h,360,z=+1.00,0.19345922202943774,1.8934592220294377,0.050078883452651164,1.1785999999999999,1.179190229720373,0.031124486636005363,0.04405756448198393,0.057792882770505205,0.0033400172989253574,0.0014347969760873677,17
2026-05-11,2026-05-11 01:30:00,150184,455,PPI y/y,CNY,medium,1.7,EUR/USD,6h,360,z=+2.00,0.3869184440588755,2.0869184440588753,0.05610020242331839,1.1785999999999999,1.1792611969857612,0.031124486636005363,0.04405756448198393,0.057792882770505205,0.0033400172989253574,0.0014347969760873677,17
2026-05-11,2026-05-11 01:30:00,150184,455,PPI y/y,CNY,medium,1.7,EUR/USD,6h,360,z=-0.50,-0.09672961101471887,1.603270388985281,0.04104690499665032,1.1785999999999999,1.1790837788222903,0.031124486636005363,0.04405756448198393,0.057792882770505205,0.0033400172989253574,0.0014347969760873677,17
2026-05-11,2026-05-11 01:30:00,150184,455,PPI y/y,CNY,medium,1.7,EUR/USD,6h,360,z=-1.00,-0.19345922202943774,1.5065407779705622,0.0380362455113167,1.1785999999999999,1.1790482951895962,0.031124486636005363,0.04405756448198393,0.057792882770505205,0.0033400172989253574,0.0014347969760873677,17
2026-05-11,2026-05-11 01:30:00,150184,455,PPI y/y,CNY,medium,1.7,EUR/USD,6h,360,z=-2.00,-0.3869184440588755,1.3130815559411244,0.032014926540649476,1.1785999999999999,1.178977327924208,0.031124486636005363,0.04405756448198393,0.057792882770505205,0.0033400172989253574,0.0014347969760873677,17
2026-05-11,2026-05-11 01:30:00,150184,455,PPI y/y,CNY,medium,1.7,EUR/USD,12h,720,z=+0.00,0.0,1.7,0.14810382453351065,1.1785999999999999,1.180345551675952,0.08371527950129831,0.14810382453351065,0.04837406262767804,0.002340049935106517,0.00323021323163896,17
2026-05-11,2026-05-11 01:30:00,150184,455,PPI y/y,CNY,medium,1.7,EUR/USD,12h,720,z=+0.50,0.09672961101471887,1.7967296110147188,0.1562015709556597,1.1785999999999999,1.1804409917152834,0.08371527950129831,0.14810382453351065,0.04837406262767804,0.002340049935106517,0.00323021323163896,17
2026-05-11,2026-05-11 01:30:00,150184,455,PPI y/y,CNY,medium,1.7,EUR/USD,12h,720,z=+1.00,0.19345922202943774,1.8934592220294377,0.16429931737780876,1.1785999999999999,1.1805364317546148,0.08371527950129831,0.14810382453351065,0.04837406262767804,0.002340049935106517,0.00323021323163896,17
2026-05-11,2026-05-11 01:30:00,150184,455,PPI y/y,CNY,medium,1.7,EUR/USD,12h,720,z=+2.00,0.3869184440588755,2.0869184440588753,0.18049481022210687,1.1785999999999999,1.1807273118332777,0.08371527950129831,0.14810382453351065,0.04837406262767804,0.002340049935106517,0.00323021323163896,17
2026-05-11,2026-05-11 01:30:00,150184,455,PPI y/y,CNY,medium,1.7,EUR/USD,12h,720,z=-0.50,-0.09672961101471887,1.603270388985281,0.1400060781113616,1.1785999999999999,1.1802501116366202,0.08371527950129831,0.14810382453351065,0.04837406262767804,0.002340049935106517,0.00323021323163896,17
2026-05-11,2026-05-11 01:30:00,150184,455,PPI y/y,CNY,medium,1.7,EUR/USD,12h,720,z=-1.00,-0.19345922202943774,1.5065407779705622,0.13190833168921254,1.1785999999999999,1.1801546715972888,0.08371527950129831,0.14810382453351065,0.04837406262767804,0.002340049935106517,0.00323021323163896,17
2026-05-11,2026-05-11 01:30:00,150184,455,PPI y/y,CNY,medium,1.7,EUR/USD,12h,720,z=-2.00,-0.3869184440588755,1.3130815559411244,0.11571283884491443,1.1785999999999999,1.1799637915186258,0.08371527950129831,0.14810382453351065,0.04837406262767804,0.002340049935106517,0.00323021323163896,17
2026-05-11,2026-05-11 01:30:00,150184,455,PPI y/y,CNY,medium,1.7,GBP/USD,1m,1,z=+0.00,0.0,1.7,7.637426939572202e-06,1.3631099999999998,1.36311010410653,0.002334507700580387,7.637426939572202e-06,0.06318027861318505,0.003991747605639688,0.00011764967863793241,17
2026-05-11,2026-05-11 01:30:00,150184,455,PPI y/y,CNY,medium,1.7,GBP/USD,1m,1,z=+0.50,0.09672961101471887,1.7967296110147188,0.00023345344872757883,1.3631099999999998,1.3631131822273048,0.002334507700580387,7.637426939572202e-06,0.06318027861318505,0.003991747605639688,0.00011764967863793241,17
2026-05-11,2026-05-11 01:30:00,150184,455,PPI y/y,CNY,medium,1.7,GBP/USD,1m,1,z=+1.00,0.19345922202943774,1.8934592220294377,0.0004592694705155855,1.3631099999999998,1.3631162603480795,0.002334507700580387,7.637426939572202e-06,0.06318027861318505,0.003991747605639688,0.00011764967863793241,17
2026-05-11,2026-05-11 01:30:00,150184,455,PPI y/y,CNY,medium,1.7,GBP/USD,1m,1,z=+2.00,0.3869184440588755,2.0869184440588753,0.0009109015140915988,1.3631099999999998,1.3631224165896285,0.002334507700580387,7.637426939572202e-06,0.06318027861318505,0.003991747605639688,0.00011764967863793241,17
2026-05-11,2026-05-11 01:30:00,150184,455,PPI y/y,CNY,medium,1.7,GBP/USD,1m,1,z=-0.50,-0.09672961101471887,1.603270388985281,-0.00021817859484843445,1.3631099999999998,1.3631070259857556,0.002334507700580387,7.637426939572202e-06,0.06318027861318505,0.003991747605639688,0.00011764967863793241,17
2026-05-11,2026-05-11 01:30:00,150184,455,PPI y/y,CNY,medium,1.7,GBP/USD,1m,1,z=-1.00,-0.19345922202943774,1.5065407779705622,-0.0004439946166364411,1.3631099999999998,1.363103947864981,0.002334507700580387,7.637426939572202e-06,0.06318027861318505,0.003991747605639688,0.00011764967863793241,17
2026-05-11,2026-05-11 01:30:00,150184,455,PPI y/y,CNY,medium,1.7,GBP/USD,1m,1,z=-2.00,-0.3869184440588755,1.3130815559411244,-0.0008956266602124543,1.3631099999999998,1.3630977916234317,0.002334507700580387,7.637426939572202e-06,0.06318027861318505,0.003991747605639688,0.00011764967863793241,17
2026-05-11,2026-05-11 01:30:00,150184,455,PPI y/y,CNY,medium,1.7,GBP/USD,5m,5,z=+0.00,0.0,1.7,0.00923011057475718,1.3631099999999998,1.3632358165602556,-0.007751288078743298,0.00923011057475718,-0.07090685592831687,0.005027782217639085,0.0004384055105034996,17
2026-05-11,2026-05-11 01:30:00,150184,455,PPI y/y,CNY,medium,1.7,GBP/USD,5m,5,z=+0.50,0.09672961101471887,1.7967296110147188,0.008480331494037313,1.3631099999999998,1.3632255962466282,-0.007751288078743298,0.00923011057475718,-0.07090685592831687,0.005027782217639085,0.0004384055105034996,17
2026-05-11,2026-05-11 01:30:00,150184,455,PPI y/y,CNY,medium,1.7,GBP/USD,5m,5,z=+1.00,0.19345922202943774,1.8934592220294377,0.007730552413317447,1.3631099999999998,1.363215375933001,-0.007751288078743298,0.00923011057475718,-0.07090685592831687,0.005027782217639085,0.0004384055105034996,17
2026-05-11,2026-05-11 01:30:00,150184,455,PPI y/y,CNY,medium,1.7,GBP/USD,5m,5,z=+2.00,0.3869184440588755,2.0869184440588753,0.006230994251877713,1.3631099999999998,1.3631949353057466,-0.007751288078743298,0.00923011057475718,-0.07090685592831687,0.005027782217639085,0.0004384055105034996,17
2026-05-11,2026-05-11 01:30:00,150184,455,PPI y/y,CNY,medium,1.7,GBP/USD,5m,5,z=-0.50,-0.09672961101471887,1.603270388985281,0.009979889655477048,1.3631099999999998,1.3632460368738826,-0.007751288078743298,0.00923011057475718,-0.07090685592831687,0.005027782217639085,0.0004384055105034996,17
2026-05-11,2026-05-11 01:30:00,150184,455,PPI y/y,CNY,medium,1.7,GBP/USD,5m,5,z=-1.00,-0.19345922202943774,1.5065407779705622,0.010729668736196914,1.3631099999999998,1.3632562571875098,-0.007751288078743298,0.00923011057475718,-0.07090685592831687,0.005027782217639085,0.0004384055105034996,17
2026-05-11,2026-05-11 01:30:00,150184,455,PPI y/y,CNY,medium,1.7,GBP/USD,5m,5,z=-2.00,-0.3869184440588755,1.3130815559411244,0.012229226897636648,1.3631099999999998,1.3632766978147641,-0.007751288078743298,0.00923011057475718,-0.07090685592831687,0.005027782217639085,0.0004384055105034996,17
2026-05-11,2026-05-11 01:30:00,150184,455,PPI y/y,CNY,medium,1.7,GBP/USD,15m,15,z=+0.00,0.0,1.7,0.0032825465928646973,1.3631099999999998,1.363154744720862,-0.009662827158862523,0.0032825465928646973,-0.06928158873386629,0.0047999385374885885,0.0005339934710878485,17
2026-05-11,2026-05-11 01:30:00,150184,455,PPI y/y,CNY,medium,1.7,GBP/USD,15m,15,z=+0.50,0.09672961101471887,1.7967296110147188,0.0023478650804854644,1.3631099999999998,1.3631420039836986,-0.009662827158862523,0.0032825465928646973,-0.06928158873386629,0.0047999385374885885,0.0005339934710878485,17
2026-05-11,2026-05-11 01:30:00,150184,455,PPI y/y,CNY,medium,1.7,GBP/USD,15m,15,z=+1.00,0.19345922202943774,1.8934592220294377,0.0014131835681062315,1.3631099999999998,1.363129263246535,-0.009662827158862523,0.0032825465928646973,-0.06928158873386629,0.0047999385374885885,0.0005339934710878485,17
2026-05-11,2026-05-11 01:30:00,150184,455,PPI y/y,CNY,medium,1.7,GBP/USD,15m,15,z=+2.00,0.3869184440588755,2.0869184440588753,-0.0004561794566522344,1.3631099999999998,1.3631037817722083,-0.009662827158862523,0.0032825465928646973,-0.06928158873386629,0.0047999385374885885,0.0005339934710878485,17
2026-05-11,2026-05-11 01:30:00,150184,455,PPI y/y,CNY,medium,1.7,GBP/USD,15m,15,z=-0.50,-0.09672961101471887,1.603270388985281,0.00421722810524393,1.3631099999999998,1.3631674854580251,-0.009662827158862523,0.0032825465928646973,-0.06928158873386629,0.0047999385374885885,0.0005339934710878485,17
2026-05-11,2026-05-11 01:30:00,150184,455,PPI y/y,CNY,medium,1.7,GBP/USD,15m,15,z=-1.00,-0.19345922202943774,1.5065407779705622,0.005151909617623163,1.3631099999999998,1.3631802261951886,-0.009662827158862523,0.0032825465928646973,-0.06928158873386629,0.0047999385374885885,0.0005339934710878485,17
2026-05-11,2026-05-11 01:30:00,150184,455,PPI y/y,CNY,medium,1.7,GBP/USD,15m,15,z=-2.00,-0.3869184440588755,1.3130815559411244,0.007021272642381629,1.3631099999999998,1.3632057076695154,-0.009662827158862523,0.0032825465928646973,-0.06928158873386629,0.0047999385374885885,0.0005339934710878485,17
2026-05-11,2026-05-11 01:30:00,150184,455,PPI y/y,CNY,medium,1.7,GBP/USD,30m,30,z=+0.00,0.0,1.7,0.007669969016419067,1.3631099999999998,1.3632145501146595,-0.041130708844288905,0.007669969016419067,-0.31087048370584797,0.09664045763950789,0.01019904671007197,17
2026-05-11,2026-05-11 01:30:00,150184,455,PPI y/y,CNY,medium,1.7,GBP/USD,30m,30,z=+0.50,0.09672961101471887,1.7967296110147188,0.0036914115491513445,1.3631099999999998,1.3631603179999674,-0.041130708844288905,0.007669969016419067,-0.31087048370584797,0.09664045763950789,0.01019904671007197,17
2026-05-11,2026-05-11 01:30:00,150184,455,PPI y/y,CNY,medium,1.7,GBP/USD,30m,30,z=+1.00,0.19345922202943774,1.8934592220294377,-0.000287145918116378,1.3631099999999998,1.3631060858852753,-0.041130708844288905,0.007669969016419067,-0.31087048370584797,0.09664045763950789,0.01019904671007197,17
2026-05-11,2026-05-11 01:30:00,150184,455,PPI y/y,CNY,medium,1.7,GBP/USD,30m,30,z=+2.00,0.3869184440588755,2.0869184440588753,-0.008244260852651824,1.3631099999999998,1.3629976216558912,-0.041130708844288905,0.007669969016419067,-0.31087048370584797,0.09664045763950789,0.01019904671007197,17
2026-05-11,2026-05-11 01:30:00,150184,455,PPI y/y,CNY,medium,1.7,GBP/USD,30m,30,z=-0.50,-0.09672961101471887,1.603270388985281,0.01164852648368679,1.3631099999999998,1.3632687822293514,-0.041130708844288905,0.007669969016419067,-0.31087048370584797,0.09664045763950789,0.01019904671007197,17
2026-05-11,2026-05-11 01:30:00,150184,455,PPI y/y,CNY,medium,1.7,GBP/USD,30m,30,z=-1.00,-0.19345922202943774,1.5065407779705622,0.015627083950954513,1.3631099999999998,1.3633230143440436,-0.041130708844288905,0.007669969016419067,-0.31087048370584797,0.09664045763950789,0.01019904671007197,17
2026-05-11,2026-05-11 01:30:00,150184,455,PPI y/y,CNY,medium,1.7,GBP/USD,30m,30,z=-2.00,-0.3869184440588755,1.3130815559411244,0.023584198885489956,1.3631099999999998,1.3634314785734278,-0.041130708844288905,0.007669969016419067,-0.31087048370584797,0.09664045763950789,0.01019904671007197,17
2026-05-11,2026-05-11 01:30:00,150184,455,PPI y/y,CNY,medium,1.7,GBP/USD,1h,60,z=+0.00,0.0,1.7,0.0222671574200297,1.3631099999999998,1.363413525849508,-0.0245530933491102,0.0222671574200297,-0.11353755395738863,0.012890776158626934,0.002223615262246941,17
2026-05-11,2026-05-11 01:30:00,150184,455,PPI y/y,CNY,medium,1.7,GBP/USD,1h,60,z=+0.50,0.09672961101471887,1.7967296110147188,0.01989214625116219,1.3631099999999998,1.3633811518347638,-0.0245530933491102,0.0222671574200297,-0.11353755395738863,0.012890776158626934,0.002223615262246941,17
2026-05-11,2026-05-11 01:30:00,150184,455,PPI y/y,CNY,medium,1.7,GBP/USD,1h,60,z=+1.00,0.19345922202943774,1.8934592220294377,0.01751713508229468,1.3631099999999998,1.36334877782002,-0.0245530933491102,0.0222671574200297,-0.11353755395738863,0.012890776158626934,0.002223615262246941,17
2026-05-11,2026-05-11 01:30:00,150184,455,PPI y/y,CNY,medium,1.7,GBP/USD,1h,60,z=+2.00,0.3869184440588755,2.0869184440588753,0.012767112744559658,1.3631099999999998,1.3632840297905322,-0.0245530933491102,0.0222671574200297,-0.11353755395738863,0.012890776158626934,0.002223615262246941,17
2026-05-11,2026-05-11 01:30:00,150184,455,PPI y/y,CNY,medium,1.7,GBP/USD,1h,60,z=-0.50,-0.09672961101471887,1.603270388985281,0.02464216858889721,1.3631099999999998,1.363445899864252,-0.0245530933491102,0.0222671574200297,-0.11353755395738863,0.012890776158626934,0.002223615262246941,17
2026-05-11,2026-05-11 01:30:00,150184,455,PPI y/y,CNY,medium,1.7,GBP/USD,1h,60,z=-1.00,-0.19345922202943774,1.5065407779705622,0.02701717975776472,1.3631099999999998,1.363478273878996,-0.0245530933491102,0.0222671574200297,-0.11353755395738863,0.012890776158626934,0.002223615262246941,17
2026-05-11,2026-05-11 01:30:00,150184,455,PPI y/y,CNY,medium,1.7,GBP/USD,1h,60,z=-2.00,-0.3869184440588755,1.3130815559411244,0.03176720209549974,1.3631099999999998,1.3635430219084839,-0.0245530933491102,0.0222671574200297,-0.11353755395738863,0.012890776158626934,0.002223615262246941,17
2026-05-11,2026-05-11 01:30:00,150184,455,PPI y/y,CNY,medium,1.7,GBP/USD,2h,120,z=+0.00,0.0,1.7,0.028184350414419697,1.3631099999999998,1.363494183698934,0.03136900343963071,0.028184350414419697,0.09505902391024691,0.009036218026768895,0.002378526366563895,17
2026-05-11,2026-05-11 01:30:00,150184,455,PPI y/y,CNY,medium,1.7,GBP/USD,2h,120,z=+0.50,0.09672961101471887,1.7967296110147188,0.031218661915054555,1.3631099999999998,1.36353554470243,0.03136900343963071,0.028184350414419697,0.09505902391024691,0.009036218026768895,0.002378526366563895,17
2026-05-11,2026-05-11 01:30:00,150184,455,PPI y/y,CNY,medium,1.7,GBP/USD,2h,120,z=+1.00,0.19345922202943774,1.8934592220294377,0.03425297341568941,1.3631099999999998,1.3635769057059264,0.03136900343963071,0.028184350414419697,0.09505902391024691,0.009036218026768895,0.002378526366563895,17
2026-05-11,2026-05-11 01:30:00,150184,455,PPI y/y,CNY,medium,1.7,GBP/USD,2h,120,z=+2.00,0.3869184440588755,2.0869184440588753,0.04032159641695913,1.3631099999999998,1.363659627712919,0.03136900343963071,0.028184350414419697,0.09505902391024691,0.009036218026768895,0.002378526366563895,17
2026-05-11,2026-05-11 01:30:00,150184,455,PPI y/y,CNY,medium,1.7,GBP/USD,2h,120,z=-0.50,-0.09672961101471887,1.603270388985281,0.02515003891378484,1.3631099999999998,1.3634528226954377,0.03136900343963071,0.028184350414419697,0.09505902391024691,0.009036218026768895,0.002378526366563895,17
2026-05-11,2026-05-11 01:30:00,150184,455,PPI y/y,CNY,medium,1.7,GBP/USD,2h,120,z=-1.00,-0.19345922202943774,1.5065407779705622,0.02211572741314998,1.3631099999999998,1.3634114616919413,0.03136900343963071,0.028184350414419697,0.09505902391024691,0.009036218026768895,0.002378526366563895,17
2026-05-11,2026-05-11 01:30:00,150184,455,PPI y/y,CNY,medium,1.7,GBP/USD,2h,120,z=-2.00,-0.3869184440588755,1.3130815559411244,0.016047104411880266,1.3631099999999998,1.3633287396849485,0.03136900343963071,0.028184350414419697,0.09505902391024691,0.009036218026768895,0.002378526366563895,17
2026-05-11,2026-05-11 01:30:00,150184,455,PPI y/y,CNY,medium,1.7,GBP/USD,4h,240,z=+0.00,0.0,1.7,0.04026761273838821,1.3631099999999998,1.363658891855998,-0.1281254407271638,0.04026761273838821,-0.18096384449071187,0.03274791301285855,0.018494435670685892,17
2026-05-11,2026-05-11 01:30:00,150184,455,PPI y/y,CNY,medium,1.7,GBP/USD,4h,240,z=+0.50,0.09672961101471887,1.7967296110147188,0.02787408869576024,1.3631099999999998,1.3634899544904207,-0.1281254407271638,0.04026761273838821,-0.18096384449071187,0.03274791301285855,0.018494435670685892,17
2026-05-11,2026-05-11 01:30:00,150184,455,PPI y/y,CNY,medium,1.7,GBP/USD,4h,240,z=+1.00,0.19345922202943774,1.8934592220294377,0.015480564653132266,1.3631099999999998,1.363321017124843,-0.1281254407271638,0.04026761273838821,-0.18096384449071187,0.03274791301285855,0.018494435670685892,17
2026-05-11,2026-05-11 01:30:00,150184,455,PPI y/y,CNY,medium,1.7,GBP/USD,4h,240,z=+2.00,0.3869184440588755,2.0869184440588753,-0.009306483432123681,1.3631099999999998,1.3629831423936882,-0.1281254407271638,0.04026761273838821,-0.18096384449071187,0.03274791301285855,0.018494435670685892,17
2026-05-11,2026-05-11 01:30:00,150184,455,PPI y/y,CNY,medium,1.7,GBP/USD,4h,240,z=-0.50,-0.09672961101471887,1.603270388985281,0.052661136781016187,1.3631099999999998,1.3638278292215755,-0.1281254407271638,0.04026761273838821,-0.18096384449071187,0.03274791301285855,0.018494435670685892,17
2026-05-11,2026-05-11 01:30:00,150184,455,PPI y/y,CNY,medium,1.7,GBP/USD,4h,240,z=-1.00,-0.19345922202943774,1.5065407779705622,0.06505466082364417,1.3631099999999998,1.363996766587153,-0.1281254407271638,0.04026761273838821,-0.18096384449071187,0.03274791301285855,0.018494435670685892,17
2026-05-11,2026-05-11 01:30:00,150184,455,PPI y/y,CNY,medium,1.7,GBP/USD,4h,240,z=-2.00,-0.3869184440588755,1.3130815559411244,0.08984170890890011,1.3631099999999998,1.3643346413183082,-0.1281254407271638,0.04026761273838821,-0.18096384449071187,0.03274791301285855,0.018494435670685892,17
2026-05-11,2026-05-11 01:30:00,150184,455,PPI y/y,CNY,medium,1.7,GBP/USD,6h,360,z=+0.00,0.0,1.7,0.03175349632956227,1.3631099999999998,1.3635428350838177,-0.17364856333620504,0.03175349632956227,-0.16874924964755167,0.028476309256611716,0.023373671854332864,17
2026-05-11,2026-05-11 01:30:00,150184,455,PPI y/y,CNY,medium,1.7,GBP/USD,6h,360,z=+0.50,0.09672961101471887,1.7967296110147188,0.014956538344786385,1.3631099999999998,1.3633138740698314,-0.17364856333620504,0.03175349632956227,-0.16874924964755167,0.028476309256611716,0.023373671854332864,17
2026-05-11,2026-05-11 01:30:00,150184,455,PPI y/y,CNY,medium,1.7,GBP/USD,6h,360,z=+1.00,0.19345922202943774,1.8934592220294377,-0.0018404196399895018,1.3631099999999998,1.3630849130558451,-0.17364856333620504,0.03175349632956227,-0.16874924964755167,0.028476309256611716,0.023373671854332864,17
2026-05-11,2026-05-11 01:30:00,150184,455,PPI y/y,CNY,medium,1.7,GBP/USD,6h,360,z=+2.00,0.3869184440588755,2.0869184440588753,-0.035434335609541276,1.3631099999999998,1.3626269910278725,-0.17364856333620504,0.03175349632956227,-0.16874924964755167,0.028476309256611716,0.023373671854332864,17
2026-05-11,2026-05-11 01:30:00,150184,455,PPI y/y,CNY,medium,1.7,GBP/USD,6h,360,z=-0.50,-0.09672961101471887,1.603270388985281,0.04855045431433816,1.3631099999999998,1.363771796097804,-0.17364856333620504,0.03175349632956227,-0.16874924964755167,0.028476309256611716,0.023373671854332864,17
2026-05-11,2026-05-11 01:30:00,150184,455,PPI y/y,CNY,medium,1.7,GBP/USD,6h,360,z=-1.00,-0.19345922202943774,1.5065407779705622,0.06534741229911405,1.3631099999999998,1.3640007571117903,-0.17364856333620504,0.03175349632956227,-0.16874924964755167,0.028476309256611716,0.023373671854332864,17
2026-05-11,2026-05-11 01:30:00,150184,455,PPI y/y,CNY,medium,1.7,GBP/USD,6h,360,z=-2.00,-0.3869184440588755,1.3130815559411244,0.09894132826866582,1.3631099999999998,1.3644586791397628,-0.17364856333620504,0.03175349632956227,-0.16874924964755167,0.028476309256611716,0.023373671854332864,17
2026-05-11,2026-05-11 01:30:00,150184,455,PPI y/y,CNY,medium,1.7,GBP/USD,12h,720,z=+0.00,0.0,1.7,0.13637009798059704,1.3631099999999998,1.3649688744425832,0.2111190443906215,0.13637009798059704,0.1578304134598636,0.024910439412911493,0.026578594009392425,17
2026-05-11,2026-05-11 01:30:00,150184,455,PPI y/y,CNY,medium,1.7,GBP/USD,12h,720,z=+0.50,0.09672961101471887,1.7967296110147188,0.15679156102230102,1.3631099999999998,1.365247241447451,0.2111190443906215,0.13637009798059704,0.1578304134598636,0.024910439412911493,0.026578594009392425,17
2026-05-11,2026-05-11 01:30:00,150184,455,PPI y/y,CNY,medium,1.7,GBP/USD,12h,720,z=+1.00,0.19345922202943774,1.8934592220294377,0.17721302406400502,1.3631099999999998,1.3655256084523189,0.2111190443906215,0.13637009798059704,0.1578304134598636,0.024910439412911493,0.026578594009392425,17
2026-05-11,2026-05-11 01:30:00,150184,455,PPI y/y,CNY,medium,1.7,GBP/USD,12h,720,z=+2.00,0.3869184440588755,2.0869184440588753,0.21805595014741297,1.3631099999999998,1.3660823424620543,0.2111190443906215,0.13637009798059704,0.1578304134598636,0.024910439412911493,0.026578594009392425,17
2026-05-11,2026-05-11 01:30:00,150184,455,PPI y/y,CNY,medium,1.7,GBP/USD,12h,720,z=-0.50,-0.09672961101471887,1.603270388985281,0.11594863493889306,1.3631099999999998,1.3646905074377154,0.2111190443906215,0.13637009798059704,0.1578304134598636,0.024910439412911493,0.026578594009392425,17
2026-05-11,2026-05-11 01:30:00,150184,455,PPI y/y,CNY,medium,1.7,GBP/USD,12h,720,z=-1.00,-0.19345922202943774,1.5065407779705622,0.09552717189718907,1.3631099999999998,1.3644121404328475,0.2111190443906215,0.13637009798059704,0.1578304134598636,0.024910439412911493,0.026578594009392425,17
2026-05-11,2026-05-11 01:30:00,150184,455,PPI y/y,CNY,medium,1.7,GBP/USD,12h,720,z=-2.00,-0.3869184440588755,1.3130815559411244,0.054684245813781104,1.3631099999999998,1.363855406423112,0.2111190443906215,0.13637009798059704,0.1578304134598636,0.024910439412911493,0.026578594009392425,17
2026-05-11,2026-05-11 01:30:00,150184,455,PPI y/y,CNY,medium,1.7,USD/CAD,1m,1,z=+0.00,0.0,1.7,-0.0008072475563349911,1.36764,1.3676289597595206,0.0009753313431182153,-0.0008072475563349911,0.04522063560139779,0.0020449058841944053,3.5180559402348105e-05,17
2026-05-11,2026-05-11 01:30:00,150184,455,PPI y/y,CNY,medium,1.7,USD/CAD,1m,1,z=+0.50,0.09672961101471887,1.7967296110147188,-0.0007129041349047027,1.36764,1.3676302500378894,0.0009753313431182153,-0.0008072475563349911,0.04522063560139779,0.0020449058841944053,3.5180559402348105e-05,17
2026-05-11,2026-05-11 01:30:00,150184,455,PPI y/y,CNY,medium,1.7,USD/CAD,1m,1,z=+1.00,0.19345922202943774,1.8934592220294377,-0.0006185607134744145,1.36764,1.3676315403162582,0.0009753313431182153,-0.0008072475563349911,0.04522063560139779,0.0020449058841944053,3.5180559402348105e-05,17
2026-05-11,2026-05-11 01:30:00,150184,455,PPI y/y,CNY,medium,1.7,USD/CAD,1m,1,z=+2.00,0.3869184440588755,2.0869184440588753,-0.00042987387061383796,1.36764,1.3676341208729959,0.0009753313431182153,-0.0008072475563349911,0.04522063560139779,0.0020449058841944053,3.5180559402348105e-05,17
2026-05-11,2026-05-11 01:30:00,150184,455,PPI y/y,CNY,medium,1.7,USD/CAD,1m,1,z=-0.50,-0.09672961101471887,1.603270388985281,-0.0009015909777652794,1.36764,1.3676276694811518,0.0009753313431182153,-0.0008072475563349911,0.04522063560139779,0.0020449058841944053,3.5180559402348105e-05,17
2026-05-11,2026-05-11 01:30:00,150184,455,PPI y/y,CNY,medium,1.7,USD/CAD,1m,1,z=-1.00,-0.19345922202943774,1.5065407779705622,-0.0009959343991955676,1.36764,1.3676263792027827,0.0009753313431182153,-0.0008072475563349911,0.04522063560139779,0.0020449058841944053,3.5180559402348105e-05,17
2026-05-11,2026-05-11 01:30:00,150184,455,PPI y/y,CNY,medium,1.7,USD/CAD,1m,1,z=-2.00,-0.3869184440588755,1.3130815559411244,-0.001184621242056144,1.36764,1.367623798646045,0.0009753313431182153,-0.0008072475563349911,0.04522063560139779,0.0020449058841944053,3.5180559402348105e-05,17
2026-05-11,2026-05-11 01:30:00,150184,455,PPI y/y,CNY,medium,1.7,USD/CAD,5m,5,z=+0.00,0.0,1.7,-0.008554430816591838,1.36764,1.36752300618238,0.003953248784429486,-0.008554430816591838,0.05193463218810652,0.0026972060205139098,0.0001637665137686141,17
2026-05-11,2026-05-11 01:30:00,150184,455,PPI y/y,CNY,medium,1.7,USD/CAD,5m,5,z=+0.50,0.09672961101471887,1.7967296110147188,-0.008172034599429563,1.36764,1.3675282359860044,0.003953248784429486,-0.008554430816591838,0.05193463218810652,0.0026972060205139098,0.0001637665137686141,17
2026-05-11,2026-05-11 01:30:00,150184,455,PPI y/y,CNY,medium,1.7,USD/CAD,5m,5,z=+1.00,0.19345922202943774,1.8934592220294377,-0.007789638382267289,1.36764,1.3675334657896288,0.003953248784429486,-0.008554430816591838,0.05193463218810652,0.0026972060205139098,0.0001637665137686141,17
2026-05-11,2026-05-11 01:30:00,150184,455,PPI y/y,CNY,medium,1.7,USD/CAD,5m,5,z=+2.00,0.3869184440588755,2.0869184440588753,-0.00702484594794274,1.36764,1.3675439253968775,0.003953248784429486,-0.008554430816591838,0.05193463218810652,0.0026972060205139098,0.0001637665137686141,17
2026-05-11,2026-05-11 01:30:00,150184,455,PPI y/y,CNY,medium,1.7,USD/CAD,5m,5,z=-0.50,-0.09672961101471887,1.603270388985281,-0.008936827033754112,1.36764,1.3675177763787556,0.003953248784429486,-0.008554430816591838,0.05193463218810652,0.0026972060205139098,0.0001637665137686141,17
2026-05-11,2026-05-11 01:30:00,150184,455,PPI y/y,CNY,medium,1.7,USD/CAD,5m,5,z=-1.00,-0.19345922202943774,1.5065407779705622,-0.009319223250916386,1.36764,1.3675125465751312,0.003953248784429486,-0.008554430816591838,0.05193463218810652,0.0026972060205139098,0.0001637665137686141,17
2026-05-11,2026-05-11 01:30:00,150184,455,PPI y/y,CNY,medium,1.7,USD/CAD,5m,5,z=-2.00,-0.3869184440588755,1.3130815559411244,-0.010084015685240935,1.36764,1.3675020869678824,0.003953248784429486,-0.008554430816591838,0.05193463218810652,0.0026972060205139098,0.0001637665137686141,17
2026-05-11,2026-05-11 01:30:00,150184,455,PPI y/y,CNY,medium,1.7,USD/CAD,15m,15,z=+0.00,0.0,1.7,-0.009181513593371302,1.36764,1.3675144299474915,-0.008882896242113698,-0.009181513593371302,-0.07018607680206969,0.004926085376866025,0.0004973011393887615,17
2026-05-11,2026-05-11 01:30:00,150184,455,PPI y/y,CNY,medium,1.7,USD/CAD,15m,15,z=+0.50,0.09672961101471887,1.7967296110147188,-0.010040752691555068,1.36764,1.3675026786498892,-0.008882896242113698,-0.009181513593371302,-0.07018607680206969,0.004926085376866025,0.0004973011393887615,17
2026-05-11,2026-05-11 01:30:00,150184,455,PPI y/y,CNY,medium,1.7,USD/CAD,15m,15,z=+1.00,0.19345922202943774,1.8934592220294377,-0.010899991789738835,1.36764,1.3674909273522868,-0.008882896242113698,-0.009181513593371302,-0.07018607680206969,0.004926085376866025,0.0004973011393887615,17
2026-05-11,2026-05-11 01:30:00,150184,455,PPI y/y,CNY,medium,1.7,USD/CAD,15m,15,z=+2.00,0.3869184440588755,2.0869184440588753,-0.012618469986106367,1.36764,1.367467424757082,-0.008882896242113698,-0.009181513593371302,-0.07018607680206969,0.004926085376866025,0.0004973011393887615,17
2026-05-11,2026-05-11 01:30:00,150184,455,PPI y/y,CNY,medium,1.7,USD/CAD,15m,15,z=-0.50,-0.09672961101471887,1.603270388985281,-0.008322274495187536,1.36764,1.367526181245094,-0.008882896242113698,-0.009181513593371302,-0.07018607680206969,0.004926085376866025,0.0004973011393887615,17
2026-05-11,2026-05-11 01:30:00,150184,455,PPI y/y,CNY,medium,1.7,USD/CAD,15m,15,z=-1.00,-0.19345922202943774,1.5065407779705622,-0.00746303539700377,1.36764,1.3675379325426964,-0.008882896242113698,-0.009181513593371302,-0.07018607680206969,0.004926085376866025,0.0004973011393887615,17
2026-05-11,2026-05-11 01:30:00,150184,455,PPI y/y,CNY,medium,1.7,USD/CAD,15m,15,z=-2.00,-0.3869184440588755,1.3130815559411244,-0.005744557200636238,1.36764,1.367561435137901,-0.008882896242113698,-0.009181513593371302,-0.07018607680206969,0.004926085376866025,0.0004973011393887615,17
2026-05-11,2026-05-11 01:30:00,150184,455,PPI y/y,CNY,medium,1.7,USD/CAD,30m,30,z=+0.00,0.0,1.7,-0.012577656192410752,1.36764,1.36746798294285,-0.00197227859252437,-0.012577656192410752,-0.013799200190012779,0.00019041792588404873,2.1708812801377344e-05,17
2026-05-11,2026-05-11 01:30:00,150184,455,PPI y/y,CNY,medium,1.7,USD/CAD,30m,30,z=+0.50,0.09672961101471887,1.7967296110147188,-0.012768433933478292,1.36764,1.367465373790152,-0.00197227859252437,-0.012577656192410752,-0.013799200190012779,0.00019041792588404873,2.1708812801377344e-05,17
2026-05-11,2026-05-11 01:30:00,150184,455,PPI y/y,CNY,medium,1.7,USD/CAD,30m,30,z=+1.00,0.19345922202943774,1.8934592220294377,-0.01295921167454583,1.36764,1.3674627646374542,-0.00197227859252437,-0.012577656192410752,-0.013799200190012779,0.00019041792588404873,2.1708812801377344e-05,17
2026-05-11,2026-05-11 01:30:00,150184,455,PPI y/y,CNY,medium,1.7,USD/CAD,30m,30,z=+2.00,0.3869184440588755,2.0869184440588753,-0.01334076715668091,1.36764,1.3674575463320584,-0.00197227859252437,-0.012577656192410752,-0.013799200190012779,0.00019041792588404873,2.1708812801377344e-05,17
2026-05-11,2026-05-11 01:30:00,150184,455,PPI y/y,CNY,medium,1.7,USD/CAD,30m,30,z=-0.50,-0.09672961101471887,1.603270388985281,-0.012386878451343212,1.36764,1.367470592095548,-0.00197227859252437,-0.012577656192410752,-0.013799200190012779,0.00019041792588404873,2.1708812801377344e-05,17
2026-05-11,2026-05-11 01:30:00,150184,455,PPI y/y,CNY,medium,1.7,USD/CAD,30m,30,z=-1.00,-0.19345922202943774,1.5065407779705622,-0.012196100710275673,1.36764,1.367473201248246,-0.00197227859252437,-0.012577656192410752,-0.013799200190012779,0.00019041792588404873,2.1708812801377344e-05,17
2026-05-11,2026-05-11 01:30:00,150184,455,PPI y/y,CNY,medium,1.7,USD/CAD,30m,30,z=-2.00,-0.3869184440588755,1.3130815559411244,-0.011814545228140594,1.36764,1.3674784195536418,-0.00197227859252437,-0.012577656192410752,-0.013799200190012779,0.00019041792588404873,2.1708812801377344e-05,17
2026-05-11,2026-05-11 01:30:00,150184,455,PPI y/y,CNY,medium,1.7,USD/CAD,1h,60,z=+0.00,0.0,1.7,-0.024586440926123734,1.36764,1.367303745999318,-0.04195259856910021,-0.024586440926123734,-0.1693573811471852,0.028681922549032964,0.005667309013946065,17
2026-05-11,2026-05-11 01:30:00,150184,455,PPI y/y,CNY,medium,1.7,USD/CAD,1h,60,z=+0.50,0.09672961101471887,1.7967296110147188,-0.02864449946676945,1.36764,1.3672482463674926,-0.04195259856910021,-0.024586440926123734,-0.1693573811471852,0.028681922549032964,0.005667309013946065,17
2026-05-11,2026-05-11 01:30:00,150184,455,PPI y/y,CNY,medium,1.7,USD/CAD,1h,60,z=+1.00,0.19345922202943774,1.8934592220294377,-0.032702558007415165,1.36764,1.3671927467356675,-0.04195259856910021,-0.024586440926123734,-0.1693573811471852,0.028681922549032964,0.005667309013946065,17
2026-05-11,2026-05-11 01:30:00,150184,455,PPI y/y,CNY,medium,1.7,USD/CAD,1h,60,z=+2.00,0.3869184440588755,2.0869184440588753,-0.040818675088706596,1.36764,1.3670817474720167,-0.04195259856910021,-0.024586440926123734,-0.1693573811471852,0.028681922549032964,0.005667309013946065,17
2026-05-11,2026-05-11 01:30:00,150184,455,PPI y/y,CNY,medium,1.7,USD/CAD,1h,60,z=-0.50,-0.09672961101471887,1.603270388985281,-0.02052838238547802,1.36764,1.3673592456311432,-0.04195259856910021,-0.024586440926123734,-0.1693573811471852,0.028681922549032964,0.005667309013946065,17
2026-05-11,2026-05-11 01:30:00,150184,455,PPI y/y,CNY,medium,1.7,USD/CAD,1h,60,z=-1.00,-0.19345922202943774,1.5065407779705622,-0.016470323844832303,1.36764,1.3674147452629686,-0.04195259856910021,-0.024586440926123734,-0.1693573811471852,0.028681922549032964,0.005667309013946065,17
2026-05-11,2026-05-11 01:30:00,150184,455,PPI y/y,CNY,medium,1.7,USD/CAD,1h,60,z=-2.00,-0.3869184440588755,1.3130815559411244,-0.008354206763540876,1.36764,1.3675257445266191,-0.04195259856910021,-0.024586440926123734,-0.1693573811471852,0.028681922549032964,0.005667309013946065,17
2026-05-11,2026-05-11 01:30:00,150184,455,PPI y/y,CNY,medium,1.7,USD/CAD,2h,120,z=+0.00,0.0,1.7,-0.03393394390405441,1.36764,1.3671759058095907,-0.11389133406512025,-0.03393394390405441,-0.2598956874322244,0.06754576834586849,0.023610416638397705,17
2026-05-11,2026-05-11 01:30:00,150184,455,PPI y/y,CNY,medium,1.7,USD/CAD,2h,120,z=+0.50,0.09672961101471887,1.7967296110147188,-0.04495060834612089,1.36764,1.3670252375000151,-0.11389133406512025,-0.03393394390405441,-0.2598956874322244,0.06754576834586849,0.023610416638397705,17
2026-05-11,2026-05-11 01:30:00,150184,455,PPI y/y,CNY,medium,1.7,USD/CAD,2h,120,z=+1.00,0.19345922202943774,1.8934592220294377,-0.055967272788187375,1.36764,1.3668745691904396,-0.11389133406512025,-0.03393394390405441,-0.2598956874322244,0.06754576834586849,0.023610416638397705,17
2026-05-11,2026-05-11 01:30:00,150184,455,PPI y/y,CNY,medium,1.7,USD/CAD,2h,120,z=+2.00,0.3869184440588755,2.0869184440588753,-0.07800060167232034,1.36764,1.3665732325712887,-0.11389133406512025,-0.03393394390405441,-0.2598956874322244,0.06754576834586849,0.023610416638397705,17
2026-05-11,2026-05-11 01:30:00,150184,455,PPI y/y,CNY,medium,1.7,USD/CAD,2h,120,z=-0.50,-0.09672961101471887,1.603270388985281,-0.022917279461987926,1.36764,1.367326574119166,-0.11389133406512025,-0.03393394390405441,-0.2598956874322244,0.06754576834586849,0.023610416638397705,17
2026-05-11,2026-05-11 01:30:00,150184,455,PPI y/y,CNY,medium,1.7,USD/CAD,2h,120,z=-1.00,-0.19345922202943774,1.5065407779705622,-0.011900615019921443,1.36764,1.3674772424287416,-0.11389133406512025,-0.03393394390405441,-0.2598956874322244,0.06754576834586849,0.023610416638397705,17
2026-05-11,2026-05-11 01:30:00,150184,455,PPI y/y,CNY,medium,1.7,USD/CAD,2h,120,z=-2.00,-0.3869184440588755,1.3130815559411244,0.010132713864211523,1.36764,1.3677785790478925,-0.11389133406512025,-0.03393394390405441,-0.2598956874322244,0.06754576834586849,0.023610416638397705,17
2026-05-11,2026-05-11 01:30:00,150184,455,PPI y/y,CNY,medium,1.7,USD/CAD,4h,240,z=+0.00,0.0,1.7,-0.05214855039497114,1.36764,1.366926795565378,-0.012906970747120923,-0.05214855039497114,-0.01865623881749005,0.00034805524681522256,0.0001920712292778634,17
2026-05-11,2026-05-11 01:30:00,150184,455,PPI y/y,CNY,medium,1.7,USD/CAD,4h,240,z=+0.50,0.09672961101471887,1.7967296110147188,-0.053397036654718504,1.36764,1.3669097207678953,-0.012906970747120923,-0.05214855039497114,-0.01865623881749005,0.00034805524681522256,0.0001920712292778634,17
2026-05-11,2026-05-11 01:30:00,150184,455,PPI y/y,CNY,medium,1.7,USD/CAD,4h,240,z=+1.00,0.19345922202943774,1.8934592220294377,-0.054645522914465866,1.36764,1.3668926459704125,-0.012906970747120923,-0.05214855039497114,-0.01865623881749005,0.00034805524681522256,0.0001920712292778634,17
2026-05-11,2026-05-11 01:30:00,150184,455,PPI y/y,CNY,medium,1.7,USD/CAD,4h,240,z=+2.00,0.3869184440588755,2.0869184440588753,-0.05714249543396059,1.36764,1.3668584963754469,-0.012906970747120923,-0.05214855039497114,-0.01865623881749005,0.00034805524681522256,0.0001920712292778634,17
2026-05-11,2026-05-11 01:30:00,150184,455,PPI y/y,CNY,medium,1.7,USD/CAD,4h,240,z=-0.50,-0.09672961101471887,1.603270388985281,-0.05090006413522378,1.36764,1.366943870362861,-0.012906970747120923,-0.05214855039497114,-0.01865623881749005,0.00034805524681522256,0.0001920712292778634,17
2026-05-11,2026-05-11 01:30:00,150184,455,PPI y/y,CNY,medium,1.7,USD/CAD,4h,240,z=-1.00,-0.19345922202943774,1.5065407779705622,-0.049651577875476416,1.36764,1.3669609451603437,-0.012906970747120923,-0.05214855039497114,-0.01865623881749005,0.00034805524681522256,0.0001920712292778634,17
2026-05-11,2026-05-11 01:30:00,150184,455,PPI y/y,CNY,medium,1.7,USD/CAD,4h,240,z=-2.00,-0.3869184440588755,1.3130815559411244,-0.04715460535598169,1.36764,1.3669950947553093,-0.012906970747120923,-0.05214855039497114,-0.01865623881749005,0.00034805524681522256,0.0001920712292778634,17
2026-05-11,2026-05-11 01:30:00,150184,455,PPI y/y,CNY,medium,1.7,USD/CAD,6h,360,z=+0.00,0.0,1.7,-0.03142773797481818,1.36764,1.3672101816843611,0.07006187531694777,-0.03142773797481818,0.10745121614064733,0.01154576385010411,0.00600491674642862,17
2026-05-11,2026-05-11 01:30:00,150184,455,PPI y/y,CNY,medium,1.7,USD/CAD,6h,360,z=+0.50,0.09672961101471887,1.7967296110147188,-0.024650680028448092,1.36764,1.3673028674396588,0.07006187531694777,-0.03142773797481818,0.10745121614064733,0.01154576385010411,0.00600491674642862,17
2026-05-11,2026-05-11 01:30:00,150184,455,PPI y/y,CNY,medium,1.7,USD/CAD,6h,360,z=+1.00,0.19345922202943774,1.8934592220294377,-0.017873622082078,1.36764,1.3673955531949566,0.07006187531694777,-0.03142773797481818,0.10745121614064733,0.01154576385010411,0.00600491674642862,17
2026-05-11,2026-05-11 01:30:00,150184,455,PPI y/y,CNY,medium,1.7,USD/CAD,6h,360,z=+2.00,0.3869184440588755,2.0869184440588753,-0.004319506189337817,1.36764,1.367580924705552,0.07006187531694777,-0.03142773797481818,0.10745121614064733,0.01154576385010411,0.00600491674642862,17
2026-05-11,2026-05-11 01:30:00,150184,455,PPI y/y,CNY,medium,1.7,USD/CAD,6h,360,z=-0.50,-0.09672961101471887,1.603270388985281,-0.03820479592118827,1.36764,1.3671174959290633,0.07006187531694777,-0.03142773797481818,0.10745121614064733,0.01154576385010411,0.00600491674642862,17
2026-05-11,2026-05-11 01:30:00,150184,455,PPI y/y,CNY,medium,1.7,USD/CAD,6h,360,z=-1.00,-0.19345922202943774,1.5065407779705622,-0.04498185386755836,1.36764,1.3670248101737656,0.07006187531694777,-0.03142773797481818,0.10745121614064733,0.01154576385010411,0.00600491674642862,17
2026-05-11,2026-05-11 01:30:00,150184,455,PPI y/y,CNY,medium,1.7,USD/CAD,6h,360,z=-2.00,-0.3869184440588755,1.3130815559411244,-0.05853596976029855,1.36764,1.3668394386631701,0.07006187531694777,-0.03142773797481818,0.10745121614064733,0.01154576385010411,0.00600491674642862,17
2026-05-11,2026-05-11 01:30:00,150184,455,PPI y/y,CNY,medium,1.7,USD/CAD,12h,720,z=+0.00,0.0,1.7,-0.021718740362228508,1.36764,1.36734296581931,-0.08538631555078424,-0.021718740362228508,-0.0856138400614014,0.0073297296100592185,0.005831041719557664,17
2026-05-11,2026-05-11 01:30:00,150184,455,PPI y/y,CNY,medium,1.7,USD/CAD,12h,720,z=+0.50,0.09672961101471887,1.7967296110147188,-0.02997812545143591,1.36764,1.367230007165076,-0.08538631555078424,-0.021718740362228508,-0.0856138400614014,0.0073297296100592185,0.005831041719557664,17
2026-05-11,2026-05-11 01:30:00,150184,455,PPI y/y,CNY,medium,1.7,USD/CAD,12h,720,z=+1.00,0.19345922202943774,1.8934592220294377,-0.03823751054064331,1.36764,1.367117048510842,-0.08538631555078424,-0.021718740362228508,-0.0856138400614014,0.0073297296100592185,0.005831041719557664,17
2026-05-11,2026-05-11 01:30:00,150184,455,PPI y/y,CNY,medium,1.7,USD/CAD,12h,720,z=+2.00,0.3869184440588755,2.0869184440588753,-0.05475628071905811,1.36764,1.366891131202374,-0.08538631555078424,-0.021718740362228508,-0.0856138400614014,0.0073297296100592185,0.005831041719557664,17
2026-05-11,2026-05-11 01:30:00,150184,455,PPI y/y,CNY,medium,1.7,USD/CAD,12h,720,z=-0.50,-0.09672961101471887,1.603270388985281,-0.013459355273021107,1.36764,1.367455924473544,-0.08538631555078424,-0.021718740362228508,-0.0856138400614014,0.0073297296100592185,0.005831041719557664,17
2026-05-11,2026-05-11 01:30:00,150184,455,PPI y/y,CNY,medium,1.7,USD/CAD,12h,720,z=-1.00,-0.19345922202943774,1.5065407779705622,-0.0051999701838137055,1.36764,1.3675688831277781,-0.08538631555078424,-0.021718740362228508,-0.0856138400614014,0.0073297296100592185,0.005831041719557664,17
2026-05-11,2026-05-11 01:30:00,150184,455,PPI y/y,CNY,medium,1.7,USD/CAD,12h,720,z=-2.00,-0.3869184440588755,1.3130815559411244,0.011318799994601097,1.36764,1.3677948004362461,-0.08538631555078424,-0.021718740362228508,-0.0856138400614014,0.0073297296100592185,0.005831041719557664,17
2026-05-11,2026-05-11 01:30:00,150184,455,PPI y/y,CNY,medium,1.7,USD/JPY,1m,1,z=+0.00,0.0,1.7,-0.0034674383673355728,156.67450000000002,156.6690674082752,0.008185123124621699,-0.0034674383673355728,0.16018094009395295,0.025657933569382545,0.0010458031666611192,17
2026-05-11,2026-05-11 01:30:00,150184,455,PPI y/y,CNY,medium,1.7,USD/JPY,1m,1,z=+0.50,0.09672961101471887,1.7967296110147188,-0.0026756945913833357,156.67450000000002,156.67030786887744,0.008185123124621699,-0.0034674383673355728,0.16018094009395295,0.025657933569382545,0.0010458031666611192,17
2026-05-11,2026-05-11 01:30:00,150184,455,PPI y/y,CNY,medium,1.7,USD/JPY,1m,1,z=+1.00,0.19345922202943774,1.8934592220294377,-0.0018839508154310982,156.67450000000002,156.6715483294797,0.008185123124621699,-0.0034674383673355728,0.16018094009395295,0.025657933569382545,0.0010458031666611192,17
2026-05-11,2026-05-11 01:30:00,150184,455,PPI y/y,CNY,medium,1.7,USD/JPY,1m,1,z=+2.00,0.3869184440588755,2.0869184440588753,-0.00030046326352662365,156.67450000000002,156.6740292506842,0.008185123124621699,-0.0034674383673355728,0.16018094009395295,0.025657933569382545,0.0010458031666611192,17
2026-05-11,2026-05-11 01:30:00,150184,455,PPI y/y,CNY,medium,1.7,USD/JPY,1m,1,z=-0.50,-0.09672961101471887,1.603270388985281,-0.00425918214328781,156.67450000000002,156.66782694767295,0.008185123124621699,-0.0034674383673355728,0.16018094009395295,0.025657933569382545,0.0010458031666611192,17
2026-05-11,2026-05-11 01:30:00,150184,455,PPI y/y,CNY,medium,1.7,USD/JPY,1m,1,z=-1.00,-0.19345922202943774,1.5065407779705622,-0.005050925919240047,156.67450000000002,156.6665864870707,0.008185123124621699,-0.0034674383673355728,0.16018094009395295,0.025657933569382545,0.0010458031666611192,17
2026-05-11,2026-05-11 01:30:00,150184,455,PPI y/y,CNY,medium,1.7,USD/JPY,1m,1,z=-2.00,-0.3869184440588755,1.3130815559411244,-0.006634413471144521,156.67450000000002,156.66410556586618,0.008185123124621699,-0.0034674383673355728,0.16018094009395295,0.025657933569382545,0.0010458031666611192,17
2026-05-11,2026-05-11 01:30:00,150184,455,PPI y/y,CNY,medium,1.7,USD/JPY,5m,5,z=+0.00,0.0,1.7,-0.008023040172978124,156.67450000000002,156.6619299419242,-0.026948909662500697,-0.008023040172978124,-0.18824103166844203,0.03543468600359939,0.0040464053909238,17
2026-05-11,2026-05-11 01:30:00,150184,455,PPI y/y,CNY,medium,1.7,USD/JPY,5m,5,z=+0.50,0.09672961101471887,1.7967296110147188,-0.010629797721902614,156.67450000000002,156.65784581756822,-0.026948909662500697,-0.008023040172978124,-0.18824103166844203,0.03543468600359939,0.0040464053909238,17
2026-05-11,2026-05-11 01:30:00,150184,455,PPI y/y,CNY,medium,1.7,USD/JPY,5m,5,z=+1.00,0.19345922202943774,1.8934592220294377,-0.013236555270827106,156.67450000000002,156.65376169321223,-0.026948909662500697,-0.008023040172978124,-0.18824103166844203,0.03543468600359939,0.0040464053909238,17
2026-05-11,2026-05-11 01:30:00,150184,455,PPI y/y,CNY,medium,1.7,USD/JPY,5m,5,z=+2.00,0.3869184440588755,2.0869184440588753,-0.01845007036867609,156.67450000000002,156.64559344450024,-0.026948909662500697,-0.008023040172978124,-0.18824103166844203,0.03543468600359939,0.0040464053909238,17
2026-05-11,2026-05-11 01:30:00,150184,455,PPI y/y,CNY,medium,1.7,USD/JPY,5m,5,z=-0.50,-0.09672961101471887,1.603270388985281,-0.005416282624053632,156.67450000000002,156.6660140662802,-0.026948909662500697,-0.008023040172978124,-0.18824103166844203,0.03543468600359939,0.0040464053909238,17
2026-05-11,2026-05-11 01:30:00,150184,455,PPI y/y,CNY,medium,1.7,USD/JPY,5m,5,z=-1.00,-0.19345922202943774,1.5065407779705622,-0.002809525075129141,156.67450000000002,156.6700981906362,-0.026948909662500697,-0.008023040172978124,-0.18824103166844203,0.03543468600359939,0.0040464053909238,17
2026-05-11,2026-05-11 01:30:00,150184,455,PPI y/y,CNY,medium,1.7,USD/JPY,5m,5,z=-2.00,-0.3869184440588755,1.3130815559411244,0.0024039900227198416,156.67450000000002,156.67826643934816,-0.026948909662500697,-0.008023040172978124,-0.18824103166844203,0.03543468600359939,0.0040464053909238,17
2026-05-11,2026-05-11 01:30:00,150184,455,PPI y/y,CNY,medium,1.7,USD/JPY,15m,15,z=+0.00,0.0,1.7,0.005683257236096098,156.67450000000002,156.68340421485837,0.03907052272357662,0.005683257236096098,0.12784811217602568,0.016345139786973644,0.003984349609620156,17
2026-05-11,2026-05-11 01:30:00,150184,455,PPI y/y,CNY,medium,1.7,USD/JPY,15m,15,z=+0.50,0.09672961101471887,1.7967296110147188,0.009462533701289398,156.67450000000002,156.68932537736384,0.03907052272357662,0.005683257236096098,0.12784811217602568,0.016345139786973644,0.003984349609620156,17
2026-05-11,2026-05-11 01:30:00,150184,455,PPI y/y,CNY,medium,1.7,USD/JPY,15m,15,z=+1.00,0.19345922202943774,1.8934592220294377,0.013241810166482699,156.67450000000002,156.69524653986932,0.03907052272357662,0.005683257236096098,0.12784811217602568,0.016345139786973644,0.003984349609620156,17
2026-05-11,2026-05-11 01:30:00,150184,455,PPI y/y,CNY,medium,1.7,USD/JPY,15m,15,z=+2.00,0.3869184440588755,2.0869184440588753,0.0208003630968693,156.67450000000002,156.7070888648802,0.03907052272357662,0.005683257236096098,0.12784811217602568,0.016345139786973644,0.003984349609620156,17
2026-05-11,2026-05-11 01:30:00,150184,455,PPI y/y,CNY,medium,1.7,USD/JPY,15m,15,z=-0.50,-0.09672961101471887,1.603270388985281,0.0019039807709027973,156.67450000000002,156.67748305235295,0.03907052272357662,0.005683257236096098,0.12784811217602568,0.016345139786973644,0.003984349609620156,17
2026-05-11,2026-05-11 01:30:00,150184,455,PPI y/y,CNY,medium,1.7,USD/JPY,15m,15,z=-1.00,-0.19345922202943774,1.5065407779705622,-0.0018752956942905035,156.67450000000002,156.67156188984748,0.03907052272357662,0.005683257236096098,0.12784811217602568,0.016345139786973644,0.003984349609620156,17
2026-05-11,2026-05-11 01:30:00,150184,455,PPI y/y,CNY,medium,1.7,USD/JPY,15m,15,z=-2.00,-0.3869184440588755,1.3130815559411244,-0.009433848624677105,156.67450000000002,156.65971956483656,0.03907052272357662,0.005683257236096098,0.12784811217602568,0.016345139786973644,0.003984349609620156,17
2026-05-11,2026-05-11 01:30:00,150184,455,PPI y/y,CNY,medium,1.7,USD/JPY,30m,30,z=+0.00,0.0,1.7,0.0017275646491479466,156.67450000000002,156.67720665327627,0.0069826717017854355,0.0017275646491479466,0.023258674010581154,0.0005409659167304832,0.0001295449456343729,17
2026-05-11,2026-05-11 01:30:00,150184,455,PPI y/y,CNY,medium,1.7,USD/JPY,30m,30,z=+0.50,0.09672961101471887,1.7967296110147188,0.0024029957667051367,156.67450000000002,156.67826488160253,0.0069826717017854355,0.0017275646491479466,0.023258674010581154,0.0005409659167304832,0.0001295449456343729,17
2026-05-11,2026-05-11 01:30:00,150184,455,PPI y/y,CNY,medium,1.7,USD/JPY,30m,30,z=+1.00,0.19345922202943774,1.8934592220294377,0.003078426884262327,156.67450000000002,156.67932310992882,0.0069826717017854355,0.0017275646491479466,0.023258674010581154,0.0005409659167304832,0.0001295449456343729,17
2026-05-11,2026-05-11 01:30:00,150184,455,PPI y/y,CNY,medium,1.7,USD/JPY,30m,30,z=+2.00,0.3869184440588755,2.0869184440588753,0.004429289119376708,156.67450000000002,156.68143956658136,0.0069826717017854355,0.0017275646491479466,0.023258674010581154,0.0005409659167304832,0.0001295449456343729,17
2026-05-11,2026-05-11 01:30:00,150184,455,PPI y/y,CNY,medium,1.7,USD/JPY,30m,30,z=-0.50,-0.09672961101471887,1.603270388985281,0.0010521335315907565,156.67450000000002,156.67614842494996,0.0069826717017854355,0.0017275646491479466,0.023258674010581154,0.0005409659167304832,0.0001295449456343729,17
2026-05-11,2026-05-11 01:30:00,150184,455,PPI y/y,CNY,medium,1.7,USD/JPY,30m,30,z=-1.00,-0.19345922202943774,1.5065407779705622,0.00037670241403356614,156.67450000000002,156.6750901966237,0.0069826717017854355,0.0017275646491479466,0.023258674010581154,0.0005409659167304832,0.0001295449456343729,17
2026-05-11,2026-05-11 01:30:00,150184,455,PPI y/y,CNY,medium,1.7,USD/JPY,30m,30,z=-2.00,-0.3869184440588755,1.3130815559411244,-0.0009741598210808143,156.67450000000002,156.67297373997116,0.0069826717017854355,0.0017275646491479466,0.023258674010581154,0.0005409659167304832,0.0001295449456343729,17
2026-05-11,2026-05-11 01:30:00,150184,455,PPI y/y,CNY,medium,1.7,USD/JPY,1h,60,z=+0.00,0.0,1.7,-0.014975200367472078,156.67450000000002,156.6510376797003,0.04606235261611867,-0.014975200367472078,0.11119667630490178,0.012364700821257105,0.004085562132496127,17
2026-05-11,2026-05-11 01:30:00,150184,455,PPI y/y,CNY,medium,1.7,USD/JPY,1h,60,z=+0.50,0.09672961101471887,1.7967296110147188,-0.010519606916492102,156.67450000000002,156.65801845846164,0.04606235261611867,-0.014975200367472078,0.11119667630490178,0.012364700821257105,0.004085562132496127,17
2026-05-11,2026-05-11 01:30:00,150184,455,PPI y/y,CNY,medium,1.7,USD/JPY,1h,60,z=+1.00,0.19345922202943774,1.8934592220294377,-0.006064013465512124,156.67450000000002,156.664999237223,0.04606235261611867,-0.014975200367472078,0.11119667630490178,0.012364700821257105,0.004085562132496127,17
2026-05-11,2026-05-11 01:30:00,150184,455,PPI y/y,CNY,medium,1.7,USD/JPY,1h,60,z=+2.00,0.3869184440588755,2.0869184440588753,0.0028471734364478307,156.67450000000002,156.6789607947457,0.04606235261611867,-0.014975200367472078,0.11119667630490178,0.012364700821257105,0.004085562132496127,17
2026-05-11,2026-05-11 01:30:00,150184,455,PPI y/y,CNY,medium,1.7,USD/JPY,1h,60,z=-0.50,-0.09672961101471887,1.603270388985281,-0.019430793818452054,156.67450000000002,156.64405690093892,0.04606235261611867,-0.014975200367472078,0.11119667630490178,0.012364700821257105,0.004085562132496127,17
2026-05-11,2026-05-11 01:30:00,150184,455,PPI y/y,CNY,medium,1.7,USD/JPY,1h,60,z=-1.00,-0.19345922202943774,1.5065407779705622,-0.023886387269432034,156.67450000000002,156.63707612217758,0.04606235261611867,-0.014975200367472078,0.11119667630490178,0.012364700821257105,0.004085562132496127,17
2026-05-11,2026-05-11 01:30:00,150184,455,PPI y/y,CNY,medium,1.7,USD/JPY,1h,60,z=-2.00,-0.3869184440588755,1.3130815559411244,-0.03279757417139199,156.67450000000002,156.62311456465486,0.04606235261611867,-0.014975200367472078,0.11119667630490178,0.012364700821257105,0.004085562132496127,17
2026-05-11,2026-05-11 01:30:00,150184,455,PPI y/y,CNY,medium,1.7,USD/JPY,2h,120,z=+0.00,0.0,1.7,-0.024260357678153988,156.67450000000002,156.63649020590958,-0.0088402158522418,-0.024260357678153988,-0.015250409883679272,0.0002325750016202224,0.00010753709080233387,17
2026-05-11,2026-05-11 01:30:00,150184,455,PPI y/y,CNY,medium,1.7,USD/JPY,2h,120,z=+0.50,0.09672961101471887,1.7967296110147188,-0.025115468318827487,156.67450000000002,156.63515046558885,-0.0088402158522418,-0.024260357678153988,-0.015250409883679272,0.0002325750016202224,0.00010753709080233387,17
2026-05-11,2026-05-11 01:30:00,150184,455,PPI y/y,CNY,medium,1.7,USD/JPY,2h,120,z=+1.00,0.19345922202943774,1.8934592220294377,-0.02597057895950099,156.67450000000002,156.63381072526812,-0.0088402158522418,-0.024260357678153988,-0.015250409883679272,0.0002325750016202224,0.00010753709080233387,17
2026-05-11,2026-05-11 01:30:00,150184,455,PPI y/y,CNY,medium,1.7,USD/JPY,2h,120,z=+2.00,0.3869184440588755,2.0869184440588753,-0.02768080024084799,156.67450000000002,156.6311312446267,-0.0088402158522418,-0.024260357678153988,-0.015250409883679272,0.0002325750016202224,0.00010753709080233387,17
2026-05-11,2026-05-11 01:30:00,150184,455,PPI y/y,CNY,medium,1.7,USD/JPY,2h,120,z=-0.50,-0.09672961101471887,1.603270388985281,-0.023405247037480488,156.67450000000002,156.63782994623028,-0.0088402158522418,-0.024260357678153988,-0.015250409883679272,0.0002325750016202224,0.00010753709080233387,17
2026-05-11,2026-05-11 01:30:00,150184,455,PPI y/y,CNY,medium,1.7,USD/JPY,2h,120,z=-1.00,-0.19345922202943774,1.5065407779705622,-0.022550136396806985,156.67450000000002,156.639169686551,-0.0088402158522418,-0.024260357678153988,-0.015250409883679272,0.0002325750016202224,0.00010753709080233387,17
2026-05-11,2026-05-11 01:30:00,150184,455,PPI y/y,CNY,medium,1.7,USD/JPY,2h,120,z=-2.00,-0.3869184440588755,1.3130815559411244,-0.020839915115459986,156.67450000000002,156.64184916719245,-0.0088402158522418,-0.024260357678153988,-0.015250409883679272,0.0002325750016202224,0.00010753709080233387,17
2026-05-11,2026-05-11 01:30:00,150184,455,PPI y/y,CNY,medium,1.7,USD/JPY,4h,240,z=+0.00,0.0,1.7,-0.06049230710535566,156.67450000000002,156.57972398030424,-0.07838032411413505,-0.06049230710535566,-0.09853226458410112,0.009708607164071308,0.00616026531452403,17
2026-05-11,2026-05-11 01:30:00,150184,455,PPI y/y,CNY,medium,1.7,USD/JPY,4h,240,z=+0.50,0.09672961101471887,1.7967296110147188,-0.06807400536812352,156.67450000000002,156.56784539245953,-0.07838032411413505,-0.06049230710535566,-0.09853226458410112,0.009708607164071308,0.00616026531452403,17
2026-05-11,2026-05-11 01:30:00,150184,455,PPI y/y,CNY,medium,1.7,USD/JPY,4h,240,z=+1.00,0.19345922202943774,1.8934592220294377,-0.0756557036308914,156.67450000000002,156.55596680461483,-0.07838032411413505,-0.06049230710535566,-0.09853226458410112,0.009708607164071308,0.00616026531452403,17
2026-05-11,2026-05-11 01:30:00,150184,455,PPI y/y,CNY,medium,1.7,USD/JPY,4h,240,z=+2.00,0.3869184440588755,2.0869184440588753,-0.09081910015642715,156.67450000000002,156.53220962892544,-0.07838032411413505,-0.06049230710535566,-0.09853226458410112,0.009708607164071308,0.00616026531452403,17
2026-05-11,2026-05-11 01:30:00,150184,455,PPI y/y,CNY,medium,1.7,USD/JPY,4h,240,z=-0.50,-0.09672961101471887,1.603270388985281,-0.05291060884258778,156.67450000000002,156.59160256814894,-0.07838032411413505,-0.06049230710535566,-0.09853226458410112,0.009708607164071308,0.00616026531452403,17
2026-05-11,2026-05-11 01:30:00,150184,455,PPI y/y,CNY,medium,1.7,USD/JPY,4h,240,z=-1.00,-0.19345922202943774,1.5065407779705622,-0.045328910579819914,156.67450000000002,156.60348115599365,-0.07838032411413505,-0.06049230710535566,-0.09853226458410112,0.009708607164071308,0.00616026531452403,17
2026-05-11,2026-05-11 01:30:00,150184,455,PPI y/y,CNY,medium,1.7,USD/JPY,4h,240,z=-2.00,-0.3869184440588755,1.3130815559411244,-0.030165514054284165,156.67450000000002,156.62723833168306,-0.07838032411413505,-0.06049230710535566,-0.09853226458410112,0.009708607164071308,0.00616026531452403,17
2026-05-11,2026-05-11 01:30:00,150184,455,PPI y/y,CNY,medium,1.7,USD/JPY,6h,360,z=+0.00,0.0,1.7,-0.027447506105920817,156.67450000000002,156.6314967570461,0.15876563085981166,-0.027447506105920817,0.18864085957962987,0.035585373902941635,0.023889450360844465,17
2026-05-11,2026-05-11 01:30:00,150184,455,PPI y/y,CNY,medium,1.7,USD/JPY,6h,360,z=+0.50,0.09672961101471887,1.7967296110147188,-0.01209016839034479,156.67450000000002,156.65555778912528,0.15876563085981166,-0.027447506105920817,0.18864085957962987,0.035585373902941635,0.023889450360844465,17
2026-05-11,2026-05-11 01:30:00,150184,455,PPI y/y,CNY,medium,1.7,USD/JPY,6h,360,z=+1.00,0.19345922202943774,1.8934592220294377,0.003267169325231238,156.67450000000002,156.67961882120449,0.15876563085981166,-0.027447506105920817,0.18864085957962987,0.035585373902941635,0.023889450360844465,17
2026-05-11,2026-05-11 01:30:00,150184,455,PPI y/y,CNY,medium,1.7,USD/JPY,6h,360,z=+2.00,0.3869184440588755,2.0869184440588753,0.03398184475638329,156.67450000000002,156.72774088536286,0.15876563085981166,-0.027447506105920817,0.18864085957962987,0.035585373902941635,0.023889450360844465,17
2026-05-11,2026-05-11 01:30:00,150184,455,PPI y/y,CNY,medium,1.7,USD/JPY,6h,360,z=-0.50,-0.09672961101471887,1.603270388985281,-0.042804843821496845,156.67450000000002,156.6074357249669,0.15876563085981166,-0.027447506105920817,0.18864085957962987,0.035585373902941635,0.023889450360844465,17
2026-05-11,2026-05-11 01:30:00,150184,455,PPI y/y,CNY,medium,1.7,USD/JPY,6h,360,z=-1.00,-0.19345922202943774,1.5065407779705622,-0.05816218153707287,156.67450000000002,156.58337469288773,0.15876563085981166,-0.027447506105920817,0.18864085957962987,0.035585373902941635,0.023889450360844465,17
2026-05-11,2026-05-11 01:30:00,150184,455,PPI y/y,CNY,medium,1.7,USD/JPY,6h,360,z=-2.00,-0.3869184440588755,1.3130815559411244,-0.08887685696822492,156.67450000000002,156.53525262872935,0.15876563085981166,-0.027447506105920817,0.18864085957962987,0.035585373902941635,0.023889450360844465,17
2026-05-11,2026-05-11 01:30:00,150184,455,PPI y/y,CNY,medium,1.7,USD/JPY,12h,720,z=+0.00,0.0,1.7,0.012334526520960109,156.67450000000002,156.6938250577541,0.8570387740180914,0.012334526520960109,0.4431867759770651,0.19641451840094526,0.30297107058063105,17
2026-05-11,2026-05-11 01:30:00,150184,455,PPI y/y,CNY,medium,1.7,USD/JPY,12h,720,z=+0.50,0.09672961101471887,1.7967296110147188,0.09523555375626164,156.67450000000002,156.82370982766986,0.8570387740180914,0.012334526520960109,0.4431867759770651,0.19641451840094526,0.30297107058063105,17
2026-05-11,2026-05-11 01:30:00,150184,455,PPI y/y,CNY,medium,1.7,USD/JPY,12h,720,z=+1.00,0.19345922202943774,1.8934592220294377,0.17813658099156318,156.67450000000002,156.95359459758566,0.8570387740180914,0.012334526520960109,0.4431867759770651,0.19641451840094526,0.30297107058063105,17
2026-05-11,2026-05-11 01:30:00,150184,455,PPI y/y,CNY,medium,1.7,USD/JPY,12h,720,z=+2.00,0.3869184440588755,2.0869184440588753,0.34393863546216624,156.67450000000002,157.2133641374172,0.8570387740180914,0.012334526520960109,0.4431867759770651,0.19641451840094526,0.30297107058063105,17
2026-05-11,2026-05-11 01:30:00,150184,455,PPI y/y,CNY,medium,1.7,USD/JPY,12h,720,z=-0.50,-0.09672961101471887,1.603270388985281,-0.07056650071434142,156.67450000000002,156.56394028783834,0.8570387740180914,0.012334526520960109,0.4431867759770651,0.19641451840094526,0.30297107058063105,17
2026-05-11,2026-05-11 01:30:00,150184,455,PPI y/y,CNY,medium,1.7,USD/JPY,12h,720,z=-1.00,-0.19345922202943774,1.5065407779705622,-0.15346752794964294,156.67450000000002,156.43405551792256,0.8570387740180914,0.012334526520960109,0.4431867759770651,0.19641451840094526,0.30297107058063105,17
2026-05-11,2026-05-11 01:30:00,150184,455,PPI y/y,CNY,medium,1.7,USD/JPY,12h,720,z=-2.00,-0.3869184440588755,1.3130815559411244,-0.319269582420246,156.67450000000002,156.174285978091,0.8570387740180914,0.012334526520960109,0.4431867759770651,0.19641451840094526,0.30297107058063105,17
2026-05-12,2026-05-12 12:30:00,148330,78,CPI m/m,USD,high,0.6,EUR/USD,1m,1,z=+0.00,0.0,0.6,-0.06045465939589988,1.1785999999999999,1.1778874813843598,-0.3860636154655112,-0.06045465939589988,-0.46184177919035874,0.2132978290057161,0.06739118159049884,15
2026-05-12,2026-05-12 12:30:00,148330,78,CPI m/m,USD,high,0.6,EUR/USD,1m,1,z=+0.50,0.04879500364742666,0.6487950036474266,-0.07929263492067823,1.1785999999999999,1.1776654570048248,-0.3860636154655112,-0.06045465939589988,-0.46184177919035874,0.2132978290057161,0.06739118159049884,15
2026-05-12,2026-05-12 12:30:00,148330,78,CPI m/m,USD,high,0.6,EUR/USD,1m,1,z=+1.00,0.09759000729485331,0.6975900072948533,-0.09813061044545657,1.1785999999999999,1.1774434326252896,-0.3860636154655112,-0.06045465939589988,-0.46184177919035874,0.2132978290057161,0.06739118159049884,15
2026-05-12,2026-05-12 12:30:00,148330,78,CPI m/m,USD,high,0.6,EUR/USD,1m,1,z=+2.00,0.19518001458970663,0.7951800145897066,-0.13580656149501324,1.1785999999999999,1.1769993838662196,-0.3860636154655112,-0.06045465939589988,-0.46184177919035874,0.2132978290057161,0.06739118159049884,15
2026-05-12,2026-05-12 12:30:00,148330,78,CPI m/m,USD,high,0.6,EUR/USD,1m,1,z=-0.50,-0.04879500364742666,0.5512049963525734,-0.04161668387112154,1.1785999999999999,1.1781095057638948,-0.3860636154655112,-0.06045465939589988,-0.46184177919035874,0.2132978290057161,0.06739118159049884,15
2026-05-12,2026-05-12 12:30:00,148330,78,CPI m/m,USD,high,0.6,EUR/USD,1m,1,z=-1.00,-0.09759000729485331,0.5024099927051466,-0.0227787083463432,1.1785999999999999,1.1783315301434298,-0.3860636154655112,-0.06045465939589988,-0.46184177919035874,0.2132978290057161,0.06739118159049884,15
2026-05-12,2026-05-12 12:30:00,148330,78,CPI m/m,USD,high,0.6,EUR/USD,1m,1,z=-2.00,-0.19518001458970663,0.40481998541029335,0.014897242703213485,1.1785999999999999,1.1787755789024998,-0.3860636154655112,-0.06045465939589988,-0.46184177919035874,0.2132978290057161,0.06739118159049884,15
2026-05-12,2026-05-12 12:30:00,148330,78,CPI m/m,USD,high,0.6,EUR/USD,5m,5,z=+0.00,0.0,0.6,-0.08563375649939906,1.1785999999999999,1.177590720545898,-0.5159771791728798,-0.08563375649939906,-0.3861834926182296,0.1491376899708142,0.07531390736951246,15
2026-05-12,2026-05-12 12:30:00,148330,78,CPI m/m,USD,high,0.6,EUR/USD,5m,5,z=+0.50,0.04879500364742666,0.6487950036474266,-0.11081086483912864,1.1785999999999999,1.177293983147006,-0.5159771791728798,-0.08563375649939906,-0.3861834926182296,0.1491376899708142,0.07531390736951246,15
2026-05-12,2026-05-12 12:30:00,148330,78,CPI m/m,USD,high,0.6,EUR/USD,5m,5,z=+1.00,0.09759000729485331,0.6975900072948533,-0.13598797317885822,1.1785999999999999,1.176997245748114,-0.5159771791728798,-0.08563375649939906,-0.3861834926182296,0.1491376899708142,0.07531390736951246,15
2026-05-12,2026-05-12 12:30:00,148330,78,CPI m/m,USD,high,0.6,EUR/USD,5m,5,z=+2.00,0.19518001458970663,0.7951800145897066,-0.1863421898583174,1.1785999999999999,1.1764037709503299,-0.5159771791728798,-0.08563375649939906,-0.3861834926182296,0.1491376899708142,0.07531390736951246,15
2026-05-12,2026-05-12 12:30:00,148330,78,CPI m/m,USD,high,0.6,EUR/USD,5m,5,z=-0.50,-0.04879500364742666,0.5512049963525734,-0.060456648159669474,1.1785999999999999,1.17788745794479,-0.5159771791728798,-0.08563375649939906,-0.3861834926182296,0.1491376899708142,0.07531390736951246,15
2026-05-12,2026-05-12 12:30:00,148330,78,CPI m/m,USD,high,0.6,EUR/USD,5m,5,z=-1.00,-0.09759000729485331,0.5024099927051466,-0.035279539819939885,1.1785999999999999,1.178184195343682,-0.5159771791728798,-0.08563375649939906,-0.3861834926182296,0.1491376899708142,0.07531390736951246,15
2026-05-12,2026-05-12 12:30:00,148330,78,CPI m/m,USD,high,0.6,EUR/USD,5m,5,z=-2.00,-0.19518001458970663,0.40481998541029335,0.015074676859519284,1.1785999999999999,1.1787776701414663,-0.5159771791728798,-0.08563375649939906,-0.3861834926182296,0.1491376899708142,0.07531390736951246,15
2026-05-12,2026-05-12 12:30:00,148330,78,CPI m/m,USD,high,0.6,EUR/USD,15m,15,z=+0.00,0.0,0.6,-0.10841251303978341,1.1785999999999999,1.177322250121313,-0.25992058548064434,-0.10841251303978341,-0.22324189912975187,0.04983694552705831,0.021931450957976863,15
2026-05-12,2026-05-12 12:30:00,148330,78,CPI m/m,USD,high,0.6,EUR/USD,15m,15,z=+0.50,0.04879500364742666,0.6487950036474266,-0.12109533895635273,1.1785999999999999,1.1771727703350603,-0.25992058548064434,-0.10841251303978341,-0.22324189912975187,0.04983694552705831,0.021931450957976863,15
2026-05-12,2026-05-12 12:30:00,148330,78,CPI m/m,USD,high,0.6,EUR/USD,15m,15,z=+1.00,0.09759000729485331,0.6975900072948533,-0.13377816487292205,1.1785999999999999,1.1770232905488076,-0.25992058548064434,-0.10841251303978341,-0.22324189912975187,0.04983694552705831,0.021931450957976863,15
2026-05-12,2026-05-12 12:30:00,148330,78,CPI m/m,USD,high,0.6,EUR/USD,15m,15,z=+2.00,0.19518001458970663,0.7951800145897066,-0.15914381670606068,1.1785999999999999,1.1767243309763022,-0.25992058548064434,-0.10841251303978341,-0.22324189912975187,0.04983694552705831,0.021931450957976863,15
2026-05-12,2026-05-12 12:30:00,148330,78,CPI m/m,USD,high,0.6,EUR/USD,15m,15,z=-0.50,-0.04879500364742666,0.5512049963525734,-0.0957296871232141,1.1785999999999999,1.1774717299075657,-0.25992058548064434,-0.10841251303978341,-0.22324189912975187,0.04983694552705831,0.021931450957976863,15
2026-05-12,2026-05-12 12:30:00,148330,78,CPI m/m,USD,high,0.6,EUR/USD,15m,15,z=-1.00,-0.09759000729485331,0.5024099927051466,-0.08304686120664478,1.1785999999999999,1.1776212096938183,-0.25992058548064434,-0.10841251303978341,-0.22324189912975187,0.04983694552705831,0.021931450957976863,15
2026-05-12,2026-05-12 12:30:00,148330,78,CPI m/m,USD,high,0.6,EUR/USD,15m,15,z=-2.00,-0.19518001458970663,0.40481998541029335,-0.05768120937350616,1.1785999999999999,1.1779201692663237,-0.25992058548064434,-0.10841251303978341,-0.22324189912975187,0.04983694552705831,0.021931450957976863,15
2026-05-12,2026-05-12 12:30:00,148330,78,CPI m/m,USD,high,0.6,EUR/USD,30m,30,z=+0.00,0.0,0.6,-0.10890132222984912,1.1785999999999999,1.177316489016199,0.11191662507774526,-0.10890132222984912,0.0752478013093595,0.005662231601892845,0.003183020237709206,15
2026-05-12,2026-05-12 12:30:00,148330,78,CPI m/m,USD,high,0.6,EUR/USD,30m,30,z=+0.50,0.04879500364742666,0.6487950036474266,-0.10344035010097286,1.1785999999999999,1.17738085203371,0.11191662507774526,-0.10890132222984912,0.0752478013093595,0.005662231601892845,0.003183020237709206,15
2026-05-12,2026-05-12 12:30:00,148330,78,CPI m/m,USD,high,0.6,EUR/USD,30m,30,z=+1.00,0.09759000729485331,0.6975900072948533,-0.0979793779720966,1.1785999999999999,1.1774452150512207,0.11191662507774526,-0.10890132222984912,0.0752478013093595,0.005662231601892845,0.003183020237709206,15
2026-05-12,2026-05-12 12:30:00,148330,78,CPI m/m,USD,high,0.6,EUR/USD,30m,30,z=+2.00,0.19518001458970663,0.7951800145897066,-0.08705743371434407,1.1785999999999999,1.1775739410862427,0.11191662507774526,-0.10890132222984912,0.0752478013093595,0.005662231601892845,0.003183020237709206,15
2026-05-12,2026-05-12 12:30:00,148330,78,CPI m/m,USD,high,0.6,EUR/USD,30m,30,z=-0.50,-0.04879500364742666,0.5512049963525734,-0.11436229435872539,1.1785999999999999,1.177252125998688,0.11191662507774526,-0.10890132222984912,0.0752478013093595,0.005662231601892845,0.003183020237709206,15
2026-05-12,2026-05-12 12:30:00,148330,78,CPI m/m,USD,high,0.6,EUR/USD,30m,30,z=-1.00,-0.09759000729485331,0.5024099927051466,-0.11982326648760164,1.1785999999999999,1.1771877629811769,0.11191662507774526,-0.10890132222984912,0.0752478013093595,0.005662231601892845,0.003183020237709206,15
2026-05-12,2026-05-12 12:30:00,148330,78,CPI m/m,USD,high,0.6,EUR/USD,30m,30,z=-2.00,-0.19518001458970663,0.40481998541029335,-0.13074521074535417,1.1785999999999999,1.177059036946155,0.11191662507774526,-0.10890132222984912,0.0752478013093595,0.005662231601892845,0.003183020237709206,15
2026-05-12,2026-05-12 12:30:00,148330,78,CPI m/m,USD,high,0.6,EUR/USD,1h,60,z=+0.00,0.0,0.6,-0.09778261935823007,1.1785999999999999,1.1774475340482438,-0.04808933906332372,-0.09778261935823007,-0.03382891165701542,0.0011443952638981536,0.0006148763854010327,15
2026-05-12,2026-05-12 12:30:00,148330,78,CPI m/m,USD,high,0.6,EUR/USD,1h,60,z=+0.50,0.04879500364742666,0.6487950036474266,-0.10012913883322729,1.1785999999999999,1.1774198779697114,-0.04808933906332372,-0.09778261935823007,-0.03382891165701542,0.0011443952638981536,0.0006148763854010327,15
2026-05-12,2026-05-12 12:30:00,148330,78,CPI m/m,USD,high,0.6,EUR/USD,1h,60,z=+1.00,0.09759000729485331,0.6975900072948533,-0.10247565830822451,1.1785999999999999,1.1773922218911792,-0.04808933906332372,-0.09778261935823007,-0.03382891165701542,0.0011443952638981536,0.0006148763854010327,15
2026-05-12,2026-05-12 12:30:00,148330,78,CPI m/m,USD,high,0.6,EUR/USD,1h,60,z=+2.00,0.19518001458970663,0.7951800145897066,-0.10716869725821894,1.1785999999999999,1.1773369097341144,-0.04808933906332372,-0.09778261935823007,-0.03382891165701542,0.0011443952638981536,0.0006148763854010327,15
2026-05-12,2026-05-12 12:30:00,148330,78,CPI m/m,USD,high,0.6,EUR/USD,1h,60,z=-0.50,-0.04879500364742666,0.5512049963525734,-0.09543609988323286,1.1785999999999999,1.1774751901267762,-0.04808933906332372,-0.09778261935823007,-0.03382891165701542,0.0011443952638981536,0.0006148763854010327,15
2026-05-12,2026-05-12 12:30:00,148330,78,CPI m/m,USD,high,0.6,EUR/USD,1h,60,z=-1.00,-0.09759000729485331,0.5024099927051466,-0.09308958040823563,1.1785999999999999,1.1775028462053083,-0.04808933906332372,-0.09778261935823007,-0.03382891165701542,0.0011443952638981536,0.0006148763854010327,15
2026-05-12,2026-05-12 12:30:00,148330,78,CPI m/m,USD,high,0.6,EUR/USD,1h,60,z=-2.00,-0.19518001458970663,0.40481998541029335,-0.0883965414582412,1.1785999999999999,1.1775581583623729,-0.04808933906332372,-0.09778261935823007,-0.03382891165701542,0.0011443952638981536,0.0006148763854010327,15
2026-05-12,2026-05-12 12:30:00,148330,78,CPI m/m,USD,high,0.6,EUR/USD,2h,120,z=+0.00,0.0,0.6,-0.10967063362167082,1.1785999999999999,1.1773074219121349,-0.04666060163606523,-0.10967063362167082,-0.022774711189581066,0.000518687469768829,0.00040165593861725434,15
2026-05-12,2026-05-12 12:30:00,148330,78,CPI m/m,USD,high,0.6,EUR/USD,2h,120,z=+0.50,0.04879500364742666,0.6487950036474266,-0.11194743784869374,1.1785999999999999,1.1772805874975152,-0.04666060163606523,-0.10967063362167082,-0.022774711189581066,0.000518687469768829,0.00040165593861725434,15
2026-05-12,2026-05-12 12:30:00,148330,78,CPI m/m,USD,high,0.6,EUR/USD,2h,120,z=+1.00,0.09759000729485331,0.6975900072948533,-0.11422424207571666,1.1785999999999999,1.1772537530828955,-0.04666060163606523,-0.10967063362167082,-0.022774711189581066,0.000518687469768829,0.00040165593861725434,15
2026-05-12,2026-05-12 12:30:00,148330,78,CPI m/m,USD,high,0.6,EUR/USD,2h,120,z=+2.00,0.19518001458970663,0.7951800145897066,-0.11877785052976252,1.1785999999999999,1.177200084253656,-0.04666060163606523,-0.10967063362167082,-0.022774711189581066,0.000518687469768829,0.00040165593861725434,15
2026-05-12,2026-05-12 12:30:00,148330,78,CPI m/m,USD,high,0.6,EUR/USD,2h,120,z=-0.50,-0.04879500364742666,0.5512049963525734,-0.1073938293946479,1.1785999999999999,1.1773342563267546,-0.04666060163606523,-0.10967063362167082,-0.022774711189581066,0.000518687469768829,0.00040165593861725434,15
2026-05-12,2026-05-12 12:30:00,148330,78,CPI m/m,USD,high,0.6,EUR/USD,2h,120,z=-1.00,-0.09759000729485331,0.5024099927051466,-0.10511702516762497,1.1785999999999999,1.1773610907413743,-0.04666060163606523,-0.10967063362167082,-0.022774711189581066,0.000518687469768829,0.00040165593861725434,15
2026-05-12,2026-05-12 12:30:00,148330,78,CPI m/m,USD,high,0.6,EUR/USD,2h,120,z=-2.00,-0.19518001458970663,0.40481998541029335,-0.10056341671357912,1.1785999999999999,1.1774147595706135,-0.04666060163606523,-0.10967063362167082,-0.022774711189581066,0.000518687469768829,0.00040165593861725434,15
2026-05-12,2026-05-12 12:30:00,148330,78,CPI m/m,USD,high,0.6,EUR/USD,4h,240,z=+0.00,0.0,0.6,-0.04020466251596408,1.1785999999999999,1.1781261478475866,-0.1944424352555847,-0.04020466251596408,-0.04954611696329349,0.0024548177061403586,0.003641259705517965,15
2026-05-12,2026-05-12 12:30:00,148330,78,CPI m/m,USD,high,0.6,EUR/USD,4h,240,z=+0.50,0.04879500364742666,0.6487950036474266,-0.04969248185347486,1.1785999999999999,1.1780143244088748,-0.1944424352555847,-0.04020466251596408,-0.04954611696329349,0.0024548177061403586,0.003641259705517965,15
2026-05-12,2026-05-12 12:30:00,148330,78,CPI m/m,USD,high,0.6,EUR/USD,4h,240,z=+1.00,0.09759000729485331,0.6975900072948533,-0.059180301190985635,1.1785999999999999,1.177902500970163,-0.1944424352555847,-0.04020466251596408,-0.04954611696329349,0.0024548177061403586,0.003641259705517965,15
2026-05-12,2026-05-12 12:30:00,148330,78,CPI m/m,USD,high,0.6,EUR/USD,4h,240,z=+2.00,0.19518001458970663,0.7951800145897066,-0.07815593986600719,1.1785999999999999,1.177678854092739,-0.1944424352555847,-0.04020466251596408,-0.04954611696329349,0.0024548177061403586,0.003641259705517965,15
2026-05-12,2026-05-12 12:30:00,148330,78,CPI m/m,USD,high,0.6,EUR/USD,4h,240,z=-0.50,-0.04879500364742666,0.5512049963525734,-0.0307168431784533,1.1785999999999999,1.1782379712862985,-0.1944424352555847,-0.04020466251596408,-0.04954611696329349,0.0024548177061403586,0.003641259705517965,15
2026-05-12,2026-05-12 12:30:00,148330,78,CPI m/m,USD,high,0.6,EUR/USD,4h,240,z=-1.00,-0.09759000729485331,0.5024099927051466,-0.021229023840942527,1.1785999999999999,1.1783497947250106,-0.1944424352555847,-0.04020466251596408,-0.04954611696329349,0.0024548177061403586,0.003641259705517965,15
2026-05-12,2026-05-12 12:30:00,148330,78,CPI m/m,USD,high,0.6,EUR/USD,4h,240,z=-2.00,-0.19518001458970663,0.40481998541029335,-0.002253385165920975,1.1785999999999999,1.1785734416024343,-0.1944424352555847,-0.04020466251596408,-0.04954611696329349,0.0024548177061403586,0.003641259705517965,15
2026-05-12,2026-05-12 12:30:00,148330,78,CPI m/m,USD,high,0.6,EUR/USD,6h,360,z=+0.00,0.0,0.6,-0.07897671814993049,1.1785999999999999,1.1776691803998849,-1.1861333547380295,-0.07897671814993049,-0.2690155759859728,0.07236938012306471,0.1206040591519659,15
2026-05-12,2026-05-12 12:30:00,148330,78,CPI m/m,USD,high,0.6,EUR/USD,6h,360,z=+0.50,0.04879500364742666,0.6487950036474266,-0.13685409952070704,1.1785999999999999,1.1769870375830487,-1.1861333547380295,-0.07897671814993049,-0.2690155759859728,0.07236938012306471,0.1206040591519659,15
2026-05-12,2026-05-12 12:30:00,148330,78,CPI m/m,USD,high,0.6,EUR/USD,6h,360,z=+1.00,0.09759000729485331,0.6975900072948533,-0.19473148089148362,1.1785999999999999,1.176304894766213,-1.1861333547380295,-0.07897671814993049,-0.2690155759859728,0.07236938012306471,0.1206040591519659,15
2026-05-12,2026-05-12 12:30:00,148330,78,CPI m/m,USD,high,0.6,EUR/USD,6h,360,z=+2.00,0.19518001458970663,0.7951800145897066,-0.3104862436330368,1.1785999999999999,1.174940609132541,-1.1861333547380295,-0.07897671814993049,-0.2690155759859728,0.07236938012306471,0.1206040591519659,15
2026-05-12,2026-05-12 12:30:00,148330,78,CPI m/m,USD,high,0.6,EUR/USD,6h,360,z=-0.50,-0.04879500364742666,0.5512049963525734,-0.021099336779153918,1.1785999999999999,1.1783513232167209,-1.1861333547380295,-0.07897671814993049,-0.2690155759859728,0.07236938012306471,0.1206040591519659,15
2026-05-12,2026-05-12 12:30:00,148330,78,CPI m/m,USD,high,0.6,EUR/USD,6h,360,z=-1.00,-0.09759000729485331,0.5024099927051466,0.03677804459162265,1.1785999999999999,1.1790334660335566,-1.1861333547380295,-0.07897671814993049,-0.2690155759859728,0.07236938012306471,0.1206040591519659,15
2026-05-12,2026-05-12 12:30:00,148330,78,CPI m/m,USD,high,0.6,EUR/USD,6h,360,z=-2.00,-0.19518001458970663,0.40481998541029335,0.15253280733317578,1.1785999999999999,1.1803977516672288,-1.1861333547380295,-0.07897671814993049,-0.2690155759859728,0.07236938012306471,0.1206040591519659,15
2026-05-12,2026-05-12 12:30:00,148330,78,CPI m/m,USD,high,0.6,EUR/USD,12h,720,z=+0.00,0.0,0.6,-0.02398474678542741,1.1785999999999999,1.1783173157743867,-2.183118355770042,-0.02398474678542741,-0.38346236930244476,0.14704338867104452,0.29865356813524346,12
2026-05-12,2026-05-12 12:30:00,148330,78,CPI m/m,USD,high,0.6,EUR/USD,12h,720,z=+0.50,0.051492865054443726,0.6514928650544437,-0.13639976567697326,1.1785999999999999,1.1769923923617311,-2.183118355770042,-0.02398474678542741,-0.38346236930244476,0.14704338867104452,0.29865356813524346,12
2026-05-12,2026-05-12 12:30:00,148330,78,CPI m/m,USD,high,0.6,EUR/USD,12h,720,z=+1.00,0.10298573010888745,0.7029857301088874,-0.24881478456851913,1.1785999999999999,1.1756674689490754,-2.183118355770042,-0.02398474678542741,-0.38346236930244476,0.14704338867104452,0.29865356813524346,12
2026-05-12,2026-05-12 12:30:00,148330,78,CPI m/m,USD,high,0.6,EUR/USD,12h,720,z=+2.00,0.2059714602177749,0.8059714602177749,-0.4736448223516108,1.1785999999999999,1.1730176221237638,-2.183118355770042,-0.02398474678542741,-0.38346236930244476,0.14704338867104452,0.29865356813524346,12
2026-05-12,2026-05-12 12:30:00,148330,78,CPI m/m,USD,high,0.6,EUR/USD,12h,720,z=-0.50,-0.051492865054443726,0.5485071349455563,0.08843027210611845,1.1785999999999999,1.1796422391870427,-2.183118355770042,-0.02398474678542741,-0.38346236930244476,0.14704338867104452,0.29865356813524346,12
2026-05-12,2026-05-12 12:30:00,148330,78,CPI m/m,USD,high,0.6,EUR/USD,12h,720,z=-1.00,-0.10298573010888745,0.4970142698911125,0.2008452909976643,1.1785999999999999,1.1809671625996983,-2.183118355770042,-0.02398474678542741,-0.38346236930244476,0.14704338867104452,0.29865356813524346,12
2026-05-12,2026-05-12 12:30:00,148330,78,CPI m/m,USD,high,0.6,EUR/USD,12h,720,z=-2.00,-0.2059714602177749,0.3940285397822251,0.42567532878075603,1.1785999999999999,1.1836170094250098,-2.183118355770042,-0.02398474678542741,-0.38346236930244476,0.14704338867104452,0.29865356813524346,12
2026-05-12,2026-05-12 12:30:00,148330,78,CPI m/m,USD,high,0.6,GBP/USD,1m,1,z=+0.00,0.0,0.6,-0.07330224109847978,1.3631099999999998,1.3621108098213623,-0.39886199451841403,-0.07330224109847978,-0.5010346550934567,0.2510357256046191,0.07553381189595224,15
2026-05-12,2026-05-12 12:30:00,148330,78,CPI m/m,USD,high,0.6,GBP/USD,1m,1,z=+0.50,0.04879500364742666,0.6487950036474266,-0.09276471357582566,1.3631099999999998,1.3618455149127764,-0.39886199451841403,-0.07330224109847978,-0.5010346550934567,0.2510357256046191,0.07553381189595224,15
2026-05-12,2026-05-12 12:30:00,148330,78,CPI m/m,USD,high,0.6,GBP/USD,1m,1,z=+1.00,0.09759000729485331,0.6975900072948533,-0.11222718605317156,1.3631099999999998,1.3615802200041904,-0.39886199451841403,-0.07330224109847978,-0.5010346550934567,0.2510357256046191,0.07553381189595224,15
2026-05-12,2026-05-12 12:30:00,148330,78,CPI m/m,USD,high,0.6,GBP/USD,1m,1,z=+2.00,0.19518001458970663,0.7951800145897066,-0.15115213100786332,1.3631099999999998,1.3610496301870185,-0.39886199451841403,-0.07330224109847978,-0.5010346550934567,0.2510357256046191,0.07553381189595224,15
2026-05-12,2026-05-12 12:30:00,148330,78,CPI m/m,USD,high,0.6,GBP/USD,1m,1,z=-0.50,-0.04879500364742666,0.5512049963525734,-0.053839768621133904,1.3631099999999998,1.3623761047299483,-0.39886199451841403,-0.07330224109847978,-0.5010346550934567,0.2510357256046191,0.07553381189595224,15
2026-05-12,2026-05-12 12:30:00,148330,78,CPI m/m,USD,high,0.6,GBP/USD,1m,1,z=-1.00,-0.09759000729485331,0.5024099927051466,-0.03437729614378802,1.3631099999999998,1.3626413996385343,-0.39886199451841403,-0.07330224109847978,-0.5010346550934567,0.2510357256046191,0.07553381189595224,15
2026-05-12,2026-05-12 12:30:00,148330,78,CPI m/m,USD,high,0.6,GBP/USD,1m,1,z=-2.00,-0.19518001458970663,0.40481998541029335,0.004547648810903748,1.3631099999999998,1.3631719894557062,-0.39886199451841403,-0.07330224109847978,-0.5010346550934567,0.2510357256046191,0.07553381189595224,15
2026-05-12,2026-05-12 12:30:00,148330,78,CPI m/m,USD,high,0.6,GBP/USD,5m,5,z=+0.00,0.0,0.6,-0.10348767415455817,1.3631099999999998,1.3616993491648317,-0.4296504722916964,-0.10348767415455817,-0.33541917626741613,0.11250602380791197,0.05446959693312947,15
2026-05-12,2026-05-12 12:30:00,148330,78,CPI m/m,USD,high,0.6,GBP/USD,5m,5,z=+0.50,0.04879500364742666,0.6487950036474266,-0.12445247051715008,1.3631099999999998,1.3614135759291335,-0.4296504722916964,-0.10348767415455817,-0.33541917626741613,0.11250602380791197,0.05446959693312947,15
2026-05-12,2026-05-12 12:30:00,148330,78,CPI m/m,USD,high,0.6,GBP/USD,5m,5,z=+1.00,0.09759000729485331,0.6975900072948533,-0.145417266879742,1.3631099999999998,1.3611278026934353,-0.4296504722916964,-0.10348767415455817,-0.33541917626741613,0.11250602380791197,0.05446959693312947,15
2026-05-12,2026-05-12 12:30:00,148330,78,CPI m/m,USD,high,0.6,GBP/USD,5m,5,z=+2.00,0.19518001458970663,0.7951800145897066,-0.1873468596049258,1.3631099999999998,1.360556256222039,-0.4296504722916964,-0.10348767415455817,-0.33541917626741613,0.11250602380791197,0.05446959693312947,15
2026-05-12,2026-05-12 12:30:00,148330,78,CPI m/m,USD,high,0.6,GBP/USD,5m,5,z=-0.50,-0.04879500364742666,0.5512049963525734,-0.08252287779196626,1.3631099999999998,1.3619851224005297,-0.4296504722916964,-0.10348767415455817,-0.33541917626741613,0.11250602380791197,0.05446959693312947,15
2026-05-12,2026-05-12 12:30:00,148330,78,CPI m/m,USD,high,0.6,GBP/USD,5m,5,z=-1.00,-0.09759000729485331,0.5024099927051466,-0.06155808142937435,1.3631099999999998,1.362270895636228,-0.4296504722916964,-0.10348767415455817,-0.33541917626741613,0.11250602380791197,0.05446959693312947,15
2026-05-12,2026-05-12 12:30:00,148330,78,CPI m/m,USD,high,0.6,GBP/USD,5m,5,z=-2.00,-0.19518001458970663,0.40481998541029335,-0.019628488704190525,1.3631099999999998,1.3628424421076242,-0.4296504722916964,-0.10348767415455817,-0.33541917626741613,0.11250602380791197,0.05446959693312947,15
2026-05-12,2026-05-12 12:30:00,148330,78,CPI m/m,USD,high,0.6,GBP/USD,15m,15,z=+0.00,0.0,0.6,-0.12549609473138443,1.3631099999999998,1.361399350183107,-0.377667307577701,-0.12549609473138443,-0.27560865581621924,0.0759601311608232,0.03934170931028963,15
2026-05-12,2026-05-12 12:30:00,148330,78,CPI m/m,USD,high,0.6,GBP/USD,15m,15,z=+0.50,0.04879500364742666,0.6487950036474266,-0.14392437238215217,1.3631099999999998,1.3611481524876214,-0.377667307577701,-0.12549609473138443,-0.27560865581621924,0.0759601311608232,0.03934170931028963,15
2026-05-12,2026-05-12 12:30:00,148330,78,CPI m/m,USD,high,0.6,GBP/USD,15m,15,z=+1.00,0.09759000729485331,0.6975900072948533,-0.16235265003291988,1.3631099999999998,1.3608969547921361,-0.377667307577701,-0.12549609473138443,-0.27560865581621924,0.0759601311608232,0.03934170931028963,15
2026-05-12,2026-05-12 12:30:00,148330,78,CPI m/m,USD,high,0.6,GBP/USD,15m,15,z=+2.00,0.19518001458970663,0.7951800145897066,-0.19920920533445532,1.3631099999999998,1.3603945594011653,-0.377667307577701,-0.12549609473138443,-0.27560865581621924,0.0759601311608232,0.03934170931028963,15
2026-05-12,2026-05-12 12:30:00,148330,78,CPI m/m,USD,high,0.6,GBP/USD,15m,15,z=-0.50,-0.04879500364742666,0.5512049963525734,-0.1070678170806167,1.3631099999999998,1.3616505478785923,-0.377667307577701,-0.12549609473138443,-0.27560865581621924,0.0759601311608232,0.03934170931028963,15
2026-05-12,2026-05-12 12:30:00,148330,78,CPI m/m,USD,high,0.6,GBP/USD,15m,15,z=-1.00,-0.09759000729485331,0.5024099927051466,-0.08863953942984898,1.3631099999999998,1.3619017455740776,-0.377667307577701,-0.12549609473138443,-0.27560865581621924,0.0759601311608232,0.03934170931028963,15
2026-05-12,2026-05-12 12:30:00,148330,78,CPI m/m,USD,high,0.6,GBP/USD,15m,15,z=-2.00,-0.19518001458970663,0.40481998541029335,-0.05178298412831353,1.3631099999999998,1.3624041409650485,-0.377667307577701,-0.12549609473138443,-0.27560865581621924,0.0759601311608232,0.03934170931028963,15
2026-05-12,2026-05-12 12:30:00,148330,78,CPI m/m,USD,high,0.6,GBP/USD,30m,30,z=+0.00,0.0,0.6,-0.11924796898715796,1.3631099999999998,1.361484519009939,-0.19122337649146004,-0.11924796898715796,-0.12067805133136246,0.014563192073134952,0.008722083722489933,15
2026-05-12,2026-05-12 12:30:00,148330,78,CPI m/m,USD,high,0.6,GBP/USD,30m,30,z=+0.50,0.04879500364742666,0.6487950036474266,-0.128578714340532,1.3631099999999998,1.3613573306869526,-0.19122337649146004,-0.11924796898715796,-0.12067805133136246,0.014563192073134952,0.008722083722489933,15
2026-05-12,2026-05-12 12:30:00,148330,78,CPI m/m,USD,high,0.6,GBP/USD,30m,30,z=+1.00,0.09759000729485331,0.6975900072948533,-0.13790945969390603,1.3631099999999998,1.3612301423639661,-0.19122337649146004,-0.11924796898715796,-0.12067805133136246,0.014563192073134952,0.008722083722489933,15
2026-05-12,2026-05-12 12:30:00,148330,78,CPI m/m,USD,high,0.6,GBP/USD,30m,30,z=+2.00,0.19518001458970663,0.7951800145897066,-0.1565709504006541,1.3631099999999998,1.3609757657179935,-0.19122337649146004,-0.11924796898715796,-0.12067805133136246,0.014563192073134952,0.008722083722489933,15
2026-05-12,2026-05-12 12:30:00,148330,78,CPI m/m,USD,high,0.6,GBP/USD,30m,30,z=-0.50,-0.04879500364742666,0.5512049963525734,-0.10991722363378392,1.3631099999999998,1.3616117073329255,-0.19122337649146004,-0.11924796898715796,-0.12067805133136246,0.014563192073134952,0.008722083722489933,15
2026-05-12,2026-05-12 12:30:00,148330,78,CPI m/m,USD,high,0.6,GBP/USD,30m,30,z=-1.00,-0.09759000729485331,0.5024099927051466,-0.1005864782804099,1.3631099999999998,1.3617388956559118,-0.19122337649146004,-0.11924796898715796,-0.12067805133136246,0.014563192073134952,0.008722083722489933,15
2026-05-12,2026-05-12 12:30:00,148330,78,CPI m/m,USD,high,0.6,GBP/USD,30m,30,z=-2.00,-0.19518001458970663,0.40481998541029335,-0.08192498757366183,1.3631099999999998,1.3619932723018844,-0.19122337649146004,-0.11924796898715796,-0.12067805133136246,0.014563192073134952,0.008722083722489933,15
2026-05-12,2026-05-12 12:30:00,148330,78,CPI m/m,USD,high,0.6,GBP/USD,1h,60,z=+0.00,0.0,0.6,-0.12713662597253342,1.3631099999999998,1.3613769879377056,0.009465337469891269,-0.12713662597253342,0.0061899205761460395,3.8315116738996116e-05,2.214482023311212e-05,15
2026-05-12,2026-05-12 12:30:00,148330,78,CPI m/m,USD,high,0.6,GBP/USD,1h,60,z=+0.50,0.04879500364742666,0.6487950036474266,-0.12667476479616596,1.3631099999999998,1.3613832836135868,0.009465337469891269,-0.12713662597253342,0.0061899205761460395,3.8315116738996116e-05,2.214482023311212e-05,15
2026-05-12,2026-05-12 12:30:00,148330,78,CPI m/m,USD,high,0.6,GBP/USD,1h,60,z=+1.00,0.09759000729485331,0.6975900072948533,-0.12621290361979848,1.3631099999999998,1.3613895792894681,0.009465337469891269,-0.12713662597253342,0.0061899205761460395,3.8315116738996116e-05,2.214482023311212e-05,15
2026-05-12,2026-05-12 12:30:00,148330,78,CPI m/m,USD,high,0.6,GBP/USD,1h,60,z=+2.00,0.19518001458970663,0.7951800145897066,-0.12528918126706354,1.3631099999999998,1.3614021706412303,0.009465337469891269,-0.12713662597253342,0.0061899205761460395,3.8315116738996116e-05,2.214482023311212e-05,15
2026-05-12,2026-05-12 12:30:00,148330,78,CPI m/m,USD,high,0.6,GBP/USD,1h,60,z=-0.50,-0.04879500364742666,0.5512049963525734,-0.12759848714890087,1.3631099999999998,1.3613706922618243,0.009465337469891269,-0.12713662597253342,0.0061899205761460395,3.8315116738996116e-05,2.214482023311212e-05,15
2026-05-12,2026-05-12 12:30:00,148330,78,CPI m/m,USD,high,0.6,GBP/USD,1h,60,z=-1.00,-0.09759000729485331,0.5024099927051466,-0.12806034832526836,1.3631099999999998,1.3613643965859432,0.009465337469891269,-0.12713662597253342,0.0061899205761460395,3.8315116738996116e-05,2.214482023311212e-05,15
2026-05-12,2026-05-12 12:30:00,148330,78,CPI m/m,USD,high,0.6,GBP/USD,1h,60,z=-2.00,-0.19518001458970663,0.40481998541029335,-0.1289840706780033,1.3631099999999998,1.3613518052341809,0.009465337469891269,-0.12713662597253342,0.0061899205761460395,3.8315116738996116e-05,2.214482023311212e-05,15
2026-05-12,2026-05-12 12:30:00,148330,78,CPI m/m,USD,high,0.6,GBP/USD,2h,120,z=+0.00,0.0,0.6,-0.14110343664018943,1.3631099999999998,1.3611866049448138,0.3828360030290037,-0.14110343664018943,0.1911130926737206,0.03652421419131412,0.027653760283417882,15
2026-05-12,2026-05-12 12:30:00,148330,78,CPI m/m,USD,high,0.6,GBP/USD,2h,120,z=+0.50,0.04879500364742666,0.6487950036474266,-0.12242295247602294,1.3631099999999998,1.361441240492504,0.3828360030290037,-0.14110343664018943,0.1911130926737206,0.03652421419131412,0.027653760283417882,15
2026-05-12,2026-05-12 12:30:00,148330,78,CPI m/m,USD,high,0.6,GBP/USD,2h,120,z=+1.00,0.09759000729485331,0.6975900072948533,-0.10374246831185646,1.3631099999999998,1.361695876040194,0.3828360030290037,-0.14110343664018943,0.1911130926737206,0.03652421419131412,0.027653760283417882,15
2026-05-12,2026-05-12 12:30:00,148330,78,CPI m/m,USD,high,0.6,GBP/USD,2h,120,z=+2.00,0.19518001458970663,0.7951800145897066,-0.06638149998352351,1.3631099999999998,1.3622051471355743,0.3828360030290037,-0.14110343664018943,0.1911130926737206,0.03652421419131412,0.027653760283417882,15
2026-05-12,2026-05-12 12:30:00,148330,78,CPI m/m,USD,high,0.6,GBP/USD,2h,120,z=-0.50,-0.04879500364742666,0.5512049963525734,-0.1597839208043559,1.3631099999999998,1.3609319693971236,0.3828360030290037,-0.14110343664018943,0.1911130926737206,0.03652421419131412,0.027653760283417882,15
2026-05-12,2026-05-12 12:30:00,148330,78,CPI m/m,USD,high,0.6,GBP/USD,2h,120,z=-1.00,-0.09759000729485331,0.5024099927051466,-0.1784644049685224,1.3631099999999998,1.3606773338494333,0.3828360030290037,-0.14110343664018943,0.1911130926737206,0.03652421419131412,0.027653760283417882,15
2026-05-12,2026-05-12 12:30:00,148330,78,CPI m/m,USD,high,0.6,GBP/USD,2h,120,z=-2.00,-0.19518001458970663,0.40481998541029335,-0.21582537329685536,1.3631099999999998,1.360168062754053,0.3828360030290037,-0.14110343664018943,0.1911130926737206,0.03652421419131412,0.027653760283417882,15
2026-05-12,2026-05-12 12:30:00,148330,78,CPI m/m,USD,high,0.6,GBP/USD,4h,240,z=+0.00,0.0,0.6,-0.1004419388457857,1.3631099999999998,1.361740865887399,0.6057160305913334,-0.1004419388457857,0.19509902963118336,0.038063631363029364,0.0446658041162873,15
2026-05-12,2026-05-12 12:30:00,148330,78,CPI m/m,USD,high,0.6,GBP/USD,4h,240,z=+0.50,0.04879500364742666,0.6487950036474266,-0.0708860229237768,1.3631099999999998,1.3621437455329235,0.6057160305913334,-0.1004419388457857,0.19509902963118336,0.038063631363029364,0.0446658041162873,15
2026-05-12,2026-05-12 12:30:00,148330,78,CPI m/m,USD,high,0.6,GBP/USD,4h,240,z=+1.00,0.09759000729485331,0.6975900072948533,-0.04133010700176788,1.3631099999999998,1.362546625178448,0.6057160305913334,-0.1004419388457857,0.19509902963118336,0.038063631363029364,0.0446658041162873,15
2026-05-12,2026-05-12 12:30:00,148330,78,CPI m/m,USD,high,0.6,GBP/USD,4h,240,z=+2.00,0.19518001458970663,0.7951800145897066,0.017781724842249935,1.3631099999999998,1.363352384469497,0.6057160305913334,-0.1004419388457857,0.19509902963118336,0.038063631363029364,0.0446658041162873,15
2026-05-12,2026-05-12 12:30:00,148330,78,CPI m/m,USD,high,0.6,GBP/USD,4h,240,z=-0.50,-0.04879500364742666,0.5512049963525734,-0.1299978547677946,1.3631099999999998,1.3613379862418746,0.6057160305913334,-0.1004419388457857,0.19509902963118336,0.038063631363029364,0.0446658041162873,15
2026-05-12,2026-05-12 12:30:00,148330,78,CPI m/m,USD,high,0.6,GBP/USD,4h,240,z=-1.00,-0.09759000729485331,0.5024099927051466,-0.15955377068980353,1.3631099999999998,1.36093510659635,0.6057160305913334,-0.1004419388457857,0.19509902963118336,0.038063631363029364,0.0446658041162873,15
2026-05-12,2026-05-12 12:30:00,148330,78,CPI m/m,USD,high,0.6,GBP/USD,4h,240,z=-2.00,-0.19518001458970663,0.40481998541029335,-0.21866560253382133,1.3631099999999998,1.360129347305301,0.6057160305913334,-0.1004419388457857,0.19509902963118336,0.038063631363029364,0.0446658041162873,15
2026-05-12,2026-05-12 12:30:00,148330,78,CPI m/m,USD,high,0.6,GBP/USD,6h,360,z=+0.00,0.0,0.6,-0.1075926080461794,1.3631099999999998,1.3616433944004616,-0.5199125425045569,-0.1075926080461794,-0.16219845910141398,0.026308340134873064,0.03187337105686076,15
2026-05-12,2026-05-12 12:30:00,148330,78,CPI m/m,USD,high,0.6,GBP/USD,6h,360,z=+0.50,0.04879500364742666,0.6487950036474266,-0.1329617424540321,1.3631099999999998,1.3612975851924347,-0.5199125425045569,-0.1075926080461794,-0.16219845910141398,0.026308340134873064,0.03187337105686076,15
2026-05-12,2026-05-12 12:30:00,148330,78,CPI m/m,USD,high,0.6,GBP/USD,6h,360,z=+1.00,0.09759000729485331,0.6975900072948533,-0.15833087686188485,1.3631099999999998,1.3609517759844076,-0.5199125425045569,-0.1075926080461794,-0.16219845910141398,0.026308340134873064,0.03187337105686076,15
2026-05-12,2026-05-12 12:30:00,148330,78,CPI m/m,USD,high,0.6,GBP/USD,6h,360,z=+2.00,0.19518001458970663,0.7951800145897066,-0.20906914567759027,1.3631099999999998,1.3602601575683542,-0.5199125425045569,-0.1075926080461794,-0.16219845910141398,0.026308340134873064,0.03187337105686076,15
2026-05-12,2026-05-12 12:30:00,148330,78,CPI m/m,USD,high,0.6,GBP/USD,6h,360,z=-0.50,-0.04879500364742666,0.5512049963525734,-0.08222347363832669,1.3631099999999998,1.3619892036084884,-0.5199125425045569,-0.1075926080461794,-0.16219845910141398,0.026308340134873064,0.03187337105686076,15
2026-05-12,2026-05-12 12:30:00,148330,78,CPI m/m,USD,high,0.6,GBP/USD,6h,360,z=-1.00,-0.09759000729485331,0.5024099927051466,-0.05685433923047396,1.3631099999999998,1.3623350128165153,-0.5199125425045569,-0.1075926080461794,-0.16219845910141398,0.026308340134873064,0.03187337105686076,15
2026-05-12,2026-05-12 12:30:00,148330,78,CPI m/m,USD,high,0.6,GBP/USD,6h,360,z=-2.00,-0.19518001458970663,0.40481998541029335,-0.006116070414768526,1.3631099999999998,1.3630266312325692,-0.5199125425045569,-0.1075926080461794,-0.16219845910141398,0.026308340134873064,0.03187337105686076,15
2026-05-12,2026-05-12 12:30:00,148330,78,CPI m/m,USD,high,0.6,GBP/USD,12h,720,z=+0.00,0.0,0.6,-0.07441231420256982,1.3631099999999998,1.3620956783038731,-1.0870918760729662,-0.07441231420256982,-0.2936799576077924,0.08624791750051475,0.11389593765490837,12
2026-05-12,2026-05-12 12:30:00,148330,78,CPI m/m,USD,high,0.6,GBP/USD,12h,720,z=+0.50,0.051492865054443726,0.6514928650544437,-0.13038978947897711,1.3631099999999998,1.361332643740633,-1.0870918760729662,-0.07441231420256982,-0.2936799576077924,0.08624791750051475,0.11389593765490837,12
2026-05-12,2026-05-12 12:30:00,148330,78,CPI m/m,USD,high,0.6,GBP/USD,12h,720,z=+1.00,0.10298573010888745,0.7029857301088874,-0.18636726475538445,1.3631099999999998,1.3605696091773927,-1.0870918760729662,-0.07441231420256982,-0.2936799576077924,0.08624791750051475,0.11389593765490837,12
2026-05-12,2026-05-12 12:30:00,148330,78,CPI m/m,USD,high,0.6,GBP/USD,12h,720,z=+2.00,0.2059714602177749,0.8059714602177749,-0.2983222153081991,1.3631099999999998,1.3590435400509122,-1.0870918760729662,-0.07441231420256982,-0.2936799576077924,0.08624791750051475,0.11389593765490837,12
2026-05-12,2026-05-12 12:30:00,148330,78,CPI m/m,USD,high,0.6,GBP/USD,12h,720,z=-0.50,-0.051492865054443726,0.5485071349455563,-0.018434838926162503,1.3631099999999998,1.3628587128671135,-1.0870918760729662,-0.07441231420256982,-0.2936799576077924,0.08624791750051475,0.11389593765490837,12
2026-05-12,2026-05-12 12:30:00,148330,78,CPI m/m,USD,high,0.6,GBP/USD,12h,720,z=-1.00,-0.10298573010888745,0.4970142698911125,0.03754263635024481,1.3631099999999998,1.3636217474303538,-1.0870918760729662,-0.07441231420256982,-0.2936799576077924,0.08624791750051475,0.11389593765490837,12
2026-05-12,2026-05-12 12:30:00,148330,78,CPI m/m,USD,high,0.6,GBP/USD,12h,720,z=-2.00,-0.2059714602177749,0.3940285397822251,0.14949758690305942,1.3631099999999998,1.365147816556834,-1.0870918760729662,-0.07441231420256982,-0.2936799576077924,0.08624791750051475,0.11389593765490837,12
2026-05-12,2026-05-12 12:30:00,148330,78,CPI m/m,USD,high,0.6,USD/CAD,1m,1,z=+0.00,0.0,0.6,-0.075543234565483,1.36764,1.3666068405067886,-0.003166647707047969,-0.075543234565483,-0.004653317516661468,2.1653363910868447e-05,5.569464213313754e-06,15
2026-05-12,2026-05-12 12:30:00,148330,78,CPI m/m,USD,high,0.6,USD/CAD,1m,1,z=+0.50,0.04879500364742666,0.6487950036474266,-0.07569775115189852,1.36764,1.3666047272761461,-0.003166647707047969,-0.075543234565483,-0.004653317516661468,2.1653363910868447e-05,5.569464213313754e-06,15
2026-05-12,2026-05-12 12:30:00,148330,78,CPI m/m,USD,high,0.6,USD/CAD,1m,1,z=+1.00,0.09759000729485331,0.6975900072948533,-0.07585226773831404,1.36764,1.3666026140455036,-0.003166647707047969,-0.075543234565483,-0.004653317516661468,2.1653363910868447e-05,5.569464213313754e-06,15
2026-05-12,2026-05-12 12:30:00,148330,78,CPI m/m,USD,high,0.6,USD/CAD,1m,1,z=+2.00,0.19518001458970663,0.7951800145897066,-0.07616130091114508,1.36764,1.3665983875842187,-0.003166647707047969,-0.075543234565483,-0.004653317516661468,2.1653363910868447e-05,5.569464213313754e-06,15
2026-05-12,2026-05-12 12:30:00,148330,78,CPI m/m,USD,high,0.6,USD/CAD,1m,1,z=-0.50,-0.04879500364742666,0.5512049963525734,-0.07538871797906747,1.36764,1.366608953737431,-0.003166647707047969,-0.075543234565483,-0.004653317516661468,2.1653363910868447e-05,5.569464213313754e-06,15
2026-05-12,2026-05-12 12:30:00,148330,78,CPI m/m,USD,high,0.6,USD/CAD,1m,1,z=-1.00,-0.09759000729485331,0.5024099927051466,-0.07523420139265195,1.36764,1.3666110669680736,-0.003166647707047969,-0.075543234565483,-0.004653317516661468,2.1653363910868447e-05,5.569464213313754e-06,15
2026-05-12,2026-05-12 12:30:00,148330,78,CPI m/m,USD,high,0.6,USD/CAD,1m,1,z=-2.00,-0.19518001458970663,0.40481998541029335,-0.07492516821982091,1.36764,1.3666152934293585,-0.003166647707047969,-0.075543234565483,-0.004653317516661468,2.1653363910868447e-05,5.569464213313754e-06,15
2026-05-12,2026-05-12 12:30:00,148330,78,CPI m/m,USD,high,0.6,USD/CAD,5m,5,z=+0.00,0.0,0.6,-0.07964165360394908,1.36764,1.366550788888651,0.06181825415719334,-0.07964165360394908,0.0676645809710246,0.004578495517984344,0.001580989961684524,15
2026-05-12,2026-05-12 12:30:00,148330,78,CPI m/m,USD,high,0.6,USD/CAD,5m,5,z=+0.50,0.04879500364742666,0.6487950036474266,-0.07662523166687128,1.36764,1.3665920426816311,0.06181825415719334,-0.07964165360394908,0.0676645809710246,0.004578495517984344,0.001580989961684524,15
2026-05-12,2026-05-12 12:30:00,148330,78,CPI m/m,USD,high,0.6,USD/CAD,5m,5,z=+1.00,0.09759000729485331,0.6975900072948533,-0.07360880972979349,1.36764,1.3666332964746113,0.06181825415719334,-0.07964165360394908,0.0676645809710246,0.004578495517984344,0.001580989961684524,15
2026-05-12,2026-05-12 12:30:00,148330,78,CPI m/m,USD,high,0.6,USD/CAD,5m,5,z=+2.00,0.19518001458970663,0.7951800145897066,-0.0675759658556379,1.36764,1.366715804060572,0.06181825415719334,-0.07964165360394908,0.0676645809710246,0.004578495517984344,0.001580989961684524,15
2026-05-12,2026-05-12 12:30:00,148330,78,CPI m/m,USD,high,0.6,USD/CAD,5m,5,z=-0.50,-0.04879500364742666,0.5512049963525734,-0.08265807554102687,1.36764,1.3665095350956706,0.06181825415719334,-0.07964165360394908,0.0676645809710246,0.004578495517984344,0.001580989961684524,15
2026-05-12,2026-05-12 12:30:00,148330,78,CPI m/m,USD,high,0.6,USD/CAD,5m,5,z=-1.00,-0.09759000729485331,0.5024099927051466,-0.08567449747810467,1.36764,1.3664682813026905,0.06181825415719334,-0.07964165360394908,0.0676645809710246,0.004578495517984344,0.001580989961684524,15
2026-05-12,2026-05-12 12:30:00,148330,78,CPI m/m,USD,high,0.6,USD/CAD,5m,5,z=-2.00,-0.19518001458970663,0.40481998541029335,-0.09170734135226026,1.36764,1.3663857737167298,0.06181825415719334,-0.07964165360394908,0.0676645809710246,0.004578495517984344,0.001580989961684524,15
2026-05-12,2026-05-12 12:30:00,148330,78,CPI m/m,USD,high,0.6,USD/CAD,15m,15,z=+0.00,0.0,0.6,-0.08083712676146847,1.36764,1.3665344391195595,-0.20279193101488385,-0.08083712676146847,-0.22132097766354292,0.048982975153946465,0.0169638424619857,15
2026-05-12,2026-05-12 12:30:00,148330,78,CPI m/m,USD,high,0.6,USD/CAD,15m,15,z=+0.50,0.04879500364742666,0.6487950036474266,-0.09073235977500842,1.36764,1.366399107954773,-0.20279193101488385,-0.08083712676146847,-0.22132097766354292,0.048982975153946465,0.0169638424619857,15
2026-05-12,2026-05-12 12:30:00,148330,78,CPI m/m,USD,high,0.6,USD/CAD,15m,15,z=+1.00,0.09759000729485331,0.6975900072948533,-0.10062759278854837,1.36764,1.3662637767899866,-0.20279193101488385,-0.08083712676146847,-0.22132097766354292,0.048982975153946465,0.0169638424619857,15
2026-05-12,2026-05-12 12:30:00,148330,78,CPI m/m,USD,high,0.6,USD/CAD,15m,15,z=+2.00,0.19518001458970663,0.7951800145897066,-0.12041805881562828,1.36764,1.3659931144604138,-0.20279193101488385,-0.08083712676146847,-0.22132097766354292,0.048982975153946465,0.0169638424619857,15
2026-05-12,2026-05-12 12:30:00,148330,78,CPI m/m,USD,high,0.6,USD/CAD,15m,15,z=-0.50,-0.04879500364742666,0.5512049963525734,-0.07094189374792852,1.36764,1.3666697702843458,-0.20279193101488385,-0.08083712676146847,-0.22132097766354292,0.048982975153946465,0.0169638424619857,15
2026-05-12,2026-05-12 12:30:00,148330,78,CPI m/m,USD,high,0.6,USD/CAD,15m,15,z=-1.00,-0.09759000729485331,0.5024099927051466,-0.061046660734388566,1.36764,1.3668051014491323,-0.20279193101488385,-0.08083712676146847,-0.22132097766354292,0.048982975153946465,0.0169638424619857,15
2026-05-12,2026-05-12 12:30:00,148330,78,CPI m/m,USD,high,0.6,USD/CAD,15m,15,z=-2.00,-0.19518001458970663,0.40481998541029335,-0.04125619470730866,1.36764,1.367075763778705,-0.20279193101488385,-0.08083712676146847,-0.22132097766354292,0.048982975153946465,0.0169638424619857,15
2026-05-12,2026-05-12 12:30:00,148330,78,CPI m/m,USD,high,0.6,USD/CAD,30m,30,z=+0.00,0.0,0.6,-0.07542636172107405,1.36764,1.3666084389065578,-0.2334871767243284,-0.07542636172107405,-0.18140022817517948,0.03290604278200718,0.016008544324118308,15
2026-05-12,2026-05-12 12:30:00,148330,78,CPI m/m,USD,high,0.6,USD/CAD,30m,30,z=+0.50,0.04879500364742666,0.6487950036474266,-0.086819369360965,1.36764,1.3664526235768717,-0.2334871767243284,-0.07542636172107405,-0.18140022817517948,0.03290604278200718,0.016008544324118308,15
2026-05-12,2026-05-12 12:30:00,148330,78,CPI m/m,USD,high,0.6,USD/CAD,30m,30,z=+1.00,0.09759000729485331,0.6975900072948533,-0.09821237700085596,1.36764,1.3662968082471854,-0.2334871767243284,-0.07542636172107405,-0.18140022817517948,0.03290604278200718,0.016008544324118308,15
2026-05-12,2026-05-12 12:30:00,148330,78,CPI m/m,USD,high,0.6,USD/CAD,30m,30,z=+2.00,0.19518001458970663,0.7951800145897066,-0.12099839228063787,1.36764,1.3659851775878131,-0.2334871767243284,-0.07542636172107405,-0.18140022817517948,0.03290604278200718,0.016008544324118308,15
2026-05-12,2026-05-12 12:30:00,148330,78,CPI m/m,USD,high,0.6,USD/CAD,30m,30,z=-0.50,-0.04879500364742666,0.5512049963525734,-0.06403335408118309,1.36764,1.3667642542362441,-0.2334871767243284,-0.07542636172107405,-0.18140022817517948,0.03290604278200718,0.016008544324118308,15
2026-05-12,2026-05-12 12:30:00,148330,78,CPI m/m,USD,high,0.6,USD/CAD,30m,30,z=-1.00,-0.09759000729485331,0.5024099927051466,-0.05264034644129213,1.36764,1.3669200695659303,-0.2334871767243284,-0.07542636172107405,-0.18140022817517948,0.03290604278200718,0.016008544324118308,15
2026-05-12,2026-05-12 12:30:00,148330,78,CPI m/m,USD,high,0.6,USD/CAD,30m,30,z=-2.00,-0.19518001458970663,0.40481998541029335,-0.02985433116151022,1.36764,1.3672317002253027,-0.2334871767243284,-0.07542636172107405,-0.18140022817517948,0.03290604278200718,0.016008544324118308,15
2026-05-12,2026-05-12 12:30:00,148330,78,CPI m/m,USD,high,0.6,USD/CAD,1h,60,z=+0.00,0.0,0.6,-0.05268020459227635,1.36764,1.3669195244499142,-0.13146865048646172,-0.05268020459227635,-0.1199182386494189,0.014380383960778986,0.005958794743111696,15
2026-05-12,2026-05-12 12:30:00,148330,78,CPI m/m,USD,high,0.6,USD/CAD,1h,60,z=+0.50,0.04879500364742666,0.6487950036474266,-0.059095217872285506,1.36764,1.3668317901622915,-0.13146865048646172,-0.05268020459227635,-0.1199182386494189,0.014380383960778986,0.005958794743111696,15
2026-05-12,2026-05-12 12:30:00,148330,78,CPI m/m,USD,high,0.6,USD/CAD,1h,60,z=+1.00,0.09759000729485331,0.6975900072948533,-0.06551023115229467,1.36764,1.3667440558746686,-0.13146865048646172,-0.05268020459227635,-0.1199182386494189,0.014380383960778986,0.005958794743111696,15
2026-05-12,2026-05-12 12:30:00,148330,78,CPI m/m,USD,high,0.6,USD/CAD,1h,60,z=+2.00,0.19518001458970663,0.7951800145897066,-0.07834025771231298,1.36764,1.3665685872994233,-0.13146865048646172,-0.05268020459227635,-0.1199182386494189,0.014380383960778986,0.005958794743111696,15
2026-05-12,2026-05-12 12:30:00,148330,78,CPI m/m,USD,high,0.6,USD/CAD,1h,60,z=-0.50,-0.04879500364742666,0.5512049963525734,-0.04626519131226719,1.36764,1.3670072587375368,-0.13146865048646172,-0.05268020459227635,-0.1199182386494189,0.014380383960778986,0.005958794743111696,15
2026-05-12,2026-05-12 12:30:00,148330,78,CPI m/m,USD,high,0.6,USD/CAD,1h,60,z=-1.00,-0.09759000729485331,0.5024099927051466,-0.03985017803225803,1.36764,1.3670949930251595,-0.13146865048646172,-0.05268020459227635,-0.1199182386494189,0.014380383960778986,0.005958794743111696,15
2026-05-12,2026-05-12 12:30:00,148330,78,CPI m/m,USD,high,0.6,USD/CAD,1h,60,z=-2.00,-0.19518001458970663,0.40481998541029335,-0.027020151472239705,1.36764,1.367270461600405,-0.13146865048646172,-0.05268020459227635,-0.1199182386494189,0.014380383960778986,0.005958794743111696,15
2026-05-12,2026-05-12 12:30:00,148330,78,CPI m/m,USD,high,0.6,USD/CAD,2h,120,z=+0.00,0.0,0.6,-0.08173222400418127,1.36764,1.366522197411629,-0.340813408781709,-0.08173222400418127,-0.2029109606778004,0.04117285796318786,0.026138048537882475,15
2026-05-12,2026-05-12 12:30:00,148330,78,CPI m/m,USD,high,0.6,USD/CAD,2h,120,z=+0.50,0.04879500364742666,0.6487950036474266,-0.09836221552877668,1.36764,1.366294758995542,-0.340813408781709,-0.08173222400418127,-0.2029109606778004,0.04117285796318786,0.026138048537882475,15
2026-05-12,2026-05-12 12:30:00,148330,78,CPI m/m,USD,high,0.6,USD/CAD,2h,120,z=+1.00,0.09759000729485331,0.6975900072948533,-0.11499220705337207,1.36764,1.3660673205794551,-0.340813408781709,-0.08173222400418127,-0.2029109606778004,0.04117285796318786,0.026138048537882475,15
2026-05-12,2026-05-12 12:30:00,148330,78,CPI m/m,USD,high,0.6,USD/CAD,2h,120,z=+2.00,0.19518001458970663,0.7951800145897066,-0.14825219010256288,1.36764,1.3656124437472814,-0.340813408781709,-0.08173222400418127,-0.2029109606778004,0.04117285796318786,0.026138048537882475,15
2026-05-12,2026-05-12 12:30:00,148330,78,CPI m/m,USD,high,0.6,USD/CAD,2h,120,z=-0.50,-0.04879500364742666,0.5512049963525734,-0.06510223247958587,1.36764,1.3667496358277162,-0.340813408781709,-0.08173222400418127,-0.2029109606778004,0.04117285796318786,0.026138048537882475,15
2026-05-12,2026-05-12 12:30:00,148330,78,CPI m/m,USD,high,0.6,USD/CAD,2h,120,z=-1.00,-0.09759000729485331,0.5024099927051466,-0.04847224095499047,1.36764,1.3669770742438032,-0.340813408781709,-0.08173222400418127,-0.2029109606778004,0.04117285796318786,0.026138048537882475,15
2026-05-12,2026-05-12 12:30:00,148330,78,CPI m/m,USD,high,0.6,USD/CAD,2h,120,z=-2.00,-0.19518001458970663,0.40481998541029335,-0.015212257905799664,1.36764,1.3674319510759771,-0.340813408781709,-0.08173222400418127,-0.2029109606778004,0.04117285796318786,0.026138048537882475,15
2026-05-12,2026-05-12 12:30:00,148330,78,CPI m/m,USD,high,0.6,USD/CAD,4h,240,z=+0.00,0.0,0.6,-0.14346411618758975,1.36764,1.3656779273613722,-0.43404967534696137,-0.14346411618758975,-0.1918990918401245,0.036825261449064534,0.03148207398187672,15
2026-05-12,2026-05-12 12:30:00,148330,78,CPI m/m,USD,high,0.6,USD/CAD,4h,240,z=+0.50,0.04879500364742666,0.6487950036474266,-0.1646435716793091,1.36764,1.365388268656285,-0.43404967534696137,-0.14346411618758975,-0.1918990918401245,0.036825261449064534,0.03148207398187672,15
2026-05-12,2026-05-12 12:30:00,148330,78,CPI m/m,USD,high,0.6,USD/CAD,4h,240,z=+1.00,0.09759000729485331,0.6975900072948533,-0.18582302717102842,1.36764,1.3650986099511981,-0.43404967534696137,-0.14346411618758975,-0.1918990918401245,0.036825261449064534,0.03148207398187672,15
2026-05-12,2026-05-12 12:30:00,148330,78,CPI m/m,USD,high,0.6,USD/CAD,4h,240,z=+2.00,0.19518001458970663,0.7951800145897066,-0.22818193815446708,1.36764,1.364519292541024,-0.43404967534696137,-0.14346411618758975,-0.1918990918401245,0.036825261449064534,0.03148207398187672,15
2026-05-12,2026-05-12 12:30:00,148330,78,CPI m/m,USD,high,0.6,USD/CAD,4h,240,z=-0.50,-0.04879500364742666,0.5512049963525734,-0.12228466069587042,1.36764,1.365967586066459,-0.43404967534696137,-0.14346411618758975,-0.1918990918401245,0.036825261449064534,0.03148207398187672,15
2026-05-12,2026-05-12 12:30:00,148330,78,CPI m/m,USD,high,0.6,USD/CAD,4h,240,z=-1.00,-0.09759000729485331,0.5024099927051466,-0.10110520520415109,1.36764,1.3662572447715458,-0.43404967534696137,-0.14346411618758975,-0.1918990918401245,0.036825261449064534,0.03148207398187672,15
2026-05-12,2026-05-12 12:30:00,148330,78,CPI m/m,USD,high,0.6,USD/CAD,4h,240,z=-2.00,-0.19518001458970663,0.40481998541029335,-0.05874629422071241,1.36764,1.3668365621817198,-0.43404967534696137,-0.14346411618758975,-0.1918990918401245,0.036825261449064534,0.03148207398187672,15
2026-05-12,2026-05-12 12:30:00,148330,78,CPI m/m,USD,high,0.6,USD/CAD,6h,360,z=+0.00,0.0,0.6,-0.15119267867614478,1.36764,1.3655722284493534,0.26585544699024677,-0.15119267867614478,0.11663979566209005,0.013604841932094122,0.011720423186757693,15
2026-05-12,2026-05-12 12:30:00,148330,78,CPI m/m,USD,high,0.6,USD/CAD,6h,360,z=+0.50,0.04879500364742666,0.6487950036474266,-0.13822026117056743,1.36764,1.365749644420127,0.26585544699024677,-0.15119267867614478,0.11663979566209005,0.013604841932094122,0.011720423186757693,15
2026-05-12,2026-05-12 12:30:00,148330,78,CPI m/m,USD,high,0.6,USD/CAD,6h,360,z=+1.00,0.09759000729485331,0.6975900072948533,-0.12524784366499012,1.36764,1.3659270603909002,0.26585544699024677,-0.15119267867614478,0.11663979566209005,0.013604841932094122,0.011720423186757693,15
2026-05-12,2026-05-12 12:30:00,148330,78,CPI m/m,USD,high,0.6,USD/CAD,6h,360,z=+2.00,0.19518001458970663,0.7951800145897066,-0.09930300865383543,1.36764,1.3662818923324467,0.26585544699024677,-0.15119267867614478,0.11663979566209005,0.013604841932094122,0.011720423186757693,15
2026-05-12,2026-05-12 12:30:00,148330,78,CPI m/m,USD,high,0.6,USD/CAD,6h,360,z=-0.50,-0.04879500364742666,0.5512049963525734,-0.16416509618172212,1.36764,1.3653948124785802,0.26585544699024677,-0.15119267867614478,0.11663979566209005,0.013604841932094122,0.011720423186757693,15
2026-05-12,2026-05-12 12:30:00,148330,78,CPI m/m,USD,high,0.6,USD/CAD,6h,360,z=-1.00,-0.09759000729485331,0.5024099927051466,-0.17713751368729944,1.36764,1.365217396507807,0.26585544699024677,-0.15119267867614478,0.11663979566209005,0.013604841932094122,0.011720423186757693,15
2026-05-12,2026-05-12 12:30:00,148330,78,CPI m/m,USD,high,0.6,USD/CAD,6h,360,z=-2.00,-0.19518001458970663,0.40481998541029335,-0.20308234869845412,1.36764,1.3648625645662604,0.26585544699024677,-0.15119267867614478,0.11663979566209005,0.013604841932094122,0.011720423186757693,15
2026-05-12,2026-05-12 12:30:00,148330,78,CPI m/m,USD,high,0.6,USD/CAD,12h,720,z=+0.00,0.0,0.6,-0.16420483909963332,1.36764,1.3653942689385377,1.0159775684410874,-0.16420483909963332,0.3541758433140716,0.1254405279872338,0.1283721252791907,12
2026-05-12,2026-05-12 12:30:00,148330,78,CPI m/m,USD,high,0.6,USD/CAD,12h,720,z=+0.50,0.051492865054443726,0.6514928650544437,-0.11188924326955454,1.36764,1.366109757953348,1.0159775684410874,-0.16420483909963332,0.3541758433140716,0.1254405279872338,0.1283721252791907,12
2026-05-12,2026-05-12 12:30:00,148330,78,CPI m/m,USD,high,0.6,USD/CAD,12h,720,z=+1.00,0.10298573010888745,0.7029857301088874,-0.059573647439475755,1.36764,1.3668252469681588,1.0159775684410874,-0.16420483909963332,0.3541758433140716,0.1254405279872338,0.1283721252791907,12
2026-05-12,2026-05-12 12:30:00,148330,78,CPI m/m,USD,high,0.6,USD/CAD,12h,720,z=+2.00,0.2059714602177749,0.8059714602177749,0.04505754422068181,1.36764,1.3682562249977797,1.0159775684410874,-0.16420483909963332,0.3541758433140716,0.1254405279872338,0.1283721252791907,12
2026-05-12,2026-05-12 12:30:00,148330,78,CPI m/m,USD,high,0.6,USD/CAD,12h,720,z=-0.50,-0.051492865054443726,0.5485071349455563,-0.2165204349297121,1.36764,1.3646787799237272,1.0159775684410874,-0.16420483909963332,0.3541758433140716,0.1254405279872338,0.1283721252791907,12
2026-05-12,2026-05-12 12:30:00,148330,78,CPI m/m,USD,high,0.6,USD/CAD,12h,720,z=-1.00,-0.10298573010888745,0.4970142698911125,-0.2688360307597909,1.36764,1.3639632909089168,1.0159775684410874,-0.16420483909963332,0.3541758433140716,0.1254405279872338,0.1283721252791907,12
2026-05-12,2026-05-12 12:30:00,148330,78,CPI m/m,USD,high,0.6,USD/CAD,12h,720,z=-2.00,-0.2059714602177749,0.3940285397822251,-0.37346722241994845,1.36764,1.3625323128792959,1.0159775684410874,-0.16420483909963332,0.3541758433140716,0.1254405279872338,0.1283721252791907,12
2026-05-12,2026-05-12 12:30:00,148330,78,CPI m/m,USD,high,0.6,USD/JPY,1m,1,z=+0.00,0.0,0.6,-0.15339260419862846,156.67450000000002,156.43417290433484,0.16249215448106905,-0.15339260419862846,0.1255051364843898,0.01575153928396531,0.007708056286508347,15
2026-05-12,2026-05-12 12:30:00,148330,78,CPI m/m,USD,high,0.6,USD/JPY,1m,1,z=+0.50,0.04879500364742666,0.6487950036474266,-0.14546379892804648,156.67450000000002,156.4465953203485,0.16249215448106905,-0.15339260419862846,0.1255051364843898,0.01575153928396531,0.007708056286508347,15
2026-05-12,2026-05-12 12:30:00,148330,78,CPI m/m,USD,high,0.6,USD/JPY,1m,1,z=+1.00,0.09759000729485331,0.6975900072948533,-0.1375349936574645,156.67450000000002,156.45901773636217,0.16249215448106905,-0.15339260419862846,0.1255051364843898,0.01575153928396531,0.007708056286508347,15
2026-05-12,2026-05-12 12:30:00,148330,78,CPI m/m,USD,high,0.6,USD/JPY,1m,1,z=+2.00,0.19518001458970663,0.7951800145897066,-0.12167738311630055,156.67450000000002,156.48386256838947,0.16249215448106905,-0.15339260419862846,0.1255051364843898,0.01575153928396531,0.007708056286508347,15
2026-05-12,2026-05-12 12:30:00,148330,78,CPI m/m,USD,high,0.6,USD/JPY,1m,1,z=-0.50,-0.04879500364742666,0.5512049963525734,-0.16132140946921045,156.67450000000002,156.42175048832118,0.16249215448106905,-0.15339260419862846,0.1255051364843898,0.01575153928396531,0.007708056286508347,15
2026-05-12,2026-05-12 12:30:00,148330,78,CPI m/m,USD,high,0.6,USD/JPY,1m,1,z=-1.00,-0.09759000729485331,0.5024099927051466,-0.16925021473979243,156.67450000000002,156.40932807230752,0.16249215448106905,-0.15339260419862846,0.1255051364843898,0.01575153928396531,0.007708056286508347,15
2026-05-12,2026-05-12 12:30:00,148330,78,CPI m/m,USD,high,0.6,USD/JPY,1m,1,z=-2.00,-0.19518001458970663,0.40481998541029335,-0.18510782528095637,156.67450000000002,156.3844832402802,0.16249215448106905,-0.15339260419862846,0.1255051364843898,0.01575153928396531,0.007708056286508347,15
2026-05-12,2026-05-12 12:30:00,148330,78,CPI m/m,USD,high,0.6,USD/JPY,5m,5,z=+0.00,0.0,0.6,-0.16530975375449505,156.67450000000002,156.41550176985393,-0.06783986504582624,-0.16530975375449505,-0.03530931896480749,0.0012467480057585139,0.0009053683252144839,15
2026-05-12,2026-05-12 12:30:00,148330,78,CPI m/m,USD,high,0.6,USD/JPY,5m,5,z=+0.50,0.04879500364742666,0.6487950036474266,-0.1686200002168471,156.67450000000002,156.41031545776028,-0.06783986504582624,-0.16530975375449505,-0.03530931896480749,0.0012467480057585139,0.0009053683252144839,15
2026-05-12,2026-05-12 12:30:00,148330,78,CPI m/m,USD,high,0.6,USD/JPY,5m,5,z=+1.00,0.09759000729485331,0.6975900072948533,-0.1719302466791991,156.67450000000002,156.40512914566662,-0.06783986504582624,-0.16530975375449505,-0.03530931896480749,0.0012467480057585139,0.0009053683252144839,15
2026-05-12,2026-05-12 12:30:00,148330,78,CPI m/m,USD,high,0.6,USD/JPY,5m,5,z=+2.00,0.19518001458970663,0.7951800145897066,-0.17855073960390314,156.67450000000002,156.3947565214793,-0.06783986504582624,-0.16530975375449505,-0.03530931896480749,0.0012467480057585139,0.0009053683252144839,15
2026-05-12,2026-05-12 12:30:00,148330,78,CPI m/m,USD,high,0.6,USD/JPY,5m,5,z=-0.50,-0.04879500364742666,0.5512049963525734,-0.16199950729214302,156.67450000000002,156.4206880819476,-0.06783986504582624,-0.16530975375449505,-0.03530931896480749,0.0012467480057585139,0.0009053683252144839,15
2026-05-12,2026-05-12 12:30:00,148330,78,CPI m/m,USD,high,0.6,USD/JPY,5m,5,z=-1.00,-0.09759000729485331,0.5024099927051466,-0.158689260829791,156.67450000000002,156.42587439404124,-0.06783986504582624,-0.16530975375449505,-0.03530931896480749,0.0012467480057585139,0.0009053683252144839,15
2026-05-12,2026-05-12 12:30:00,148330,78,CPI m/m,USD,high,0.6,USD/JPY,5m,5,z=-2.00,-0.19518001458970663,0.40481998541029335,-0.15206876790508697,156.67450000000002,156.43624701822856,-0.06783986504582624,-0.16530975375449505,-0.03530931896480749,0.0012467480057585139,0.0009053683252144839,15
2026-05-12,2026-05-12 12:30:00,148330,78,CPI m/m,USD,high,0.6,USD/JPY,15m,15,z=+0.00,0.0,0.6,-0.1512813914440787,156.67450000000002,156.43748063636195,-0.15537770595225883,-0.1512813914440787,-0.07237001155599551,0.005237418572614924,0.00425009195999772,15
2026-05-12,2026-05-12 12:30:00,148330,78,CPI m/m,USD,high,0.6,USD/JPY,15m,15,z=+0.50,0.04879500364742666,0.6487950036474266,-0.15886304717274796,156.67450000000002,156.42560211515735,-0.15537770595225883,-0.1512813914440787,-0.07237001155599551,0.005237418572614924,0.00425009195999772,15
2026-05-12,2026-05-12 12:30:00,148330,78,CPI m/m,USD,high,0.6,USD/JPY,15m,15,z=+1.00,0.09759000729485331,0.6975900072948533,-0.16644470290141722,156.67450000000002,156.41372359395274,-0.15537770595225883,-0.1512813914440787,-0.07237001155599551,0.005237418572614924,0.00425009195999772,15
2026-05-12,2026-05-12 12:30:00,148330,78,CPI m/m,USD,high,0.6,USD/JPY,15m,15,z=+2.00,0.19518001458970663,0.7951800145897066,-0.18160801435875573,156.67450000000002,156.38996655154352,-0.15537770595225883,-0.1512813914440787,-0.07237001155599551,0.005237418572614924,0.00425009195999772,15
2026-05-12,2026-05-12 12:30:00,148330,78,CPI m/m,USD,high,0.6,USD/JPY,15m,15,z=-0.50,-0.04879500364742666,0.5512049963525734,-0.14369973571540945,156.67450000000002,156.4493591575666,-0.15537770595225883,-0.1512813914440787,-0.07237001155599551,0.005237418572614924,0.00425009195999772,15
2026-05-12,2026-05-12 12:30:00,148330,78,CPI m/m,USD,high,0.6,USD/JPY,15m,15,z=-1.00,-0.09759000729485331,0.5024099927051466,-0.1361180799867402,156.67450000000002,156.4612376787712,-0.15537770595225883,-0.1512813914440787,-0.07237001155599551,0.005237418572614924,0.00425009195999772,15
2026-05-12,2026-05-12 12:30:00,148330,78,CPI m/m,USD,high,0.6,USD/JPY,15m,15,z=-2.00,-0.19518001458970663,0.40481998541029335,-0.12095476852940168,156.67450000000002,156.4849947211804,-0.15537770595225883,-0.1512813914440787,-0.07237001155599551,0.005237418572614924,0.00425009195999772,15
2026-05-12,2026-05-12 12:30:00,148330,78,CPI m/m,USD,high,0.6,USD/JPY,30m,30,z=+0.00,0.0,0.6,-0.11335745869871501,156.67450000000002,156.4968977683711,-0.46853157207234475,-0.11335745869871501,-0.2179711219649122,0.04751141001064263,0.03860013298056338,15
2026-05-12,2026-05-12 12:30:00,148330,78,CPI m/m,USD,high,0.6,USD/JPY,30m,30,z=+0.50,0.04879500364742666,0.6487950036474266,-0.13621945846691963,156.67450000000002,156.46107884454426,-0.46853157207234475,-0.11335745869871501,-0.2179711219649122,0.04751141001064263,0.03860013298056338,15
2026-05-12,2026-05-12 12:30:00,148330,78,CPI m/m,USD,high,0.6,USD/JPY,30m,30,z=+1.00,0.09759000729485331,0.6975900072948533,-0.15908145823512423,156.67450000000002,156.42525992071745,-0.46853157207234475,-0.11335745869871501,-0.2179711219649122,0.04751141001064263,0.03860013298056338,15
2026-05-12,2026-05-12 12:30:00,148330,78,CPI m/m,USD,high,0.6,USD/JPY,30m,30,z=+2.00,0.19518001458970663,0.7951800145897066,-0.20480545777153344,156.67450000000002,156.35362207306378,-0.46853157207234475,-0.11335745869871501,-0.2179711219649122,0.04751141001064263,0.03860013298056338,15
2026-05-12,2026-05-12 12:30:00,148330,78,CPI m/m,USD,high,0.6,USD/JPY,30m,30,z=-0.50,-0.04879500364742666,0.5512049963525734,-0.0904954589305104,156.67450000000002,156.53271669219794,-0.46853157207234475,-0.11335745869871501,-0.2179711219649122,0.04751141001064263,0.03860013298056338,15
2026-05-12,2026-05-12 12:30:00,148330,78,CPI m/m,USD,high,0.6,USD/JPY,30m,30,z=-1.00,-0.09759000729485331,0.5024099927051466,-0.06763345916230579,156.67450000000002,156.56853561602477,-0.46853157207234475,-0.11335745869871501,-0.2179711219649122,0.04751141001064263,0.03860013298056338,15
2026-05-12,2026-05-12 12:30:00,148330,78,CPI m/m,USD,high,0.6,USD/JPY,30m,30,z=-2.00,-0.19518001458970663,0.40481998541029335,-0.021909459625896577,156.67450000000002,156.64017346367845,-0.46853157207234475,-0.11335745869871501,-0.2179711219649122,0.04751141001064263,0.03860013298056338,15
2026-05-12,2026-05-12 12:30:00,148330,78,CPI m/m,USD,high,0.6,USD/JPY,1h,60,z=+0.00,0.0,0.6,-0.15346116260603312,156.67450000000002,156.43406549079285,-0.2700239170338351,-0.15346116260603312,-0.12084598700858452,0.014603752576078979,0.012333474666879346,15
2026-05-12,2026-05-12 12:30:00,148330,78,CPI m/m,USD,high,0.6,USD/JPY,1h,60,z=+0.50,0.04879500364742666,0.6487950036474266,-0.16663698062259155,156.67450000000002,156.41342234379448,-0.2700239170338351,-0.15346116260603312,-0.12084598700858452,0.014603752576078979,0.012333474666879346,15
2026-05-12,2026-05-12 12:30:00,148330,78,CPI m/m,USD,high,0.6,USD/JPY,1h,60,z=+1.00,0.09759000729485331,0.6975900072948533,-0.17981279863914995,156.67450000000002,156.39277919679614,-0.2700239170338351,-0.15346116260603312,-0.12084598700858452,0.014603752576078979,0.012333474666879346,15
2026-05-12,2026-05-12 12:30:00,148330,78,CPI m/m,USD,high,0.6,USD/JPY,1h,60,z=+2.00,0.19518001458970663,0.7951800145897066,-0.2061644346722668,156.67450000000002,156.35149290279944,-0.2700239170338351,-0.15346116260603312,-0.12084598700858452,0.014603752576078979,0.012333474666879346,15
2026-05-12,2026-05-12 12:30:00,148330,78,CPI m/m,USD,high,0.6,USD/JPY,1h,60,z=-0.50,-0.04879500364742666,0.5512049963525734,-0.1402853445894747,156.67450000000002,156.45470863779119,-0.2700239170338351,-0.15346116260603312,-0.12084598700858452,0.014603752576078979,0.012333474666879346,15
2026-05-12,2026-05-12 12:30:00,148330,78,CPI m/m,USD,high,0.6,USD/JPY,1h,60,z=-1.00,-0.09759000729485331,0.5024099927051466,-0.1271095265729163,156.67450000000002,156.47535178478952,-0.2700239170338351,-0.15346116260603312,-0.12084598700858452,0.014603752576078979,0.012333474666879346,15
2026-05-12,2026-05-12 12:30:00,148330,78,CPI m/m,USD,high,0.6,USD/JPY,1h,60,z=-2.00,-0.19518001458970663,0.40481998541029335,-0.10075789053979946,156.67450000000002,156.51663807878623,-0.2700239170338351,-0.15346116260603312,-0.12084598700858452,0.014603752576078979,0.012333474666879346,15
2026-05-12,2026-05-12 12:30:00,148330,78,CPI m/m,USD,high,0.6,USD/JPY,2h,120,z=+0.00,0.0,0.6,-0.08873217179681187,156.67450000000002,156.53547931349823,0.26318914565614726,-0.08873217179681187,0.08734213004392823,0.00762864768061047,0.008688458544805532,15
2026-05-12,2026-05-12 12:30:00,148330,78,CPI m/m,USD,high,0.6,USD/JPY,2h,120,z=+0.50,0.04879500364742666,0.6487950036474266,-0.07588985647455705,156.67450000000002,156.5555999468178,0.26318914565614726,-0.08873217179681187,0.08734213004392823,0.00762864768061047,0.008688458544805532,15
2026-05-12,2026-05-12 12:30:00,148330,78,CPI m/m,USD,high,0.6,USD/JPY,2h,120,z=+1.00,0.09759000729485331,0.6975900072948533,-0.06304754115230224,156.67450000000002,156.57572058013736,0.26318914565614726,-0.08873217179681187,0.08734213004392823,0.00762864768061047,0.008688458544805532,15
2026-05-12,2026-05-12 12:30:00,148330,78,CPI m/m,USD,high,0.6,USD/JPY,2h,120,z=+2.00,0.19518001458970663,0.7951800145897066,-0.03736291050779262,156.67450000000002,156.6159618467765,0.26318914565614726,-0.08873217179681187,0.08734213004392823,0.00762864768061047,0.008688458544805532,15
2026-05-12,2026-05-12 12:30:00,148330,78,CPI m/m,USD,high,0.6,USD/JPY,2h,120,z=-0.50,-0.04879500364742666,0.5512049963525734,-0.10157448711906668,156.67450000000002,156.51535868017865,0.26318914565614726,-0.08873217179681187,0.08734213004392823,0.00762864768061047,0.008688458544805532,15
2026-05-12,2026-05-12 12:30:00,148330,78,CPI m/m,USD,high,0.6,USD/JPY,2h,120,z=-1.00,-0.09759000729485331,0.5024099927051466,-0.11441680244132149,156.67450000000002,156.4952380468591,0.26318914565614726,-0.08873217179681187,0.08734213004392823,0.00762864768061047,0.008688458544805532,15
2026-05-12,2026-05-12 12:30:00,148330,78,CPI m/m,USD,high,0.6,USD/JPY,2h,120,z=-2.00,-0.19518001458970663,0.40481998541029335,-0.14010143308583112,156.67450000000002,156.45499678021997,0.26318914565614726,-0.08873217179681187,0.08734213004392823,0.00762864768061047,0.008688458544805532,15
2026-05-12,2026-05-12 12:30:00,148330,78,CPI m/m,USD,high,0.6,USD/JPY,4h,240,z=+0.00,0.0,0.6,-0.14639915311487015,156.67450000000002,156.44512985885305,1.0714764975571383,-0.14639915311487015,0.26479312386488374,0.07011539844612366,0.10723593247386382,15
2026-05-12,2026-05-12 12:30:00,148330,78,CPI m/m,USD,high,0.6,USD/JPY,4h,240,z=+0.50,0.04879500364742666,0.6487950036474266,-0.09411645350843764,156.67450000000002,156.52704351704793,1.0714764975571383,-0.14639915311487015,0.26479312386488374,0.07011539844612366,0.10723593247386382,15
2026-05-12,2026-05-12 12:30:00,148330,78,CPI m/m,USD,high,0.6,USD/JPY,4h,240,z=+1.00,0.09759000729485331,0.6975900072948533,-0.04183375390200514,156.67450000000002,156.6089571752428,1.0714764975571383,-0.14639915311487015,0.26479312386488374,0.07011539844612366,0.10723593247386382,15
2026-05-12,2026-05-12 12:30:00,148330,78,CPI m/m,USD,high,0.6,USD/JPY,4h,240,z=+2.00,0.19518001458970663,0.7951800145897066,0.06273164531085987,156.67450000000002,156.77278449163256,1.0714764975571383,-0.14639915311487015,0.26479312386488374,0.07011539844612366,0.10723593247386382,15
2026-05-12,2026-05-12 12:30:00,148330,78,CPI m/m,USD,high,0.6,USD/JPY,4h,240,z=-0.50,-0.04879500364742666,0.5512049963525734,-0.19868185272130265,156.67450000000002,156.36321620065817,1.0714764975571383,-0.14639915311487015,0.26479312386488374,0.07011539844612366,0.10723593247386382,15
2026-05-12,2026-05-12 12:30:00,148330,78,CPI m/m,USD,high,0.6,USD/JPY,4h,240,z=-1.00,-0.09759000729485331,0.5024099927051466,-0.2509645523277352,156.67450000000002,156.2813025424633,1.0714764975571383,-0.14639915311487015,0.26479312386488374,0.07011539844612366,0.10723593247386382,15
2026-05-12,2026-05-12 12:30:00,148330,78,CPI m/m,USD,high,0.6,USD/JPY,4h,240,z=-2.00,-0.19518001458970663,0.40481998541029335,-0.3555299515406002,156.67450000000002,156.11747522607354,1.0714764975571383,-0.14639915311487015,0.26479312386488374,0.07011539844612366,0.10723593247386382,15
2026-05-12,2026-05-12 12:30:00,148330,78,CPI m/m,USD,high,0.6,USD/JPY,6h,360,z=+0.00,0.0,0.6,-0.12761840714291625,156.67450000000002,156.47455449870088,0.9376318672512385,-0.12761840714291625,0.2545314533713081,0.0647862607553104,0.0902037923597139,15
2026-05-12,2026-05-12 12:30:00,148330,78,CPI m/m,USD,high,0.6,USD/JPY,6h,360,z=+0.50,0.04879500364742666,0.6487950036474266,-0.0818666567604486,156.67450000000002,156.54623582485388,0.9376318672512385,-0.12761840714291625,0.2545314533713081,0.0647862607553104,0.0902037923597139,15
2026-05-12,2026-05-12 12:30:00,148330,78,CPI m/m,USD,high,0.6,USD/JPY,6h,360,z=+1.00,0.09759000729485331,0.6975900072948533,-0.036114906377980954,156.67450000000002,156.61791715100685,0.9376318672512385,-0.12761840714291625,0.2545314533713081,0.0647862607553104,0.0902037923597139,15
2026-05-12,2026-05-12 12:30:00,148330,78,CPI m/m,USD,high,0.6,USD/JPY,6h,360,z=+2.00,0.19518001458970663,0.7951800145897066,0.05538859438695434,156.67450000000002,156.76127980331282,0.9376318672512385,-0.12761840714291625,0.2545314533713081,0.0647862607553104,0.0902037923597139,15
2026-05-12,2026-05-12 12:30:00,148330,78,CPI m/m,USD,high,0.6,USD/JPY,6h,360,z=-0.50,-0.04879500364742666,0.5512049963525734,-0.1733701575253839,156.67450000000002,156.4028731725479,0.9376318672512385,-0.12761840714291625,0.2545314533713081,0.0647862607553104,0.0902037923597139,15
2026-05-12,2026-05-12 12:30:00,148330,78,CPI m/m,USD,high,0.6,USD/JPY,6h,360,z=-1.00,-0.09759000729485331,0.5024099927051466,-0.21912190790785155,156.67450000000002,156.33119184639494,0.9376318672512385,-0.12761840714291625,0.2545314533713081,0.0647862607553104,0.0902037923597139,15
2026-05-12,2026-05-12 12:30:00,148330,78,CPI m/m,USD,high,0.6,USD/JPY,6h,360,z=-2.00,-0.19518001458970663,0.40481998541029335,-0.3106254086727869,156.67450000000002,156.18782919408898,0.9376318672512385,-0.12761840714291625,0.2545314533713081,0.0647862607553104,0.0902037923597139,15
2026-05-12,2026-05-12 12:30:00,148330,78,CPI m/m,USD,high,0.6,USD/JPY,12h,720,z=+0.00,0.0,0.6,-0.2677725293331283,156.67450000000002,156.25496872852997,2.8628498224968526,-0.2677725293331283,0.4917906875299903,0.24185808034122053,0.5022807599791226,12
2026-05-12,2026-05-12 12:30:00,148330,78,CPI m/m,USD,high,0.6,USD/JPY,12h,720,z=+0.50,0.051492865054443726,0.6514928650544437,-0.12035618975215967,156.67450000000002,156.4859325414868,2.8628498224968526,-0.2677725293331283,0.4917906875299903,0.24185808034122053,0.5022807599791226,12
2026-05-12,2026-05-12 12:30:00,148330,78,CPI m/m,USD,high,0.6,USD/JPY,12h,720,z=+1.00,0.10298573010888745,0.7029857301088874,0.027060149828808944,156.67450000000002,156.71689635444355,2.8628498224968526,-0.2677725293331283,0.4917906875299903,0.24185808034122053,0.5022807599791226,12
2026-05-12,2026-05-12 12:30:00,148330,78,CPI m/m,USD,high,0.6,USD/JPY,12h,720,z=+2.00,0.2059714602177749,0.8059714602177749,0.32189282899074617,156.67450000000002,157.17882398035715,2.8628498224968526,-0.2677725293331283,0.4917906875299903,0.24185808034122053,0.5022807599791226,12
2026-05-12,2026-05-12 12:30:00,148330,78,CPI m/m,USD,high,0.6,USD/JPY,12h,720,z=-0.50,-0.051492865054443726,0.5485071349455563,-0.4151888689140969,156.67450000000002,156.02400491557322,2.8628498224968526,-0.2677725293331283,0.4917906875299903,0.24185808034122053,0.5022807599791226,12
2026-05-12,2026-05-12 12:30:00,148330,78,CPI m/m,USD,high,0.6,USD/JPY,12h,720,z=-1.00,-0.10298573010888745,0.4970142698911125,-0.5626052084950655,156.67450000000002,155.79304110261643,2.8628498224968526,-0.2677725293331283,0.4917906875299903,0.24185808034122053,0.5022807599791226,12
2026-05-12,2026-05-12 12:30:00,148330,78,CPI m/m,USD,high,0.6,USD/JPY,12h,720,z=-2.00,-0.2059714602177749,0.3940285397822251,-0.8574378876570028,156.67450000000002,155.33111347670285,2.8628498224968526,-0.2677725293331283,0.4917906875299903,0.24185808034122053,0.5022807599791226,12
2026-05-12,2026-05-12 12:30:00,148361,79,Core CPI m/m,USD,high,0.3,EUR/USD,1m,1,z=+0.00,0.0,0.3,-0.08869852125335766,1.1785999999999999,1.1775545992285077,-0.6166897355946226,-0.08869852125335766,-0.6172343454620024,0.3809782372179065,0.12036959628732112,15
2026-05-12,2026-05-12 12:30:00,148361,79,Core CPI m/m,USD,high,0.3,EUR/USD,1m,1,z=+0.50,0.04082482904638631,0.3408248290463863,-0.1138747742836693,1.1785999999999999,1.1772578719102924,-0.6166897355946226,-0.08869852125335766,-0.6172343454620024,0.3809782372179065,0.12036959628732112,15
2026-05-12,2026-05-12 12:30:00,148361,79,Core CPI m/m,USD,high,0.3,EUR/USD,1m,1,z=+1.00,0.08164965809277262,0.3816496580927726,-0.13905102731398095,1.1785999999999999,1.1769611445920773,-0.6166897355946226,-0.08869852125335766,-0.6172343454620024,0.3809782372179065,0.12036959628732112,15
2026-05-12,2026-05-12 12:30:00,148361,79,Core CPI m/m,USD,high,0.3,EUR/USD,1m,1,z=+2.00,0.16329931618554525,0.4632993161855452,-0.18940353337460422,1.1785999999999999,1.1763676899556468,-0.6166897355946226,-0.08869852125335766,-0.6172343454620024,0.3809782372179065,0.12036959628732112,15
2026-05-12,2026-05-12 12:30:00,148361,79,Core CPI m/m,USD,high,0.3,EUR/USD,1m,1,z=-0.50,-0.04082482904638631,0.2591751709536137,-0.06352226822304602,1.1785999999999999,1.177851326546723,-0.6166897355946226,-0.08869852125335766,-0.6172343454620024,0.3809782372179065,0.12036959628732112,15
2026-05-12,2026-05-12 12:30:00,148361,79,Core CPI m/m,USD,high,0.3,EUR/USD,1m,1,z=-1.00,-0.08164965809277262,0.21835034190722735,-0.038346015192734374,1.1785999999999999,1.1781480538649383,-0.6166897355946226,-0.08869852125335766,-0.6172343454620024,0.3809782372179065,0.12036959628732112,15
2026-05-12,2026-05-12 12:30:00,148361,79,Core CPI m/m,USD,high,0.3,EUR/USD,1m,1,z=-2.00,-0.16329931618554525,0.13670068381445474,0.012006490867888908,1.1785999999999999,1.1787415085013688,-0.6166897355946226,-0.08869852125335766,-0.6172343454620024,0.3809782372179065,0.12036959628732112,15
2026-05-12,2026-05-12 12:30:00,148361,79,Core CPI m/m,USD,high,0.3,EUR/USD,5m,5,z=+0.00,0.0,0.3,-0.1298263160075403,1.1785999999999999,1.177069867039535,-0.9208769822085593,-0.1298263160075403,-0.5766520625550653,0.33252760124901093,0.16792504271170638,15
2026-05-12,2026-05-12 12:30:00,148361,79,Core CPI m/m,USD,high,0.3,EUR/USD,5m,5,z=+0.50,0.04082482904638631,0.3408248290463863,-0.16742096137895685,1.1785999999999999,1.1766267765491873,-0.9208769822085593,-0.1298263160075403,-0.5766520625550653,0.33252760124901093,0.16792504271170638,15
2026-05-12,2026-05-12 12:30:00,148361,79,Core CPI m/m,USD,high,0.3,EUR/USD,5m,5,z=+1.00,0.08164965809277262,0.3816496580927726,-0.20501560675037342,1.1785999999999999,1.17618368605884,-0.9208769822085593,-0.1298263160075403,-0.5766520625550653,0.33252760124901093,0.16792504271170638,15
2026-05-12,2026-05-12 12:30:00,148361,79,Core CPI m/m,USD,high,0.3,EUR/USD,5m,5,z=+2.00,0.16329931618554525,0.4632993161855452,-0.28020489749320654,1.1785999999999999,1.175297505078145,-0.9208769822085593,-0.1298263160075403,-0.5766520625550653,0.33252760124901093,0.16792504271170638,15
2026-05-12,2026-05-12 12:30:00,148361,79,Core CPI m/m,USD,high,0.3,EUR/USD,5m,5,z=-0.50,-0.04082482904638631,0.2591751709536137,-0.09223167063612374,1.1785999999999999,1.1775129575298826,-0.9208769822085593,-0.1298263160075403,-0.5766520625550653,0.33252760124901093,0.16792504271170638,15
2026-05-12,2026-05-12 12:30:00,148361,79,Core CPI m/m,USD,high,0.3,EUR/USD,5m,5,z=-1.00,-0.08164965809277262,0.21835034190722735,-0.05463702526470718,1.1785999999999999,1.17795604802023,-0.9208769822085593,-0.1298263160075403,-0.5766520625550653,0.33252760124901093,0.16792504271170638,15
2026-05-12,2026-05-12 12:30:00,148361,79,Core CPI m/m,USD,high,0.3,EUR/USD,5m,5,z=-2.00,-0.16329931618554525,0.13670068381445474,0.02055226547812594,1.1785999999999999,1.178842229000925,-0.9208769822085593,-0.1298263160075403,-0.5766520625550653,0.33252760124901093,0.16792504271170638,15
2026-05-12,2026-05-12 12:30:00,148361,79,Core CPI m/m,USD,high,0.3,EUR/USD,15m,15,z=+0.00,0.0,0.3,-0.12297782167991947,1.1785999999999999,1.1771505833936804,-0.3484399223423643,-0.12297782167991947,-0.25038710573067763,0.06269370271618553,0.027589248336808363,15
2026-05-12,2026-05-12 12:30:00,148361,79,Core CPI m/m,USD,high,0.3,EUR/USD,15m,15,z=+0.50,0.04082482904638631,0.3408248290463863,-0.13720282194248262,1.1785999999999999,1.1769829275405859,-0.3484399223423643,-0.12297782167991947,-0.25038710573067763,0.06269370271618553,0.027589248336808363,15
2026-05-12,2026-05-12 12:30:00,148361,79,Core CPI m/m,USD,high,0.3,EUR/USD,15m,15,z=+1.00,0.08164965809277262,0.3816496580927726,-0.15142782220504575,1.1785999999999999,1.1768152716874913,-0.3484399223423643,-0.12297782167991947,-0.25038710573067763,0.06269370271618553,0.027589248336808363,15
2026-05-12,2026-05-12 12:30:00,148361,79,Core CPI m/m,USD,high,0.3,EUR/USD,15m,15,z=+2.00,0.16329931618554525,0.4632993161855452,-0.17987782273017205,1.1785999999999999,1.176479959981302,-0.3484399223423643,-0.12297782167991947,-0.25038710573067763,0.06269370271618553,0.027589248336808363,15
2026-05-12,2026-05-12 12:30:00,148361,79,Core CPI m/m,USD,high,0.3,EUR/USD,15m,15,z=-0.50,-0.04082482904638631,0.2591751709536137,-0.10875282141735633,1.1785999999999999,1.177318239246775,-0.3484399223423643,-0.12297782167991947,-0.25038710573067763,0.06269370271618553,0.027589248336808363,15
2026-05-12,2026-05-12 12:30:00,148361,79,Core CPI m/m,USD,high,0.3,EUR/USD,15m,15,z=-1.00,-0.08164965809277262,0.21835034190722735,-0.09452782115479318,1.1785999999999999,1.1774858950998695,-0.3484399223423643,-0.12297782167991947,-0.25038710573067763,0.06269370271618553,0.027589248336808363,15
2026-05-12,2026-05-12 12:30:00,148361,79,Core CPI m/m,USD,high,0.3,EUR/USD,15m,15,z=-2.00,-0.16329931618554525,0.13670068381445474,-0.06607782062966688,1.1785999999999999,1.1778212068060587,-0.3484399223423643,-0.12297782167991947,-0.25038710573067763,0.06269370271618553,0.027589248336808363,15
2026-05-12,2026-05-12 12:30:00,148361,79,Core CPI m/m,USD,high,0.3,EUR/USD,30m,30,z=+0.00,0.0,0.3,-0.1150961388612017,1.1785999999999999,1.1772434769073816,-0.03696393693141675,-0.1150961388612017,-0.020793445096133602,0.00043236735896592254,0.00024305506211603006,15
2026-05-12,2026-05-12 12:30:00,148361,79,Core CPI m/m,USD,high,0.3,EUR/USD,30m,30,z=+0.50,0.04082482904638631,0.3408248290463863,-0.11660518526730819,1.1785999999999999,1.1772256912864394,-0.03696393693141675,-0.1150961388612017,-0.020793445096133602,0.00043236735896592254,0.00024305506211603006,15
2026-05-12,2026-05-12 12:30:00,148361,79,Core CPI m/m,USD,high,0.3,EUR/USD,30m,30,z=+1.00,0.08164965809277262,0.3816496580927726,-0.11811423167341469,1.1785999999999999,1.177207905665497,-0.03696393693141675,-0.1150961388612017,-0.020793445096133602,0.00043236735896592254,0.00024305506211603006,15
2026-05-12,2026-05-12 12:30:00,148361,79,Core CPI m/m,USD,high,0.3,EUR/USD,30m,30,z=+2.00,0.16329931618554525,0.4632993161855452,-0.12113232448562768,1.1785999999999999,1.1771723344236122,-0.03696393693141675,-0.1150961388612017,-0.020793445096133602,0.00043236735896592254,0.00024305506211603006,15
2026-05-12,2026-05-12 12:30:00,148361,79,Core CPI m/m,USD,high,0.3,EUR/USD,30m,30,z=-0.50,-0.04082482904638631,0.2591751709536137,-0.1135870924550952,1.1785999999999999,1.177261262528324,-0.03696393693141675,-0.1150961388612017,-0.020793445096133602,0.00043236735896592254,0.00024305506211603006,15
2026-05-12,2026-05-12 12:30:00,148361,79,Core CPI m/m,USD,high,0.3,EUR/USD,30m,30,z=-1.00,-0.08164965809277262,0.21835034190722735,-0.1120780460489887,1.1785999999999999,1.1772790481492665,-0.03696393693141675,-0.1150961388612017,-0.020793445096133602,0.00043236735896592254,0.00024305506211603006,15
2026-05-12,2026-05-12 12:30:00,148361,79,Core CPI m/m,USD,high,0.3,EUR/USD,30m,30,z=-2.00,-0.16329931618554525,0.13670068381445474,-0.10905995323677571,1.1785999999999999,1.1773146193911512,-0.03696393693141675,-0.1150961388612017,-0.020793445096133602,0.00043236735896592254,0.00024305506211603006,15
2026-05-12,2026-05-12 12:30:00,148361,79,Core CPI m/m,USD,high,0.3,EUR/USD,1h,60,z=+0.00,0.0,0.3,-0.11754253182723007,1.1785999999999999,1.177214643719884,-0.320443356566662,-0.11754253182723007,-0.18859905396087237,0.03556960315493605,0.019111324302022555,15
2026-05-12,2026-05-12 12:30:00,148361,79,Core CPI m/m,USD,high,0.3,EUR/USD,1h,60,z=+0.50,0.04082482904638631,0.3408248290463863,-0.13062457707811426,1.1785999999999999,1.1770604587345572,-0.320443356566662,-0.11754253182723007,-0.18859905396087237,0.03556960315493605,0.019111324302022555,15
2026-05-12,2026-05-12 12:30:00,148361,79,Core CPI m/m,USD,high,0.3,EUR/USD,1h,60,z=+1.00,0.08164965809277262,0.3816496580927726,-0.14370662232899845,1.1785999999999999,1.1769062737492304,-0.320443356566662,-0.11754253182723007,-0.18859905396087237,0.03556960315493605,0.019111324302022555,15
2026-05-12,2026-05-12 12:30:00,148361,79,Core CPI m/m,USD,high,0.3,EUR/USD,1h,60,z=+2.00,0.16329931618554525,0.4632993161855452,-0.16987071283076682,1.1785999999999999,1.1765979037785765,-0.320443356566662,-0.11754253182723007,-0.18859905396087237,0.03556960315493605,0.019111324302022555,15
2026-05-12,2026-05-12 12:30:00,148361,79,Core CPI m/m,USD,high,0.3,EUR/USD,1h,60,z=-0.50,-0.04082482904638631,0.2591751709536137,-0.10446048657634588,1.1785999999999999,1.177368828705211,-0.320443356566662,-0.11754253182723007,-0.18859905396087237,0.03556960315493605,0.019111324302022555,15
2026-05-12,2026-05-12 12:30:00,148361,79,Core CPI m/m,USD,high,0.3,EUR/USD,1h,60,z=-1.00,-0.08164965809277262,0.21835034190722735,-0.09137844132546169,1.1785999999999999,1.177523013690538,-0.320443356566662,-0.11754253182723007,-0.18859905396087237,0.03556960315493605,0.019111324302022555,15
2026-05-12,2026-05-12 12:30:00,148361,79,Core CPI m/m,USD,high,0.3,EUR/USD,1h,60,z=-2.00,-0.16329931618554525,0.13670068381445474,-0.06521435082369331,1.1785999999999999,1.1778313836611918,-0.320443356566662,-0.11754253182723007,-0.18859905396087237,0.03556960315493605,0.019111324302022555,15
2026-05-12,2026-05-12 12:30:00,148361,79,Core CPI m/m,USD,high,0.3,EUR/USD,2h,120,z=+0.00,0.0,0.3,-0.106077899561699,1.1785999999999999,1.1773497658757657,0.030560710081544387,-0.106077899561699,0.012480012058857551,0.0001557507009892299,0.00012060864709919734,15
2026-05-12,2026-05-12 12:30:00,148361,79,Core CPI m/m,USD,high,0.3,EUR/USD,2h,120,z=+0.50,0.04082482904638631,0.3408248290463863,-0.10483026379708377,1.1785999999999999,1.1773644705108874,0.030560710081544387,-0.106077899561699,0.012480012058857551,0.0001557507009892299,0.00012060864709919734,15
2026-05-12,2026-05-12 12:30:00,148361,79,Core CPI m/m,USD,high,0.3,EUR/USD,2h,120,z=+1.00,0.08164965809277262,0.3816496580927726,-0.10358262803246855,1.1785999999999999,1.1773791751460092,0.030560710081544387,-0.106077899561699,0.012480012058857551,0.0001557507009892299,0.00012060864709919734,15
2026-05-12,2026-05-12 12:30:00,148361,79,Core CPI m/m,USD,high,0.3,EUR/USD,2h,120,z=+2.00,0.16329931618554525,0.4632993161855452,-0.1010873565032381,1.1785999999999999,1.1774085844162527,0.030560710081544387,-0.106077899561699,0.012480012058857551,0.0001557507009892299,0.00012060864709919734,15
2026-05-12,2026-05-12 12:30:00,148361,79,Core CPI m/m,USD,high,0.3,EUR/USD,2h,120,z=-0.50,-0.04082482904638631,0.2591751709536137,-0.10732553532631423,1.1785999999999999,1.177335061240644,0.030560710081544387,-0.106077899561699,0.012480012058857551,0.0001557507009892299,0.00012060864709919734,15
2026-05-12,2026-05-12 12:30:00,148361,79,Core CPI m/m,USD,high,0.3,EUR/USD,2h,120,z=-1.00,-0.08164965809277262,0.21835034190722735,-0.10857317109092944,1.1785999999999999,1.1773203566055221,0.030560710081544387,-0.106077899561699,0.012480012058857551,0.0001557507009892299,0.00012060864709919734,15
2026-05-12,2026-05-12 12:30:00,148361,79,Core CPI m/m,USD,high,0.3,EUR/USD,2h,120,z=-2.00,-0.16329931618554525,0.13670068381445474,-0.1110684426201599,1.1785999999999999,1.1772909473352788,0.030560710081544387,-0.106077899561699,0.012480012058857551,0.0001557507009892299,0.00012060864709919734,15
2026-05-12,2026-05-12 12:30:00,148361,79,Core CPI m/m,USD,high,0.3,EUR/USD,4h,240,z=+0.00,0.0,0.3,-0.02023790067844852,1.1785999999999999,1.1783614761026038,0.2022802099349407,-0.02023790067844852,0.043124193649983794,0.0018596960779613027,0.00275850886045512,15
2026-05-12,2026-05-12 12:30:00,148361,79,Core CPI m/m,USD,high,0.3,EUR/USD,4h,240,z=+0.50,0.04082482904638631,0.3408248290463863,-0.011979845688387432,1.1785999999999999,1.1784588055387164,0.2022802099349407,-0.02023790067844852,0.043124193649983794,0.0018596960779613027,0.00275850886045512,15
2026-05-12,2026-05-12 12:30:00,148361,79,Core CPI m/m,USD,high,0.3,EUR/USD,4h,240,z=+1.00,0.08164965809277262,0.3816496580927726,-0.003721790698326344,1.1785999999999999,1.1785561349748293,0.2022802099349407,-0.02023790067844852,0.043124193649983794,0.0018596960779613027,0.00275850886045512,15
2026-05-12,2026-05-12 12:30:00,148361,79,Core CPI m/m,USD,high,0.3,EUR/USD,4h,240,z=+2.00,0.16329931618554525,0.4632993161855452,0.012794319281795832,1.1785999999999999,1.1787507938470552,0.2022802099349407,-0.02023790067844852,0.043124193649983794,0.0018596960779613027,0.00275850886045512,15
2026-05-12,2026-05-12 12:30:00,148361,79,Core CPI m/m,USD,high,0.3,EUR/USD,4h,240,z=-0.50,-0.04082482904638631,0.2591751709536137,-0.028495955668509605,1.1785999999999999,1.178264146666491,0.2022802099349407,-0.02023790067844852,0.043124193649983794,0.0018596960779613027,0.00275850886045512,15
2026-05-12,2026-05-12 12:30:00,148361,79,Core CPI m/m,USD,high,0.3,EUR/USD,4h,240,z=-1.00,-0.08164965809277262,0.21835034190722735,-0.036754010658570695,1.1785999999999999,1.178166817230378,0.2022802099349407,-0.02023790067844852,0.043124193649983794,0.0018596960779613027,0.00275850886045512,15
2026-05-12,2026-05-12 12:30:00,148361,79,Core CPI m/m,USD,high,0.3,EUR/USD,4h,240,z=-2.00,-0.16329931618554525,0.13670068381445474,-0.05327012063869287,1.1785999999999999,1.1779721583581522,0.2022802099349407,-0.02023790067844852,0.043124193649983794,0.0018596960779613027,0.00275850886045512,15
2026-05-12,2026-05-12 12:30:00,148361,79,Core CPI m/m,USD,high,0.3,EUR/USD,6h,360,z=+0.00,0.0,0.3,-0.10729071846540324,1.1785999999999999,1.1773354715921667,-1.017776682101107,-0.10729071846540324,-0.19312808063811598,0.03729845553096263,0.06215812722844541,15
2026-05-12,2026-05-12 12:30:00,148361,79,Core CPI m/m,USD,high,0.3,EUR/USD,6h,360,z=+0.50,0.04082482904638631,0.3408248290463863,-0.1488412775195792,1.1785999999999999,1.176845756703154,-1.017776682101107,-0.10729071846540324,-0.19312808063811598,0.03729845553096263,0.06215812722844541,15
2026-05-12,2026-05-12 12:30:00,148361,79,Core CPI m/m,USD,high,0.3,EUR/USD,6h,360,z=+1.00,0.08164965809277262,0.3816496580927726,-0.19039183657375514,1.1785999999999999,1.1763560418141417,-1.017776682101107,-0.10729071846540324,-0.19312808063811598,0.03729845553096263,0.06215812722844541,15
2026-05-12,2026-05-12 12:30:00,148361,79,Core CPI m/m,USD,high,0.3,EUR/USD,6h,360,z=+2.00,0.16329931618554525,0.4632993161855452,-0.27349295468210705,1.1785999999999999,1.1753766120361164,-1.017776682101107,-0.10729071846540324,-0.19312808063811598,0.03729845553096263,0.06215812722844541,15
2026-05-12,2026-05-12 12:30:00,148361,79,Core CPI m/m,USD,high,0.3,EUR/USD,6h,360,z=-0.50,-0.04082482904638631,0.2591751709536137,-0.06574015941122728,1.1785999999999999,1.177825186481179,-1.017776682101107,-0.10729071846540324,-0.19312808063811598,0.03729845553096263,0.06215812722844541,15
2026-05-12,2026-05-12 12:30:00,148361,79,Core CPI m/m,USD,high,0.3,EUR/USD,6h,360,z=-1.00,-0.08164965809277262,0.21835034190722735,-0.024189600357051325,1.1785999999999999,1.1783149013701917,-1.017776682101107,-0.10729071846540324,-0.19312808063811598,0.03729845553096263,0.06215812722844541,15
2026-05-12,2026-05-12 12:30:00,148361,79,Core CPI m/m,USD,high,0.3,EUR/USD,6h,360,z=-2.00,-0.16329931618554525,0.13670068381445474,0.05891151775130059,1.1785999999999999,1.1792943311482167,-1.017776682101107,-0.10729071846540324,-0.19312808063811598,0.03729845553096263,0.06215812722844541,15
2026-05-12,2026-05-12 12:30:00,148361,79,Core CPI m/m,USD,high,0.3,EUR/USD,12h,720,z=+0.00,0.0,0.3,-0.12073967589079296,1.1785999999999999,1.177176962179951,-1.9971035255229954,-0.12073967589079296,-0.30234215220015526,0.09141077699702184,0.18566053844997854,12
2026-05-12,2026-05-12 12:30:00,148361,79,Core CPI m/m,USD,high,0.3,EUR/USD,12h,720,z=+0.50,0.04438126822992973,0.3443812682299297,-0.20937366313996733,1.1785999999999999,1.1761323220062323,-1.9971035255229954,-0.12073967589079296,-0.30234215220015526,0.09141077699702184,0.18566053844997854,12
2026-05-12,2026-05-12 12:30:00,148361,79,Core CPI m/m,USD,high,0.3,EUR/USD,12h,720,z=+1.00,0.08876253645985946,0.3887625364598595,-0.2980076503891417,1.1785999999999999,1.1750876818325133,-1.9971035255229954,-0.12073967589079296,-0.30234215220015526,0.09141077699702184,0.18566053844997854,12
2026-05-12,2026-05-12 12:30:00,148361,79,Core CPI m/m,USD,high,0.3,EUR/USD,12h,720,z=+2.00,0.17752507291971892,0.4775250729197189,-0.4752756248874904,1.1785999999999999,1.1729984014850758,-1.9971035255229954,-0.12073967589079296,-0.30234215220015526,0.09141077699702184,0.18566053844997854,12
2026-05-12,2026-05-12 12:30:00,148361,79,Core CPI m/m,USD,high,0.3,EUR/USD,12h,720,z=-0.50,-0.04438126822992973,0.2556187317700703,-0.032105688641618585,1.1785999999999999,1.1782216023536698,-1.9971035255229954,-0.12073967589079296,-0.30234215220015526,0.09141077699702184,0.18566053844997854,12
2026-05-12,2026-05-12 12:30:00,148361,79,Core CPI m/m,USD,high,0.3,EUR/USD,12h,720,z=-1.00,-0.08876253645985946,0.21123746354014053,0.05652829860755579,1.1785999999999999,1.1792662425273885,-1.9971035255229954,-0.12073967589079296,-0.30234215220015526,0.09141077699702184,0.18566053844997854,12
2026-05-12,2026-05-12 12:30:00,148361,79,Core CPI m/m,USD,high,0.3,EUR/USD,12h,720,z=-2.00,-0.17752507291971892,0.12247492708028107,0.23379627310590453,1.1785999999999999,1.1813555228748263,-1.9971035255229954,-0.12073967589079296,-0.30234215220015526,0.09141077699702184,0.18566053844997854,12
2026-05-12,2026-05-12 12:30:00,148361,79,Core CPI m/m,USD,high,0.3,GBP/USD,1m,1,z=+0.00,0.0,0.3,-0.10028232946760528,1.3631099999999998,1.3617430415387939,-0.6041323227960897,-0.10028232946760528,-0.634930517295684,0.40313676179336483,0.1212992941952922,15
2026-05-12,2026-05-12 12:30:00,148361,79,Core CPI m/m,USD,high,0.3,GBP/USD,1m,1,z=+0.50,0.04082482904638631,0.3408248290463863,-0.12494592826715191,1.3631099999999998,1.3614068495571974,-0.6041323227960897,-0.10028232946760528,-0.634930517295684,0.40313676179336483,0.1212992941952922,15
2026-05-12,2026-05-12 12:30:00,148361,79,Core CPI m/m,USD,high,0.3,GBP/USD,1m,1,z=+1.00,0.08164965809277262,0.3816496580927726,-0.14960952706669856,1.3631099999999998,1.361070657575601,-0.6041323227960897,-0.10028232946760528,-0.634930517295684,0.40313676179336483,0.1212992941952922,15
2026-05-12,2026-05-12 12:30:00,148361,79,Core CPI m/m,USD,high,0.3,GBP/USD,1m,1,z=+2.00,0.16329931618554525,0.4632993161855452,-0.19893672466579182,1.3631099999999998,1.360398273612408,-0.6041323227960897,-0.10028232946760528,-0.634930517295684,0.40313676179336483,0.1212992941952922,15
2026-05-12,2026-05-12 12:30:00,148361,79,Core CPI m/m,USD,high,0.3,GBP/USD,1m,1,z=-0.50,-0.04082482904638631,0.2591751709536137,-0.07561873066805865,1.3631099999999998,1.3620792335203904,-0.6041323227960897,-0.10028232946760528,-0.634930517295684,0.40313676179336483,0.1212992941952922,15
2026-05-12,2026-05-12 12:30:00,148361,79,Core CPI m/m,USD,high,0.3,GBP/USD,1m,1,z=-1.00,-0.08164965809277262,0.21835034190722735,-0.050955131868512006,1.3631099999999998,1.362415425501987,-0.6041323227960897,-0.10028232946760528,-0.634930517295684,0.40313676179336483,0.1212992941952922,15
2026-05-12,2026-05-12 12:30:00,148361,79,Core CPI m/m,USD,high,0.3,GBP/USD,1m,1,z=-2.00,-0.16329931618554525,0.13670068381445474,-0.0016279342694187349,1.3631099999999998,1.36308780946518,-0.6041323227960897,-0.10028232946760528,-0.634930517295684,0.40313676179336483,0.1212992941952922,15
2026-05-12,2026-05-12 12:30:00,148361,79,Core CPI m/m,USD,high,0.3,GBP/USD,5m,5,z=+0.00,0.0,0.3,-0.14606537684659013,1.3631099999999998,1.3611189682416662,-0.8534907765263284,-0.14606537684659013,-0.5574686466886121,0.3107712920408326,0.1504593837993375,15
2026-05-12,2026-05-12 12:30:00,148361,79,Core CPI m/m,USD,high,0.3,GBP/USD,5m,5,z=+0.50,0.04082482904638631,0.3408248290463863,-0.180908991890945,1.3631099999999998,1.360644011440635,-0.8534907765263284,-0.14606537684659013,-0.5574686466886121,0.3107712920408326,0.1504593837993375,15
2026-05-12,2026-05-12 12:30:00,148361,79,Core CPI m/m,USD,high,0.3,GBP/USD,5m,5,z=+1.00,0.08164965809277262,0.3816496580927726,-0.21575260693529985,1.3631099999999998,1.360169054639604,-0.8534907765263284,-0.14606537684659013,-0.5574686466886121,0.3107712920408326,0.1504593837993375,15
2026-05-12,2026-05-12 12:30:00,148361,79,Core CPI m/m,USD,high,0.3,GBP/USD,5m,5,z=+2.00,0.16329931618554525,0.4632993161855452,-0.28543983702400955,1.3631099999999998,1.3592191410375418,-0.8534907765263284,-0.14606537684659013,-0.5574686466886121,0.3107712920408326,0.1504593837993375,15
2026-05-12,2026-05-12 12:30:00,148361,79,Core CPI m/m,USD,high,0.3,GBP/USD,5m,5,z=-0.50,-0.04082482904638631,0.2591751709536137,-0.11122176180223527,1.3631099999999998,1.3615939250426974,-0.8534907765263284,-0.14606537684659013,-0.5574686466886121,0.3107712920408326,0.1504593837993375,15
2026-05-12,2026-05-12 12:30:00,148361,79,Core CPI m/m,USD,high,0.3,GBP/USD,5m,5,z=-1.00,-0.08164965809277262,0.21835034190722735,-0.0763781467578804,1.3631099999999998,1.3620688818437285,-0.8534907765263284,-0.14606537684659013,-0.5574686466886121,0.3107712920408326,0.1504593837993375,15
2026-05-12,2026-05-12 12:30:00,148361,79,Core CPI m/m,USD,high,0.3,GBP/USD,5m,5,z=-2.00,-0.16329931618554525,0.13670068381445474,-0.006690916669170682,1.3631099999999998,1.3630187954457906,-0.8534907765263284,-0.14606537684659013,-0.5574686466886121,0.3107712920408326,0.1504593837993375,15
2026-05-12,2026-05-12 12:30:00,148361,79,Core CPI m/m,USD,high,0.3,GBP/USD,15m,15,z=+0.00,0.0,0.3,-0.14401059136659017,1.3631099999999998,1.3611469772280227,-0.4665511033169379,-0.14401059136659017,-0.2848601519652575,0.08114530617766959,0.04202724506593295,15
2026-05-12,2026-05-12 12:30:00,148361,79,Core CPI m/m,USD,high,0.3,GBP/USD,15m,15,z=+0.50,0.04082482904638631,0.3408248290463863,-0.16305746040090707,1.3631099999999998,1.360887347451529,-0.4665511033169379,-0.14401059136659017,-0.2848601519652575,0.08114530617766959,0.04202724506593295,15
2026-05-12,2026-05-12 12:30:00,148361,79,Core CPI m/m,USD,high,0.3,GBP/USD,15m,15,z=+1.00,0.08164965809277262,0.3816496580927726,-0.18210432943522398,1.3631099999999998,1.3606277176750352,-0.4665511033169379,-0.14401059136659017,-0.2848601519652575,0.08114530617766959,0.04202724506593295,15
2026-05-12,2026-05-12 12:30:00,148361,79,Core CPI m/m,USD,high,0.3,GBP/USD,15m,15,z=+2.00,0.16329931618554525,0.4632993161855452,-0.2201980675038578,1.3631099999999998,1.360108458122048,-0.4665511033169379,-0.14401059136659017,-0.2848601519652575,0.08114530617766959,0.04202724506593295,15
2026-05-12,2026-05-12 12:30:00,148361,79,Core CPI m/m,USD,high,0.3,GBP/USD,15m,15,z=-0.50,-0.04082482904638631,0.2591751709536137,-0.12496372233227326,1.3631099999999998,1.3614066070045163,-0.4665511033169379,-0.14401059136659017,-0.2848601519652575,0.08114530617766959,0.04202724506593295,15
2026-05-12,2026-05-12 12:30:00,148361,79,Core CPI m/m,USD,high,0.3,GBP/USD,15m,15,z=-1.00,-0.08164965809277262,0.21835034190722735,-0.10591685329795636,1.3631099999999998,1.36166623678101,-0.4665511033169379,-0.14401059136659017,-0.2848601519652575,0.08114530617766959,0.04202724506593295,15
2026-05-12,2026-05-12 12:30:00,148361,79,Core CPI m/m,USD,high,0.3,GBP/USD,15m,15,z=-2.00,-0.16329931618554525,0.13670068381445474,-0.06782311522932254,1.3631099999999998,1.3621854963339974,-0.4665511033169379,-0.14401059136659017,-0.2848601519652575,0.08114530617766959,0.04202724506593295,15
2026-05-12,2026-05-12 12:30:00,148361,79,Core CPI m/m,USD,high,0.3,GBP/USD,30m,30,z=+0.00,0.0,0.3,-0.13145032514383456,1.3631099999999998,1.3613181874729317,-0.27864703059588003,-0.13145032514383456,-0.14712644648770387,0.02164619125609919,0.012964183364511843,15
2026-05-12,2026-05-12 12:30:00,148361,79,Core CPI m/m,USD,high,0.3,GBP/USD,30m,30,z=+0.50,0.04082482904638631,0.3408248290463863,-0.14282604253219455,1.3631099999999998,1.3611631239316393,-0.27864703059588003,-0.13145032514383456,-0.14712644648770387,0.02164619125609919,0.012964183364511843,15
2026-05-12,2026-05-12 12:30:00,148361,79,Core CPI m/m,USD,high,0.3,GBP/USD,30m,30,z=+1.00,0.08164965809277262,0.3816496580927726,-0.15420175992055452,1.3631099999999998,1.3610080603903467,-0.27864703059588003,-0.13145032514383456,-0.14712644648770387,0.02164619125609919,0.012964183364511843,15
2026-05-12,2026-05-12 12:30:00,148361,79,Core CPI m/m,USD,high,0.3,GBP/USD,30m,30,z=+2.00,0.16329931618554525,0.4632993161855452,-0.17695319469727447,1.3631099999999998,1.3606979333077618,-0.27864703059588003,-0.13145032514383456,-0.14712644648770387,0.02164619125609919,0.012964183364511843,15
2026-05-12,2026-05-12 12:30:00,148361,79,Core CPI m/m,USD,high,0.3,GBP/USD,30m,30,z=-0.50,-0.04082482904638631,0.2591751709536137,-0.12007460775547459,1.3631099999999998,1.3614732510142242,-0.27864703059588003,-0.13145032514383456,-0.14712644648770387,0.02164619125609919,0.012964183364511843,15
2026-05-12,2026-05-12 12:30:00,148361,79,Core CPI m/m,USD,high,0.3,GBP/USD,30m,30,z=-1.00,-0.08164965809277262,0.21835034190722735,-0.10869889036711461,1.3631099999999998,1.3616283145555168,-0.27864703059588003,-0.13145032514383456,-0.14712644648770387,0.02164619125609919,0.012964183364511843,15
2026-05-12,2026-05-12 12:30:00,148361,79,Core CPI m/m,USD,high,0.3,GBP/USD,30m,30,z=-2.00,-0.16329931618554525,0.13670068381445474,-0.08594745559039466,1.3631099999999998,1.3619384416381015,-0.27864703059588003,-0.13145032514383456,-0.14712644648770387,0.02164619125609919,0.012964183364511843,15
2026-05-12,2026-05-12 12:30:00,148361,79,Core CPI m/m,USD,high,0.3,GBP/USD,1h,60,z=+0.00,0.0,0.3,-0.1257905529380932,1.3631099999999998,1.3613953363938454,0.02492376425154852,-0.1257905529380932,0.013636773548434162,0.00018596159281127365,0.0001074794074391395,15
2026-05-12,2026-05-12 12:30:00,148361,79,Core CPI m/m,USD,high,0.3,GBP/USD,1h,60,z=+0.50,0.04082482904638631,0.3408248290463863,-0.12477304452333128,1.3631099999999998,1.3614092061527978,0.02492376425154852,-0.1257905529380932,0.013636773548434162,0.00018596159281127365,0.0001074794074391395,15
2026-05-12,2026-05-12 12:30:00,148361,79,Core CPI m/m,USD,high,0.3,GBP/USD,1h,60,z=+1.00,0.08164965809277262,0.3816496580927726,-0.12375553610856938,1.3631099999999998,1.3614230759117503,0.02492376425154852,-0.1257905529380932,0.013636773548434162,0.00018596159281127365,0.0001074794074391395,15
2026-05-12,2026-05-12 12:30:00,148361,79,Core CPI m/m,USD,high,0.3,GBP/USD,1h,60,z=+2.00,0.16329931618554525,0.4632993161855452,-0.12172051927904558,1.3631099999999998,1.3614508154296552,0.02492376425154852,-0.1257905529380932,0.013636773548434162,0.00018596159281127365,0.0001074794074391395,15
2026-05-12,2026-05-12 12:30:00,148361,79,Core CPI m/m,USD,high,0.3,GBP/USD,1h,60,z=-0.50,-0.04082482904638631,0.2591751709536137,-0.12680806135285508,1.3631099999999998,1.361381466634893,0.02492376425154852,-0.1257905529380932,0.013636773548434162,0.00018596159281127365,0.0001074794074391395,15
2026-05-12,2026-05-12 12:30:00,148361,79,Core CPI m/m,USD,high,0.3,GBP/USD,1h,60,z=-1.00,-0.08164965809277262,0.21835034190722735,-0.127825569767617,1.3631099999999998,1.3613675968759404,0.02492376425154852,-0.1257905529380932,0.013636773548434162,0.00018596159281127365,0.0001074794074391395,15
2026-05-12,2026-05-12 12:30:00,148361,79,Core CPI m/m,USD,high,0.3,GBP/USD,1h,60,z=-2.00,-0.16329931618554525,0.13670068381445474,-0.1298605865971408,1.3631099999999998,1.3613398573580355,0.02492376425154852,-0.1257905529380932,0.013636773548434162,0.00018596159281127365,0.0001074794074391395,15
2026-05-12,2026-05-12 12:30:00,148361,79,Core CPI m/m,USD,high,0.3,GBP/USD,2h,120,z=+0.00,0.0,0.3,-0.10790342466272573,1.3631099999999998,1.3616391576280797,0.6894181811764568,-0.10790342466272573,0.2879449189884408,0.08291227637125975,0.06277578494402132,15
2026-05-12,2026-05-12 12:30:00,148361,79,Core CPI m/m,USD,high,0.3,GBP/USD,2h,120,z=+0.50,0.04082482904638631,0.3408248290463863,-0.0797580452747263,1.3631099999999998,1.3620228101090555,0.6894181811764568,-0.10790342466272573,0.2879449189884408,0.08291227637125975,0.06277578494402132,15
2026-05-12,2026-05-12 12:30:00,148361,79,Core CPI m/m,USD,high,0.3,GBP/USD,2h,120,z=+1.00,0.08164965809277262,0.3816496580927726,-0.05161266588672686,1.3631099999999998,1.3624064625900314,0.6894181811764568,-0.10790342466272573,0.2879449189884408,0.08291227637125975,0.06277578494402132,15
2026-05-12,2026-05-12 12:30:00,148361,79,Core CPI m/m,USD,high,0.3,GBP/USD,2h,120,z=+2.00,0.16329931618554525,0.4632993161855452,0.004678092889272012,1.3631099999999998,1.3631737675519826,0.6894181811764568,-0.10790342466272573,0.2879449189884408,0.08291227637125975,0.06277578494402132,15
2026-05-12,2026-05-12 12:30:00,148361,79,Core CPI m/m,USD,high,0.3,GBP/USD,2h,120,z=-0.50,-0.04082482904638631,0.2591751709536137,-0.13604880405072517,1.3631099999999998,1.361255505147104,0.6894181811764568,-0.10790342466272573,0.2879449189884408,0.08291227637125975,0.06277578494402132,15
2026-05-12,2026-05-12 12:30:00,148361,79,Core CPI m/m,USD,high,0.3,GBP/USD,2h,120,z=-1.00,-0.08164965809277262,0.21835034190722735,-0.1641941834387246,1.3631099999999998,1.3608718526661283,0.6894181811764568,-0.10790342466272573,0.2879449189884408,0.08291227637125975,0.06277578494402132,15
2026-05-12,2026-05-12 12:30:00,148361,79,Core CPI m/m,USD,high,0.3,GBP/USD,2h,120,z=-2.00,-0.16329931618554525,0.13670068381445474,-0.22048494221472348,1.3631099999999998,1.3601045477041767,0.6894181811764568,-0.10790342466272573,0.2879449189884408,0.08291227637125975,0.06277578494402132,15
2026-05-12,2026-05-12 12:30:00,148361,79,Core CPI m/m,USD,high,0.3,GBP/USD,4h,240,z=+0.00,0.0,0.3,-0.0361789121082132,1.3631099999999998,1.3626168416311617,1.266803416359254,-0.0361789121082132,0.3413848842454247,0.11654363919126201,0.1367582433076055,15
2026-05-12,2026-05-12 12:30:00,148361,79,Core CPI m/m,USD,high,0.3,GBP/USD,4h,240,z=+0.50,0.04082482904638631,0.3408248290463863,0.015538120800031488,1.3631099999999998,1.3633218016784372,1.266803416359254,-0.0361789121082132,0.3413848842454247,0.11654363919126201,0.1367582433076055,15
2026-05-12,2026-05-12 12:30:00,148361,79,Core CPI m/m,USD,high,0.3,GBP/USD,4h,240,z=+1.00,0.08164965809277262,0.3816496580927726,0.06725515370827617,1.3631099999999998,1.3640267617257127,1.266803416359254,-0.0361789121082132,0.3413848842454247,0.11654363919126201,0.1367582433076055,15
2026-05-12,2026-05-12 12:30:00,148361,79,Core CPI m/m,USD,high,0.3,GBP/USD,4h,240,z=+2.00,0.16329931618554525,0.4632993161855452,0.17068921952476557,1.3631099999999998,1.365436681820264,1.266803416359254,-0.0361789121082132,0.3413848842454247,0.11654363919126201,0.1367582433076055,15
2026-05-12,2026-05-12 12:30:00,148361,79,Core CPI m/m,USD,high,0.3,GBP/USD,4h,240,z=-0.50,-0.04082482904638631,0.2591751709536137,-0.0878959450164579,1.3631099999999998,1.361911881583886,1.266803416359254,-0.0361789121082132,0.3413848842454247,0.11654363919126201,0.1367582433076055,15
2026-05-12,2026-05-12 12:30:00,148361,79,Core CPI m/m,USD,high,0.3,GBP/USD,4h,240,z=-1.00,-0.08164965809277262,0.21835034190722735,-0.1396129779247026,1.3631099999999998,1.3612069215366103,1.266803416359254,-0.0361789121082132,0.3413848842454247,0.11654363919126201,0.1367582433076055,15
2026-05-12,2026-05-12 12:30:00,148361,79,Core CPI m/m,USD,high,0.3,GBP/USD,4h,240,z=-2.00,-0.16329931618554525,0.13670068381445474,-0.24304704374119196,1.3631099999999998,1.3597970014420593,1.266803416359254,-0.0361789121082132,0.3413848842454247,0.11654363919126201,0.1367582433076055,15
2026-05-12,2026-05-12 12:30:00,148361,79,Core CPI m/m,USD,high,0.3,GBP/USD,6h,360,z=+0.00,0.0,0.3,-0.08822157808026419,1.3631099999999998,1.36190744284703,0.030609178236449226,-0.08822157808026419,0.007989454352052944,6.383138084353773e-05,7.733370012200072e-05,15
2026-05-12,2026-05-12 12:30:00,148361,79,Core CPI m/m,USD,high,0.3,GBP/USD,6h,360,z=+0.50,0.04082482904638631,0.3408248290463863,-0.08697196361151079,1.3631099999999998,1.3619244764668148,0.030609178236449226,-0.08822157808026419,0.007989454352052944,6.383138084353773e-05,7.733370012200072e-05,15
2026-05-12,2026-05-12 12:30:00,148361,79,Core CPI m/m,USD,high,0.3,GBP/USD,6h,360,z=+1.00,0.08164965809277262,0.3816496580927726,-0.08572234914275738,1.3631099999999998,1.3619415100866,0.030609178236449226,-0.08822157808026419,0.007989454352052944,6.383138084353773e-05,7.733370012200072e-05,15
2026-05-12,2026-05-12 12:30:00,148361,79,Core CPI m/m,USD,high,0.3,GBP/USD,6h,360,z=+2.00,0.16329931618554525,0.4632993161855452,-0.08322312020525056,1.3631099999999998,1.36197557732617,0.030609178236449226,-0.08822157808026419,0.007989454352052944,6.383138084353773e-05,7.733370012200072e-05,15
2026-05-12,2026-05-12 12:30:00,148361,79,Core CPI m/m,USD,high,0.3,GBP/USD,6h,360,z=-0.50,-0.04082482904638631,0.2591751709536137,-0.0894711925490176,1.3631099999999998,1.3618904092272448,0.030609178236449226,-0.08822157808026419,0.007989454352052944,6.383138084353773e-05,7.733370012200072e-05,15
2026-05-12,2026-05-12 12:30:00,148361,79,Core CPI m/m,USD,high,0.3,GBP/USD,6h,360,z=-1.00,-0.08164965809277262,0.21835034190722735,-0.09072080701777101,1.3631099999999998,1.36187337560746,0.030609178236449226,-0.08822157808026419,0.007989454352052944,6.383138084353773e-05,7.733370012200072e-05,15
2026-05-12,2026-05-12 12:30:00,148361,79,Core CPI m/m,USD,high,0.3,GBP/USD,6h,360,z=-2.00,-0.16329931618554525,0.13670068381445474,-0.09322003595527782,1.3631099999999998,1.36183930836789,0.030609178236449226,-0.08822157808026419,0.007989454352052944,6.383138084353773e-05,7.733370012200072e-05,15
2026-05-12,2026-05-12 12:30:00,148361,79,Core CPI m/m,USD,high,0.3,GBP/USD,12h,720,z=+0.00,0.0,0.3,-0.10193223457574195,1.3631099999999998,1.3617205515172743,-0.6845717746158234,-0.10193223457574195,-0.15939683702928611,0.025407351654940798,0.033552046518111014,12
2026-05-12,2026-05-12 12:30:00,148361,79,Core CPI m/m,USD,high,0.3,GBP/USD,12h,720,z=+0.50,0.04438126822992973,0.3443812682299297,-0.13231439812760581,1.3631099999999998,1.3613064092076825,-0.6845717746158234,-0.10193223457574195,-0.15939683702928611,0.025407351654940798,0.033552046518111014,12
2026-05-12,2026-05-12 12:30:00,148361,79,Core CPI m/m,USD,high,0.3,GBP/USD,12h,720,z=+1.00,0.08876253645985946,0.3887625364598595,-0.16269656167946966,1.3631099999999998,1.360892266898091,-0.6845717746158234,-0.10193223457574195,-0.15939683702928611,0.025407351654940798,0.033552046518111014,12
2026-05-12,2026-05-12 12:30:00,148361,79,Core CPI m/m,USD,high,0.3,GBP/USD,12h,720,z=+2.00,0.17752507291971892,0.4775250729197189,-0.2234608887831974,1.3631099999999998,1.3600639822789071,-0.6845717746158234,-0.10193223457574195,-0.15939683702928611,0.025407351654940798,0.033552046518111014,12
2026-05-12,2026-05-12 12:30:00,148361,79,Core CPI m/m,USD,high,0.3,GBP/USD,12h,720,z=-0.50,-0.04438126822992973,0.2556187317700703,-0.07155007102387809,1.3631099999999998,1.3621346938268664,-0.6845717746158234,-0.10193223457574195,-0.15939683702928611,0.025407351654940798,0.033552046518111014,12
2026-05-12,2026-05-12 12:30:00,148361,79,Core CPI m/m,USD,high,0.3,GBP/USD,12h,720,z=-1.00,-0.08876253645985946,0.21123746354014053,-0.04116790747201423,1.3631099999999998,1.362548836136458,-0.6845717746158234,-0.10193223457574195,-0.15939683702928611,0.025407351654940798,0.033552046518111014,12
2026-05-12,2026-05-12 12:30:00,148361,79,Core CPI m/m,USD,high,0.3,GBP/USD,12h,720,z=-2.00,-0.17752507291971892,0.12247492708028107,0.01959641963171349,1.3631099999999998,1.3633771207556418,-0.6845717746158234,-0.10193223457574195,-0.15939683702928611,0.025407351654940798,0.033552046518111014,12
2026-05-12,2026-05-12 12:30:00,148361,79,Core CPI m/m,USD,high,0.3,USD/CAD,1m,1,z=+0.00,0.0,0.3,-0.06478666954760252,1.36764,1.3667539515925993,0.15976515141468242,-0.06478666954760252,0.19642375648733573,0.038582292112596166,0.009923755776388389,15
2026-05-12,2026-05-12 12:30:00,148361,79,Core CPI m/m,USD,high,0.3,USD/CAD,1m,1,z=+0.50,0.04082482904638631,0.3408248290463863,-0.05826428455352809,1.36764,1.366843154338732,0.15976515141468242,-0.06478666954760252,0.19642375648733573,0.038582292112596166,0.009923755776388389,15
2026-05-12,2026-05-12 12:30:00,148361,79,Core CPI m/m,USD,high,0.3,USD/CAD,1m,1,z=+1.00,0.08164965809277262,0.3816496580927726,-0.05174189955945366,1.36764,1.366932357084865,0.15976515141468242,-0.06478666954760252,0.19642375648733573,0.038582292112596166,0.009923755776388389,15
2026-05-12,2026-05-12 12:30:00,148361,79,Core CPI m/m,USD,high,0.3,USD/CAD,1m,1,z=+2.00,0.16329931618554525,0.4632993161855452,-0.03869712957130479,1.36764,1.3671107625771308,0.15976515141468242,-0.06478666954760252,0.19642375648733573,0.038582292112596166,0.009923755776388389,15
2026-05-12,2026-05-12 12:30:00,148361,79,Core CPI m/m,USD,high,0.3,USD/CAD,1m,1,z=-0.50,-0.04082482904638631,0.2591751709536137,-0.07130905454167696,1.36764,1.366664748846466,0.15976515141468242,-0.06478666954760252,0.19642375648733573,0.038582292112596166,0.009923755776388389,15
2026-05-12,2026-05-12 12:30:00,148361,79,Core CPI m/m,USD,high,0.3,USD/CAD,1m,1,z=-1.00,-0.08164965809277262,0.21835034190722735,-0.07783143953575139,1.36764,1.3665755461003333,0.15976515141468242,-0.06478666954760252,0.19642375648733573,0.038582292112596166,0.009923755776388389,15
2026-05-12,2026-05-12 12:30:00,148361,79,Core CPI m/m,USD,high,0.3,USD/CAD,1m,1,z=-2.00,-0.16329931618554525,0.13670068381445474,-0.09087620952390026,1.36764,1.3663971406080673,0.15976515141468242,-0.06478666954760252,0.19642375648733573,0.038582292112596166,0.009923755776388389,15
2026-05-12,2026-05-12 12:30:00,148361,79,Core CPI m/m,USD,high,0.3,USD/CAD,5m,5,z=+0.00,0.0,0.3,-0.06415798716100773,1.36764,1.3667625497043911,0.26316412372271647,-0.06415798716100773,0.24100184315222767,0.05808188840277095,0.020056125895453004,15
2026-05-12,2026-05-12 12:30:00,148361,79,Core CPI m/m,USD,high,0.3,USD/CAD,5m,5,z=+0.50,0.04082482904638631,0.3408248290463863,-0.05341435679888578,1.36764,1.3669094838906757,0.26316412372271647,-0.06415798716100773,0.24100184315222767,0.05808188840277095,0.020056125895453004,15
2026-05-12,2026-05-12 12:30:00,148361,79,Core CPI m/m,USD,high,0.3,USD/CAD,5m,5,z=+1.00,0.08164965809277262,0.3816496580927726,-0.042670726436763826,1.36764,1.3670564180769602,0.26316412372271647,-0.06415798716100773,0.24100184315222767,0.05808188840277095,0.020056125895453004,15
2026-05-12,2026-05-12 12:30:00,148361,79,Core CPI m/m,USD,high,0.3,USD/CAD,5m,5,z=+2.00,0.16329931618554525,0.4632993161855452,-0.02118346571251991,1.36764,1.3673502864495293,0.26316412372271647,-0.06415798716100773,0.24100184315222767,0.05808188840277095,0.020056125895453004,15
2026-05-12,2026-05-12 12:30:00,148361,79,Core CPI m/m,USD,high,0.3,USD/CAD,5m,5,z=-0.50,-0.04082482904638631,0.2591751709536137,-0.0749016175231297,1.36764,1.3666156155181066,0.26316412372271647,-0.06415798716100773,0.24100184315222767,0.05808188840277095,0.020056125895453004,15
2026-05-12,2026-05-12 12:30:00,148361,79,Core CPI m/m,USD,high,0.3,USD/CAD,5m,5,z=-1.00,-0.08164965809277262,0.21835034190722735,-0.08564524788525164,1.36764,1.366468681331822,0.26316412372271647,-0.06415798716100773,0.24100184315222767,0.05808188840277095,0.020056125895453004,15
2026-05-12,2026-05-12 12:30:00,148361,79,Core CPI m/m,USD,high,0.3,USD/CAD,5m,5,z=-2.00,-0.16329931618554525,0.13670068381445474,-0.10713250860949555,1.36764,1.366174812959253,0.26316412372271647,-0.06415798716100773,0.24100184315222767,0.05808188840277095,0.020056125895453004,15
2026-05-12,2026-05-12 12:30:00,148361,79,Core CPI m/m,USD,high,0.3,USD/CAD,15m,15,z=+0.00,0.0,0.3,-0.08017322955659502,1.36764,1.3665435188432922,-0.09143750743434075,-0.08017322955659502,-0.08349208529905096,0.006970928307584001,0.0024141802177592743,15
2026-05-12,2026-05-12 12:30:00,148361,79,Core CPI m/m,USD,high,0.3,USD/CAD,15m,15,z=+0.50,0.04082482904638631,0.3408248290463863,-0.08390615016602966,1.36764,1.3664924659278694,-0.09143750743434075,-0.08017322955659502,-0.08349208529905096,0.006970928307584001,0.0024141802177592743,15
2026-05-12,2026-05-12 12:30:00,148361,79,Core CPI m/m,USD,high,0.3,USD/CAD,15m,15,z=+1.00,0.08164965809277262,0.3816496580927726,-0.08763907077546429,1.36764,1.3664414130124463,-0.09143750743434075,-0.08017322955659502,-0.08349208529905096,0.006970928307584001,0.0024141802177592743,15
2026-05-12,2026-05-12 12:30:00,148361,79,Core CPI m/m,USD,high,0.3,USD/CAD,15m,15,z=+2.00,0.16329931618554525,0.4632993161855452,-0.09510491199433357,1.36764,1.3663393071816006,-0.09143750743434075,-0.08017322955659502,-0.08349208529905096,0.006970928307584001,0.0024141802177592743,15
2026-05-12,2026-05-12 12:30:00,148361,79,Core CPI m/m,USD,high,0.3,USD/CAD,15m,15,z=-0.50,-0.04082482904638631,0.2591751709536137,-0.07644030894716038,1.36764,1.3665945717587151,-0.09143750743434075,-0.08017322955659502,-0.08349208529905096,0.006970928307584001,0.0024141802177592743,15
2026-05-12,2026-05-12 12:30:00,148361,79,Core CPI m/m,USD,high,0.3,USD/CAD,15m,15,z=-1.00,-0.08164965809277262,0.21835034190722735,-0.07270738833772575,1.36764,1.3666456246741379,-0.09143750743434075,-0.08017322955659502,-0.08349208529905096,0.006970928307584001,0.0024141802177592743,15
2026-05-12,2026-05-12 12:30:00,148361,79,Core CPI m/m,USD,high,0.3,USD/CAD,15m,15,z=-2.00,-0.16329931618554525,0.13670068381445474,-0.06524154711885646,1.36764,1.3667477305049835,-0.09143750743434075,-0.08017322955659502,-0.08349208529905096,0.006970928307584001,0.0024141802177592743,15
2026-05-12,2026-05-12 12:30:00,148361,79,Core CPI m/m,USD,high,0.3,USD/CAD,30m,30,z=+0.00,0.0,0.3,-0.07272998800835276,1.36764,1.3666453155920024,-0.07629798267134574,-0.07272998800835276,-0.04959488305246808,0.0024596524249879854,0.001196602554983469,15
2026-05-12,2026-05-12 12:30:00,148361,79,Core CPI m/m,USD,high,0.3,USD/CAD,30m,30,z=+0.50,0.04082482904638631,0.3408248290463863,-0.0758448401074946,1.36764,1.3666027156287537,-0.07629798267134574,-0.07272998800835276,-0.04959488305246808,0.0024596524249879854,0.001196602554983469,15
2026-05-12,2026-05-12 12:30:00,148361,79,Core CPI m/m,USD,high,0.3,USD/CAD,30m,30,z=+1.00,0.08164965809277262,0.3816496580927726,-0.07895969220663643,1.36764,1.3665601156655052,-0.07629798267134574,-0.07272998800835276,-0.04959488305246808,0.0024596524249879854,0.001196602554983469,15
2026-05-12,2026-05-12 12:30:00,148361,79,Core CPI m/m,USD,high,0.3,USD/CAD,30m,30,z=+2.00,0.16329931618554525,0.4632993161855452,-0.0851893964049201,1.36764,1.3664749157390077,-0.07629798267134574,-0.07272998800835276,-0.04959488305246808,0.0024596524249879854,0.001196602554983469,15
2026-05-12,2026-05-12 12:30:00,148361,79,Core CPI m/m,USD,high,0.3,USD/CAD,30m,30,z=-0.50,-0.04082482904638631,0.2591751709536137,-0.06961513590921092,1.36764,1.3666879155552514,-0.07629798267134574,-0.07272998800835276,-0.04959488305246808,0.0024596524249879854,0.001196602554983469,15
2026-05-12,2026-05-12 12:30:00,148361,79,Core CPI m/m,USD,high,0.3,USD/CAD,30m,30,z=-1.00,-0.08164965809277262,0.21835034190722735,-0.06650028381006909,1.36764,1.3667305155184999,-0.07629798267134574,-0.07272998800835276,-0.04959488305246808,0.0024596524249879854,0.001196602554983469,15
2026-05-12,2026-05-12 12:30:00,148361,79,Core CPI m/m,USD,high,0.3,USD/CAD,30m,30,z=-2.00,-0.16329931618554525,0.13670068381445474,-0.06027057961178542,1.36764,1.3668157154449974,-0.07629798267134574,-0.07272998800835276,-0.04959488305246808,0.0024596524249879854,0.001196602554983469,15
2026-05-12,2026-05-12 12:30:00,148361,79,Core CPI m/m,USD,high,0.3,USD/CAD,1h,60,z=+0.00,0.0,0.3,-0.043340123140243964,1.36764,1.3670472631398847,0.0743668965372548,-0.043340123140243964,0.056753377724175075,0.0032209458831028914,0.0013346622349185938,15
2026-05-12,2026-05-12 12:30:00,148361,79,Core CPI m/m,USD,high,0.3,USD/CAD,1h,60,z=+0.50,0.04082482904638631,0.3408248290463863,-0.040304107302400236,1.36764,1.3670887849068893,0.0743668965372548,-0.043340123140243964,0.056753377724175075,0.0032209458831028914,0.0013346622349185938,15
2026-05-12,2026-05-12 12:30:00,148361,79,Core CPI m/m,USD,high,0.3,USD/CAD,1h,60,z=+1.00,0.08164965809277262,0.3816496580927726,-0.037268091464556515,1.36764,1.367130306673894,0.0743668965372548,-0.043340123140243964,0.056753377724175075,0.0032209458831028914,0.0013346622349185938,15
2026-05-12,2026-05-12 12:30:00,148361,79,Core CPI m/m,USD,high,0.3,USD/CAD,1h,60,z=+2.00,0.16329931618554525,0.4632993161855452,-0.031196059788869062,1.36764,1.3672133502079034,0.0743668965372548,-0.043340123140243964,0.056753377724175075,0.0032209458831028914,0.0013346622349185938,15
2026-05-12,2026-05-12 12:30:00,148361,79,Core CPI m/m,USD,high,0.3,USD/CAD,1h,60,z=-0.50,-0.04082482904638631,0.2591751709536137,-0.04637613897808769,1.36764,1.36700574137288,0.0743668965372548,-0.043340123140243964,0.056753377724175075,0.0032209458831028914,0.0013346622349185938,15
2026-05-12,2026-05-12 12:30:00,148361,79,Core CPI m/m,USD,high,0.3,USD/CAD,1h,60,z=-1.00,-0.08164965809277262,0.21835034190722735,-0.04941215481593141,1.36764,1.3669642196058753,0.0743668965372548,-0.043340123140243964,0.056753377724175075,0.0032209458831028914,0.0013346622349185938,15
2026-05-12,2026-05-12 12:30:00,148361,79,Core CPI m/m,USD,high,0.3,USD/CAD,1h,60,z=-2.00,-0.16329931618554525,0.13670068381445474,-0.05548418649161886,1.36764,1.366881176071866,0.0743668965372548,-0.043340123140243964,0.056753377724175075,0.0032209458831028914,0.0013346622349185938,15
2026-05-12,2026-05-12 12:30:00,148361,79,Core CPI m/m,USD,high,0.3,USD/CAD,2h,120,z=+0.00,0.0,0.3,-0.10429638213832448,1.36764,1.3662136009593233,-0.5088690764030035,-0.10429638213832448,-0.2534801257335399,0.06425217414189119,0.04078964952801632,15
2026-05-12,2026-05-12 12:30:00,148361,79,Core CPI m/m,USD,high,0.3,USD/CAD,2h,120,z=+0.50,0.04082482904638631,0.3408248290463863,-0.1250708751894696,1.36764,1.3659294806825586,-0.5088690764030035,-0.10429638213832448,-0.2534801257335399,0.06425217414189119,0.04078964952801632,15
2026-05-12,2026-05-12 12:30:00,148361,79,Core CPI m/m,USD,high,0.3,USD/CAD,2h,120,z=+1.00,0.08164965809277262,0.3816496580927726,-0.14584536824061473,1.36764,1.365645360405794,-0.5088690764030035,-0.10429638213832448,-0.2534801257335399,0.06425217414189119,0.04078964952801632,15
2026-05-12,2026-05-12 12:30:00,148361,79,Core CPI m/m,USD,high,0.3,USD/CAD,2h,120,z=+2.00,0.16329931618554525,0.4632993161855452,-0.18739435434290494,1.36764,1.3650771198522647,-0.5088690764030035,-0.10429638213832448,-0.2534801257335399,0.06425217414189119,0.04078964952801632,15
2026-05-12,2026-05-12 12:30:00,148361,79,Core CPI m/m,USD,high,0.3,USD/CAD,2h,120,z=-0.50,-0.04082482904638631,0.2591751709536137,-0.08352188908717936,1.36764,1.366497721236088,-0.5088690764030035,-0.10429638213832448,-0.2534801257335399,0.06425217414189119,0.04078964952801632,15
2026-05-12,2026-05-12 12:30:00,148361,79,Core CPI m/m,USD,high,0.3,USD/CAD,2h,120,z=-1.00,-0.08164965809277262,0.21835034190722735,-0.06274739603603426,1.36764,1.3667818415128528,-0.5088690764030035,-0.10429638213832448,-0.2534801257335399,0.06425217414189119,0.04078964952801632,15
2026-05-12,2026-05-12 12:30:00,148361,79,Core CPI m/m,USD,high,0.3,USD/CAD,2h,120,z=-2.00,-0.16329931618554525,0.13670068381445474,-0.021198409933744028,1.36764,1.3673500820663822,-0.5088690764030035,-0.10429638213832448,-0.2534801257335399,0.06425217414189119,0.04078964952801632,15
2026-05-12,2026-05-12 12:30:00,148361,79,Core CPI m/m,USD,high,0.3,USD/CAD,4h,240,z=+0.00,0.0,0.3,-0.18377856193223868,1.36764,1.36512657087559,-0.821741523843216,-0.18377856193223868,-0.3039609105499818,0.09239223514237405,0.07898651815755289,15
2026-05-12,2026-05-12 12:30:00,148361,79,Core CPI m/m,USD,high,0.3,USD/CAD,4h,240,z=+0.50,0.04082482904638631,0.3408248290463863,-0.21732601916345495,1.36764,1.3646677624315129,-0.821741523843216,-0.18377856193223868,-0.3039609105499818,0.09239223514237405,0.07898651815755289,15
2026-05-12,2026-05-12 12:30:00,148361,79,Core CPI m/m,USD,high,0.3,USD/CAD,4h,240,z=+1.00,0.08164965809277262,0.3816496580927726,-0.2508734763946712,1.36764,1.3642089539874358,-0.821741523843216,-0.18377856193223868,-0.3039609105499818,0.09239223514237405,0.07898651815755289,15
2026-05-12,2026-05-12 12:30:00,148361,79,Core CPI m/m,USD,high,0.3,USD/CAD,4h,240,z=+2.00,0.16329931618554525,0.4632993161855452,-0.31796839085710377,1.36764,1.3632913370992819,-0.821741523843216,-0.18377856193223868,-0.3039609105499818,0.09239223514237405,0.07898651815755289,15
2026-05-12,2026-05-12 12:30:00,148361,79,Core CPI m/m,USD,high,0.3,USD/CAD,4h,240,z=-0.50,-0.04082482904638631,0.2591751709536137,-0.1502311047010224,1.36764,1.3655853793196668,-0.821741523843216,-0.18377856193223868,-0.3039609105499818,0.09239223514237405,0.07898651815755289,15
2026-05-12,2026-05-12 12:30:00,148361,79,Core CPI m/m,USD,high,0.3,USD/CAD,4h,240,z=-1.00,-0.08164965809277262,0.21835034190722735,-0.11668364746980614,1.36764,1.366044187763744,-0.821741523843216,-0.18377856193223868,-0.3039609105499818,0.09239223514237405,0.07898651815755289,15
2026-05-12,2026-05-12 12:30:00,148361,79,Core CPI m/m,USD,high,0.3,USD/CAD,4h,240,z=-2.00,-0.16329931618554525,0.13670068381445474,-0.0495887330073736,1.36764,1.3669618046518979,-0.821741523843216,-0.18377856193223868,-0.3039609105499818,0.09239223514237405,0.07898651815755289,15
2026-05-12,2026-05-12 12:30:00,148361,79,Core CPI m/m,USD,high,0.3,USD/CAD,6h,360,z=+0.00,0.0,0.3,-0.1544355159968527,1.36764,1.3655278781090205,0.0842851636845037,-0.1544355159968527,0.030938648751039192,0.0009571999865401789,0.0008246173658324033,15
2026-05-12,2026-05-12 12:30:00,148361,79,Core CPI m/m,USD,high,0.3,USD/CAD,6h,360,z=+0.50,0.04082482904638631,0.3408248290463863,-0.15099458859828616,1.36764,1.3655749376084945,0.0842851636845037,-0.1544355159968527,0.030938648751039192,0.0009571999865401789,0.0008246173658324033,15
2026-05-12,2026-05-12 12:30:00,148361,79,Core CPI m/m,USD,high,0.3,USD/CAD,6h,360,z=+1.00,0.08164965809277262,0.3816496580927726,-0.1475536611997196,1.36764,1.3656219971079682,0.0842851636845037,-0.1544355159968527,0.030938648751039192,0.0009571999865401789,0.0008246173658324033,15
2026-05-12,2026-05-12 12:30:00,148361,79,Core CPI m/m,USD,high,0.3,USD/CAD,6h,360,z=+2.00,0.16329931618554525,0.4632993161855452,-0.1406718064025865,1.36764,1.3657161161069158,0.0842851636845037,-0.1544355159968527,0.030938648751039192,0.0009571999865401789,0.0008246173658324033,15
2026-05-12,2026-05-12 12:30:00,148361,79,Core CPI m/m,USD,high,0.3,USD/CAD,6h,360,z=-0.50,-0.04082482904638631,0.2591751709536137,-0.15787644339541926,1.36764,1.3654808186095468,0.0842851636845037,-0.1544355159968527,0.030938648751039192,0.0009571999865401789,0.0008246173658324033,15
2026-05-12,2026-05-12 12:30:00,148361,79,Core CPI m/m,USD,high,0.3,USD/CAD,6h,360,z=-1.00,-0.08164965809277262,0.21835034190722735,-0.1613173707939858,1.36764,1.3654337591100731,0.0842851636845037,-0.1544355159968527,0.030938648751039192,0.0009571999865401789,0.0008246173658324033,15
2026-05-12,2026-05-12 12:30:00,148361,79,Core CPI m/m,USD,high,0.3,USD/CAD,6h,360,z=-2.00,-0.16329931618554525,0.13670068381445474,-0.1681992255911189,1.36764,1.3653396401111257,0.0842851636845037,-0.1544355159968527,0.030938648751039192,0.0009571999865401789,0.0008246173658324033,15
2026-05-12,2026-05-12 12:30:00,148361,79,Core CPI m/m,USD,high,0.3,USD/CAD,12h,720,z=+0.00,0.0,0.3,-0.13662563288184806,1.36764,1.3657714531944547,0.6676824853770519,-0.13662563288184806,0.20061225196336993,0.040245275637814625,0.04118582446176316,12
2026-05-12,2026-05-12 12:30:00,148361,79,Core CPI m/m,USD,high,0.3,USD/CAD,12h,720,z=+0.50,0.04438126822992973,0.3443812682299297,-0.10699303740590299,1.36764,1.3661767204232218,0.6676824853770519,-0.13662563288184806,0.20061225196336993,0.040245275637814625,0.04118582446176316,12
2026-05-12,2026-05-12 12:30:00,148361,79,Core CPI m/m,USD,high,0.3,USD/CAD,12h,720,z=+1.00,0.08876253645985946,0.3887625364598595,-0.07736044192995792,1.36764,1.366581987651989,0.6676824853770519,-0.13662563288184806,0.20061225196336993,0.040245275637814625,0.04118582446176316,12
2026-05-12,2026-05-12 12:30:00,148361,79,Core CPI m/m,USD,high,0.3,USD/CAD,12h,720,z=+2.00,0.17752507291971892,0.4775250729197189,-0.018095250978067773,1.36764,1.3673925221095236,0.6676824853770519,-0.13662563288184806,0.20061225196336993,0.040245275637814625,0.04118582446176316,12
2026-05-12,2026-05-12 12:30:00,148361,79,Core CPI m/m,USD,high,0.3,USD/CAD,12h,720,z=-0.50,-0.04438126822992973,0.2556187317700703,-0.16625822835779314,1.36764,1.3653661859656874,0.6676824853770519,-0.13662563288184806,0.20061225196336993,0.040245275637814625,0.04118582446176316,12
2026-05-12,2026-05-12 12:30:00,148361,79,Core CPI m/m,USD,high,0.3,USD/CAD,12h,720,z=-1.00,-0.08876253645985946,0.21123746354014053,-0.1958908238337382,1.36764,1.3649609187369203,0.6676824853770519,-0.13662563288184806,0.20061225196336993,0.040245275637814625,0.04118582446176316,12
2026-05-12,2026-05-12 12:30:00,148361,79,Core CPI m/m,USD,high,0.3,USD/CAD,12h,720,z=-2.00,-0.17752507291971892,0.12247492708028107,-0.2551560147856283,1.36764,1.3641503842793858,0.6676824853770519,-0.13662563288184806,0.20061225196336993,0.040245275637814625,0.04118582446176316,12
2026-05-12,2026-05-12 12:30:00,148361,79,Core CPI m/m,USD,high,0.3,USD/JPY,1m,1,z=+0.00,0.0,0.3,-0.1241864073941015,156.67450000000002,156.47993156714736,0.5193390293084379,-0.1241864073941015,0.3356055120768117,0.11263105973633901,0.05511629894740243,15
2026-05-12,2026-05-12 12:30:00,148361,79,Core CPI m/m,USD,high,0.3,USD/JPY,1m,1,z=+0.50,0.04082482904638631,0.3408248290463863,-0.1029844803054683,156.67450000000002,156.51314958040382,0.5193390293084379,-0.1241864073941015,0.3356055120768117,0.11263105973633901,0.05511629894740243,15
2026-05-12,2026-05-12 12:30:00,148361,79,Core CPI m/m,USD,high,0.3,USD/JPY,1m,1,z=+1.00,0.08164965809277262,0.3816496580927726,-0.08178255321683513,156.67450000000002,156.5463675936603,0.5193390293084379,-0.1241864073941015,0.3356055120768117,0.11263105973633901,0.05511629894740243,15
2026-05-12,2026-05-12 12:30:00,148361,79,Core CPI m/m,USD,high,0.3,USD/JPY,1m,1,z=+2.00,0.16329931618554525,0.4632993161855452,-0.039378699039568754,156.67450000000002,156.61280362017328,0.5193390293084379,-0.1241864073941015,0.3356055120768117,0.11263105973633901,0.05511629894740243,15
2026-05-12,2026-05-12 12:30:00,148361,79,Core CPI m/m,USD,high,0.3,USD/JPY,1m,1,z=-0.50,-0.04082482904638631,0.2591751709536137,-0.1453883344827347,156.67450000000002,156.44671355389087,0.5193390293084379,-0.1241864073941015,0.3356055120768117,0.11263105973633901,0.05511629894740243,15
2026-05-12,2026-05-12 12:30:00,148361,79,Core CPI m/m,USD,high,0.3,USD/JPY,1m,1,z=-1.00,-0.08164965809277262,0.21835034190722735,-0.16659026157136786,156.67450000000002,156.4134955406344,0.5193390293084379,-0.1241864073941015,0.3356055120768117,0.11263105973633901,0.05511629894740243,15
2026-05-12,2026-05-12 12:30:00,148361,79,Core CPI m/m,USD,high,0.3,USD/JPY,1m,1,z=-2.00,-0.16329931618554525,0.13670068381445474,-0.20899411574863425,156.67450000000002,156.3470595141214,0.5193390293084379,-0.1241864073941015,0.3356055120768117,0.11263105973633901,0.05511629894740243,15
2026-05-12,2026-05-12 12:30:00,148361,79,Core CPI m/m,USD,high,0.3,USD/JPY,5m,5,z=+0.00,0.0,0.3,-0.1288039545173659,156.67450000000002,156.4726970482797,0.5136670560340229,-0.1288039545173659,0.22368409201882206,0.05003457302228485,0.03633430121466117,15
2026-05-12,2026-05-12 12:30:00,148361,79,Core CPI m/m,USD,high,0.3,USD/JPY,5m,5,z=+0.50,0.04082482904638631,0.3408248290463863,-0.10783358476801638,156.67450000000002,156.50555227023267,0.5136670560340229,-0.1288039545173659,0.22368409201882206,0.05003457302228485,0.03633430121466117,15
2026-05-12,2026-05-12 12:30:00,148361,79,Core CPI m/m,USD,high,0.3,USD/JPY,5m,5,z=+1.00,0.08164965809277262,0.3816496580927726,-0.08686321501866685,156.67450000000002,156.5384074921856,0.5136670560340229,-0.1288039545173659,0.22368409201882206,0.05003457302228485,0.03633430121466117,15
2026-05-12,2026-05-12 12:30:00,148361,79,Core CPI m/m,USD,high,0.3,USD/JPY,5m,5,z=+2.00,0.16329931618554525,0.4632993161855452,-0.04492247551996781,156.67450000000002,156.60411793609148,0.5136670560340229,-0.1288039545173659,0.22368409201882206,0.05003457302228485,0.03633430121466117,15
2026-05-12,2026-05-12 12:30:00,148361,79,Core CPI m/m,USD,high,0.3,USD/JPY,5m,5,z=-0.50,-0.04082482904638631,0.2591751709536137,-0.14977432426671541,156.67450000000002,156.43984182632676,0.5136670560340229,-0.1288039545173659,0.22368409201882206,0.05003457302228485,0.03633430121466117,15
2026-05-12,2026-05-12 12:30:00,148361,79,Core CPI m/m,USD,high,0.3,USD/JPY,5m,5,z=-1.00,-0.08164965809277262,0.21835034190722735,-0.17074469401606496,156.67450000000002,156.40698660437383,0.5136670560340229,-0.1288039545173659,0.22368409201882206,0.05003457302228485,0.03633430121466117,15
2026-05-12,2026-05-12 12:30:00,148361,79,Core CPI m/m,USD,high,0.3,USD/JPY,5m,5,z=-2.00,-0.16329931618554525,0.13670068381445474,-0.212685433514764,156.67450000000002,156.34127616046794,0.5136670560340229,-0.1288039545173659,0.22368409201882206,0.05003457302228485,0.03633430121466117,15
2026-05-12,2026-05-12 12:30:00,148361,79,Core CPI m/m,USD,high,0.3,USD/JPY,15m,15,z=+0.00,0.0,0.3,-0.1339781189857023,156.67450000000002,156.46459045196977,0.1818602338995156,-0.1339781189857023,0.07086906487036446,0.0050224243555999255,0.004075627158204122,15
2026-05-12,2026-05-12 12:30:00,148361,79,Core CPI m/m,USD,high,0.3,USD/JPY,15m,15,z=+0.50,0.04082482904638631,0.3408248290463863,-0.12655370602641874,156.67450000000002,156.47622261385166,0.1818602338995156,-0.1339781189857023,0.07086906487036446,0.0050224243555999255,0.004075627158204122,15
2026-05-12,2026-05-12 12:30:00,148361,79,Core CPI m/m,USD,high,0.3,USD/JPY,15m,15,z=+1.00,0.08164965809277262,0.3816496580927726,-0.1191292930671352,156.67450000000002,156.48785477573355,0.1818602338995156,-0.1339781189857023,0.07086906487036446,0.0050224243555999255,0.004075627158204122,15
2026-05-12,2026-05-12 12:30:00,148361,79,Core CPI m/m,USD,high,0.3,USD/JPY,15m,15,z=+2.00,0.16329931618554525,0.4632993161855452,-0.10428046714856809,156.67450000000002,156.51111909949734,0.1818602338995156,-0.1339781189857023,0.07086906487036446,0.0050224243555999255,0.004075627158204122,15
2026-05-12,2026-05-12 12:30:00,148361,79,Core CPI m/m,USD,high,0.3,USD/JPY,15m,15,z=-0.50,-0.04082482904638631,0.2591751709536137,-0.14140253194498587,156.67450000000002,156.45295829008788,0.1818602338995156,-0.1339781189857023,0.07086906487036446,0.0050224243555999255,0.004075627158204122,15
2026-05-12,2026-05-12 12:30:00,148361,79,Core CPI m/m,USD,high,0.3,USD/JPY,15m,15,z=-1.00,-0.08164965809277262,0.21835034190722735,-0.1488269449042694,156.67450000000002,156.441326128206,0.1818602338995156,-0.1339781189857023,0.07086906487036446,0.0050224243555999255,0.004075627158204122,15
2026-05-12,2026-05-12 12:30:00,148361,79,Core CPI m/m,USD,high,0.3,USD/JPY,15m,15,z=-2.00,-0.16329931618554525,0.13670068381445474,-0.16367577082283652,156.67450000000002,156.4180618044422,0.1818602338995156,-0.1339781189857023,0.07086906487036446,0.0050224243555999255,0.004075627158204122,15
2026-05-12,2026-05-12 12:30:00,148361,79,Core CPI m/m,USD,high,0.3,USD/JPY,30m,30,z=+0.00,0.0,0.3,-0.10800267597193859,156.67450000000002,156.50528734743438,-0.15394404513452636,-0.10800267597193859,-0.0599200286889837,0.0035904098380886294,0.002916989775169794,15
2026-05-12,2026-05-12 12:30:00,148361,79,Core CPI m/m,USD,high,0.3,USD/JPY,30m,30,z=+0.50,0.04082482904638631,0.3408248290463863,-0.11428741529726481,156.67450000000002,156.49544076352012,-0.15394404513452636,-0.10800267597193859,-0.0599200286889837,0.0035904098380886294,0.002916989775169794,15
2026-05-12,2026-05-12 12:30:00,148361,79,Core CPI m/m,USD,high,0.3,USD/JPY,30m,30,z=+1.00,0.08164965809277262,0.3816496580927726,-0.12057215462259102,156.67450000000002,156.48559417960587,-0.15394404513452636,-0.10800267597193859,-0.0599200286889837,0.0035904098380886294,0.002916989775169794,15
2026-05-12,2026-05-12 12:30:00,148361,79,Core CPI m/m,USD,high,0.3,USD/JPY,30m,30,z=+2.00,0.16329931618554525,0.4632993161855452,-0.13314163327324346,156.67450000000002,156.46590101177733,-0.15394404513452636,-0.10800267597193859,-0.0599200286889837,0.0035904098380886294,0.002916989775169794,15
2026-05-12,2026-05-12 12:30:00,148361,79,Core CPI m/m,USD,high,0.3,USD/JPY,30m,30,z=-0.50,-0.04082482904638631,0.2591751709536137,-0.10171793664661237,156.67450000000002,156.51513393134863,-0.15394404513452636,-0.10800267597193859,-0.0599200286889837,0.0035904098380886294,0.002916989775169794,15
2026-05-12,2026-05-12 12:30:00,148361,79,Core CPI m/m,USD,high,0.3,USD/JPY,30m,30,z=-1.00,-0.08164965809277262,0.21835034190722735,-0.09543319732128616,156.67450000000002,156.52498051526288,-0.15394404513452636,-0.10800267597193859,-0.0599200286889837,0.0035904098380886294,0.002916989775169794,15
2026-05-12,2026-05-12 12:30:00,148361,79,Core CPI m/m,USD,high,0.3,USD/JPY,30m,30,z=-2.00,-0.16329931618554525,0.13670068381445474,-0.08286371867063372,156.67450000000002,156.5446736830914,-0.15394404513452636,-0.10800267597193859,-0.0599200286889837,0.0035904098380886294,0.002916989775169794,15
2026-05-12,2026-05-12 12:30:00,148361,79,Core CPI m/m,USD,high,0.3,USD/JPY,1h,60,z=+0.00,0.0,0.3,-0.15970690913972865,156.67450000000002,156.4242799986399,-0.22869815652235218,-0.15970690913972865,-0.08563310353071941,0.00733302842030291,0.0061930466010124115,15
2026-05-12,2026-05-12 12:30:00,148361,79,Core CPI m/m,USD,high,0.3,USD/JPY,1h,60,z=+0.50,0.04082482904638631,0.3408248290463863,-0.1690434722829774,156.67450000000002,156.40965198501803,-0.22869815652235218,-0.15970690913972865,-0.08563310353071941,0.00733302842030291,0.0061930466010124115,15
2026-05-12,2026-05-12 12:30:00,148361,79,Core CPI m/m,USD,high,0.3,USD/JPY,1h,60,z=+1.00,0.08164965809277262,0.3816496580927726,-0.1783800354262261,156.67450000000002,156.39502397139614,-0.22869815652235218,-0.15970690913972865,-0.08563310353071941,0.00733302842030291,0.0061930466010124115,15
2026-05-12,2026-05-12 12:30:00,148361,79,Core CPI m/m,USD,high,0.3,USD/JPY,1h,60,z=+2.00,0.16329931618554525,0.4632993161855452,-0.19705316171272355,156.67450000000002,156.36576794415242,-0.22869815652235218,-0.15970690913972865,-0.08563310353071941,0.00733302842030291,0.0061930466010124115,15
2026-05-12,2026-05-12 12:30:00,148361,79,Core CPI m/m,USD,high,0.3,USD/JPY,1h,60,z=-0.50,-0.04082482904638631,0.2591751709536137,-0.15037034599647991,156.67450000000002,156.43890801226178,-0.22869815652235218,-0.15970690913972865,-0.08563310353071941,0.00733302842030291,0.0061930466010124115,15
2026-05-12,2026-05-12 12:30:00,148361,79,Core CPI m/m,USD,high,0.3,USD/JPY,1h,60,z=-1.00,-0.08164965809277262,0.21835034190722735,-0.1410337828532312,156.67450000000002,156.45353602588364,-0.22869815652235218,-0.15970690913972865,-0.08563310353071941,0.00733302842030291,0.0061930466010124115,15
2026-05-12,2026-05-12 12:30:00,148361,79,Core CPI m/m,USD,high,0.3,USD/JPY,1h,60,z=-2.00,-0.16329931618554525,0.13670068381445474,-0.12236065656673376,156.67450000000002,156.48279205312738,-0.22869815652235218,-0.15970690913972865,-0.08563310353071941,0.00733302842030291,0.0061930466010124115,15
2026-05-12,2026-05-12 12:30:00,148361,79,Core CPI m/m,USD,high,0.3,USD/JPY,2h,120,z=+0.00,0.0,0.3,-0.07549223711338054,156.67450000000002,156.55622291496383,0.3301935930795438,-0.07549223711338054,0.09167975982005887,0.00840517836066368,0.009572868849866576,15
2026-05-12,2026-05-12 12:30:00,148361,79,Core CPI m/m,USD,high,0.3,USD/JPY,2h,120,z=+0.50,0.04082482904638631,0.3408248290463863,-0.06201214012369612,156.67450000000002,156.57734278952194,0.3301935930795438,-0.07549223711338054,0.09167975982005887,0.00840517836066368,0.009572868849866576,15
2026-05-12,2026-05-12 12:30:00,148361,79,Core CPI m/m,USD,high,0.3,USD/JPY,2h,120,z=+1.00,0.08164965809277262,0.3816496580927726,-0.0485320431340117,156.67450000000002,156.59846266408002,0.3301935930795438,-0.07549223711338054,0.09167975982005887,0.00840517836066368,0.009572868849866576,15
2026-05-12,2026-05-12 12:30:00,148361,79,Core CPI m/m,USD,high,0.3,USD/JPY,2h,120,z=+2.00,0.16329931618554525,0.4632993161855452,-0.02157184915464285,156.67450000000002,156.64070241319624,0.3301935930795438,-0.07549223711338054,0.09167975982005887,0.00840517836066368,0.009572868849866576,15
2026-05-12,2026-05-12 12:30:00,148361,79,Core CPI m/m,USD,high,0.3,USD/JPY,2h,120,z=-0.50,-0.04082482904638631,0.2591751709536137,-0.08897233410306497,156.67450000000002,156.53510304040572,0.3301935930795438,-0.07549223711338054,0.09167975982005887,0.00840517836066368,0.009572868849866576,15
2026-05-12,2026-05-12 12:30:00,148361,79,Core CPI m/m,USD,high,0.3,USD/JPY,2h,120,z=-1.00,-0.08164965809277262,0.21835034190722735,-0.10245243109274939,156.67450000000002,156.5139831658476,0.3301935930795438,-0.07549223711338054,0.09167975982005887,0.00840517836066368,0.009572868849866576,15
2026-05-12,2026-05-12 12:30:00,148361,79,Core CPI m/m,USD,high,0.3,USD/JPY,2h,120,z=-2.00,-0.16329931618554525,0.13670068381445474,-0.12941262507211823,156.67450000000002,156.4717434167314,0.3301935930795438,-0.07549223711338054,0.09167975982005887,0.00840517836066368,0.009572868849866576,15
2026-05-12,2026-05-12 12:30:00,148361,79,Core CPI m/m,USD,high,0.3,USD/JPY,4h,240,z=+0.00,0.0,0.3,-0.12377450893844015,156.67450000000002,156.48057690699326,0.8751079114250183,-0.12377450893844015,0.1809400407939034,0.03273929836249943,0.05007215627734579,15
2026-05-12,2026-05-12 12:30:00,148361,79,Core CPI m/m,USD,high,0.3,USD/JPY,4h,240,z=+0.50,0.04082482904638631,0.3408248290463863,-0.0880483780573736,156.67450000000002,156.53655064392052,0.8751079114250183,-0.12377450893844015,0.1809400407939034,0.03273929836249943,0.05007215627734579,15
2026-05-12,2026-05-12 12:30:00,148361,79,Core CPI m/m,USD,high,0.3,USD/JPY,4h,240,z=+1.00,0.08164965809277262,0.3816496580927726,-0.052322247176307055,156.67450000000002,156.59252438084778,0.8751079114250183,-0.12377450893844015,0.1809400407939034,0.03273929836249943,0.05007215627734579,15
2026-05-12,2026-05-12 12:30:00,148361,79,Core CPI m/m,USD,high,0.3,USD/JPY,4h,240,z=+2.00,0.16329931618554525,0.4632993161855452,0.01913001458582604,156.67450000000002,156.7044718547023,0.8751079114250183,-0.12377450893844015,0.1809400407939034,0.03273929836249943,0.05007215627734579,15
2026-05-12,2026-05-12 12:30:00,148361,79,Core CPI m/m,USD,high,0.3,USD/JPY,4h,240,z=-0.50,-0.04082482904638631,0.2591751709536137,-0.15950063981950668,156.67450000000002,156.424603170066,0.8751079114250183,-0.12377450893844015,0.1809400407939034,0.03273929836249943,0.05007215627734579,15
2026-05-12,2026-05-12 12:30:00,148361,79,Core CPI m/m,USD,high,0.3,USD/JPY,4h,240,z=-1.00,-0.08164965809277262,0.21835034190722735,-0.19522677070057326,156.67450000000002,156.36862943313875,0.8751079114250183,-0.12377450893844015,0.1809400407939034,0.03273929836249943,0.05007215627734579,15
2026-05-12,2026-05-12 12:30:00,148361,79,Core CPI m/m,USD,high,0.3,USD/JPY,4h,240,z=-2.00,-0.16329931618554525,0.13670068381445474,-0.26667903246270636,156.67450000000002,156.25668195928424,0.8751079114250183,-0.12377450893844015,0.1809400407939034,0.03273929836249943,0.05007215627734579,15
2026-05-12,2026-05-12 12:30:00,148361,79,Core CPI m/m,USD,high,0.3,USD/JPY,6h,360,z=+0.00,0.0,0.3,-0.10498903879641161,156.67450000000002,156.51000894841093,0.8082564588231886,-0.10498903879641161,0.1835723644825952,0.03369881300173078,0.046919836016740483,15
2026-05-12,2026-05-12 12:30:00,148361,79,Core CPI m/m,USD,high,0.3,USD/JPY,6h,360,z=+0.50,0.04082482904638631,0.3408248290463863,-0.07199210703931735,156.67450000000002,156.56170672625672,0.8082564588231886,-0.10498903879641161,0.1835723644825952,0.03369881300173078,0.046919836016740483,15
2026-05-12,2026-05-12 12:30:00,148361,79,Core CPI m/m,USD,high,0.3,USD/JPY,6h,360,z=+1.00,0.08164965809277262,0.3816496580927726,-0.0389951752822231,156.67450000000002,156.61340450410248,0.8082564588231886,-0.10498903879641161,0.1835723644825952,0.03369881300173078,0.046919836016740483,15
2026-05-12,2026-05-12 12:30:00,148361,79,Core CPI m/m,USD,high,0.3,USD/JPY,6h,360,z=+2.00,0.16329931618554525,0.4632993161855452,0.026998688231965412,156.67450000000002,156.71680005979402,0.8082564588231886,-0.10498903879641161,0.1835723644825952,0.03369881300173078,0.046919836016740483,15
2026-05-12,2026-05-12 12:30:00,148361,79,Core CPI m/m,USD,high,0.3,USD/JPY,6h,360,z=-0.50,-0.04082482904638631,0.2591751709536137,-0.13798597055350587,156.67450000000002,156.45831117056517,0.8082564588231886,-0.10498903879641161,0.1835723644825952,0.03369881300173078,0.046919836016740483,15
2026-05-12,2026-05-12 12:30:00,148361,79,Core CPI m/m,USD,high,0.3,USD/JPY,6h,360,z=-1.00,-0.08164965809277262,0.21835034190722735,-0.17098290231060012,156.67450000000002,156.4066133927194,0.8082564588231886,-0.10498903879641161,0.1835723644825952,0.03369881300173078,0.046919836016740483,15
2026-05-12,2026-05-12 12:30:00,148361,79,Core CPI m/m,USD,high,0.3,USD/JPY,6h,360,z=-2.00,-0.16329931618554525,0.13670068381445474,-0.23697676582478863,156.67450000000002,156.30321783702786,0.8082564588231886,-0.10498903879641161,0.1835723644825952,0.03369881300173078,0.046919836016740483,15
2026-05-12,2026-05-12 12:30:00,148361,79,Core CPI m/m,USD,high,0.3,USD/JPY,12h,720,z=+0.00,0.0,0.3,-0.11838927758760501,156.67450000000002,156.48901419128603,2.956461231807066,-0.11838927758760501,0.4377302642235796,0.19160778421724478,0.3979230437071772,12
2026-05-12,2026-05-12 12:30:00,148361,79,Core CPI m/m,USD,high,0.3,USD/JPY,12h,720,z=+0.50,0.04438126822992973,0.3443812682299297,0.01282222135261285,156.67450000000002,156.69458915119313,2.956461231807066,-0.11838927758760501,0.4377302642235796,0.19160778421724478,0.3979230437071772,12
2026-05-12,2026-05-12 12:30:00,148361,79,Core CPI m/m,USD,high,0.3,USD/JPY,12h,720,z=+1.00,0.08876253645985946,0.3887625364598595,0.1440337202928307,156.67450000000002,156.90016411110022,2.956461231807066,-0.11838927758760501,0.4377302642235796,0.19160778421724478,0.3979230437071772,12
2026-05-12,2026-05-12 12:30:00,148361,79,Core CPI m/m,USD,high,0.3,USD/JPY,12h,720,z=+2.00,0.17752507291971892,0.4775250729197189,0.40645671817326645,156.67450000000002,157.31131403091442,2.956461231807066,-0.11838927758760501,0.4377302642235796,0.19160778421724478,0.3979230437071772,12
2026-05-12,2026-05-12 12:30:00,148361,79,Core CPI m/m,USD,high,0.3,USD/JPY,12h,720,z=-0.50,-0.04438126822992973,0.2556187317700703,-0.24960077652782287,156.67450000000002,156.28343923137894,2.956461231807066,-0.11838927758760501,0.4377302642235796,0.19160778421724478,0.3979230437071772,12
2026-05-12,2026-05-12 12:30:00,148361,79,Core CPI m/m,USD,high,0.3,USD/JPY,12h,720,z=-1.00,-0.08876253645985946,0.21123746354014053,-0.38081227546804075,156.67450000000002,156.07786427147184,2.956461231807066,-0.11838927758760501,0.4377302642235796,0.19160778421724478,0.3979230437071772,12
2026-05-12,2026-05-12 12:30:00,148361,79,Core CPI m/m,USD,high,0.3,USD/JPY,12h,720,z=-2.00,-0.17752507291971892,0.12247492708028107,-0.6432352733484764,156.67450000000002,155.66671435165767,2.956461231807066,-0.11838927758760501,0.4377302642235796,0.19160778421724478,0.3979230437071772,12
2026-05-13,2026-05-13 12:30:00,148399,87,Core PPI m/m,USD,high,0.3,EUR/USD,1m,1,z=+0.00,0.0,0.3,-0.049851338656759524,1.1785999999999999,1.1780124521225912,-0.01325070779146727,-0.049851338656759524,-0.14215895961953562,0.02020916980010876,0.002865876967063632,16
2026-05-13,2026-05-13 12:30:00,148399,87,Core PPI m/m,USD,high,0.3,EUR/USD,1m,1,z=+0.50,0.19017535767461216,0.4901753576746122,-0.05237129675044358,1.1785999999999999,1.1779827518964991,-0.01325070779146727,-0.049851338656759524,-0.14215895961953562,0.02020916980010876,0.002865876967063632,16
2026-05-13,2026-05-13 12:30:00,148399,87,Core PPI m/m,USD,high,0.3,EUR/USD,1m,1,z=+1.00,0.3803507153492243,0.6803507153492243,-0.05489125484412764,1.1785999999999999,1.177953051670407,-0.01325070779146727,-0.049851338656759524,-0.14215895961953562,0.02020916980010876,0.002865876967063632,16
2026-05-13,2026-05-13 12:30:00,148399,87,Core PPI m/m,USD,high,0.3,EUR/USD,1m,1,z=+2.00,0.7607014306984486,1.0607014306984486,-0.059931171031495756,1.1785999999999999,1.1778936512182228,-0.01325070779146727,-0.049851338656759524,-0.14215895961953562,0.02020916980010876,0.002865876967063632,16
2026-05-13,2026-05-13 12:30:00,148399,87,Core PPI m/m,USD,high,0.3,EUR/USD,1m,1,z=-0.50,-0.19017535767461216,0.10982464232538783,-0.04733138056307547,1.1785999999999999,1.1780421523486835,-0.01325070779146727,-0.049851338656759524,-0.14215895961953562,0.02020916980010876,0.002865876967063632,16
2026-05-13,2026-05-13 12:30:00,148399,87,Core PPI m/m,USD,high,0.3,EUR/USD,1m,1,z=-1.00,-0.3803507153492243,-0.08035071534922433,-0.044811422469391404,1.1785999999999999,1.1780718525747755,-0.01325070779146727,-0.049851338656759524,-0.14215895961953562,0.02020916980010876,0.002865876967063632,16
2026-05-13,2026-05-13 12:30:00,148399,87,Core PPI m/m,USD,high,0.3,EUR/USD,1m,1,z=-2.00,-0.7607014306984486,-0.46070143069844866,-0.03977150628202329,1.1785999999999999,1.1781312530269599,-0.01325070779146727,-0.049851338656759524,-0.14215895961953562,0.02020916980010876,0.002865876967063632,16
2026-05-13,2026-05-13 12:30:00,148399,87,Core PPI m/m,USD,high,0.3,EUR/USD,5m,5,z=+0.00,0.0,0.3,-0.04987141885558375,1.1785999999999999,1.178012215457368,0.046656429675925974,-0.04987141885558375,0.30177290762002024,0.09106688777344127,0.02142081438503534,16
2026-05-13,2026-05-13 12:30:00,148399,87,Core PPI m/m,USD,high,0.3,EUR/USD,5m,5,z=+0.50,0.19017535767461216,0.4901753576746122,-0.04099851565414414,1.1785999999999999,1.1781167914945,0.046656429675925974,-0.04987141885558375,0.30177290762002024,0.09106688777344127,0.02142081438503534,16
2026-05-13,2026-05-13 12:30:00,148399,87,Core PPI m/m,USD,high,0.3,EUR/USD,5m,5,z=+1.00,0.3803507153492243,0.6803507153492243,-0.032125612452704524,1.1785999999999999,1.1782213675316322,0.046656429675925974,-0.04987141885558375,0.30177290762002024,0.09106688777344127,0.02142081438503534,16
2026-05-13,2026-05-13 12:30:00,148399,87,Core PPI m/m,USD,high,0.3,EUR/USD,5m,5,z=+2.00,0.7607014306984486,1.0607014306984486,-0.014379806049825306,1.1785999999999999,1.1784305196058966,0.046656429675925974,-0.04987141885558375,0.30177290762002024,0.09106688777344127,0.02142081438503534,16
2026-05-13,2026-05-13 12:30:00,148399,87,Core PPI m/m,USD,high,0.3,EUR/USD,5m,5,z=-0.50,-0.19017535767461216,0.10982464232538783,-0.05874432205702336,1.1785999999999999,1.1779076394202357,0.046656429675925974,-0.04987141885558375,0.30177290762002024,0.09106688777344127,0.02142081438503534,16
2026-05-13,2026-05-13 12:30:00,148399,87,Core PPI m/m,USD,high,0.3,EUR/USD,5m,5,z=-1.00,-0.3803507153492243,-0.08035071534922433,-0.06761722525846298,1.1785999999999999,1.1778030633831036,0.046656429675925974,-0.04987141885558375,0.30177290762002024,0.09106688777344127,0.02142081438503534,16
2026-05-13,2026-05-13 12:30:00,148399,87,Core PPI m/m,USD,high,0.3,EUR/USD,5m,5,z=-2.00,-0.7607014306984486,-0.46070143069844866,-0.0853630316613422,1.1785999999999999,1.1775939113088392,0.046656429675925974,-0.04987141885558375,0.30177290762002024,0.09106688777344127,0.02142081438503534,16
2026-05-13,2026-05-13 12:30:00,148399,87,Core PPI m/m,USD,high,0.3,EUR/USD,15m,15,z=+0.00,0.0,0.3,-0.04878783196307509,1.1785999999999999,1.1780249866124832,0.10122213115612992,-0.04878783196307509,0.39718379513185587,0.15775496711534406,0.06116616145525379,16
2026-05-13,2026-05-13 12:30:00,148399,87,Core PPI m/m,USD,high,0.3,EUR/USD,15m,15,z=+0.50,0.19017535767461216,0.4901753576746122,-0.02953787696587158,1.1785999999999999,1.1782518665820803,0.10122213115612992,-0.04878783196307509,0.39718379513185587,0.15775496711534406,0.06116616145525379,16
2026-05-13,2026-05-13 12:30:00,148399,87,Core PPI m/m,USD,high,0.3,EUR/USD,15m,15,z=+1.00,0.3803507153492243,0.6803507153492243,-0.010287921968668068,1.1785999999999999,1.1784787465516773,0.10122213115612992,-0.04878783196307509,0.39718379513185587,0.15775496711534406,0.06116616145525379,16
2026-05-13,2026-05-13 12:30:00,148399,87,Core PPI m/m,USD,high,0.3,EUR/USD,15m,15,z=+2.00,0.7607014306984486,1.0607014306984486,0.028211988025738953,1.1785999999999999,1.1789325064908713,0.10122213115612992,-0.04878783196307509,0.39718379513185587,0.15775496711534406,0.06116616145525379,16
2026-05-13,2026-05-13 12:30:00,148399,87,Core PPI m/m,USD,high,0.3,EUR/USD,15m,15,z=-0.50,-0.19017535767461216,0.10982464232538783,-0.0680377869602786,1.1785999999999999,1.177798106642886,0.10122213115612992,-0.04878783196307509,0.39718379513185587,0.15775496711534406,0.06116616145525379,16
2026-05-13,2026-05-13 12:30:00,148399,87,Core PPI m/m,USD,high,0.3,EUR/USD,15m,15,z=-1.00,-0.3803507153492243,-0.08035071534922433,-0.08728774195748211,1.1785999999999999,1.177571226673289,0.10122213115612992,-0.04878783196307509,0.39718379513185587,0.15775496711534406,0.06116616145525379,16
2026-05-13,2026-05-13 12:30:00,148399,87,Core PPI m/m,USD,high,0.3,EUR/USD,15m,15,z=-2.00,-0.7607014306984486,-0.46070143069844866,-0.12578765195188912,1.1785999999999999,1.177117466734095,0.10122213115612992,-0.04878783196307509,0.39718379513185587,0.15775496711534406,0.06116616145525379,16
2026-05-13,2026-05-13 12:30:00,148399,87,Core PPI m/m,USD,high,0.3,EUR/USD,30m,30,z=+0.00,0.0,0.3,-0.07552301606553716,1.1785999999999999,1.1777098857326513,-0.050190442715327854,-0.07552301606553716,-0.13217283140100916,0.017469657360559592,0.01009270196295551,16
2026-05-13,2026-05-13 12:30:00,148399,87,Core PPI m/m,USD,high,0.3,EUR/USD,30m,30,z=+0.50,0.19017535767461216,0.4901753576746122,-0.08506800146077176,1.1785999999999999,1.1775973885347832,-0.050190442715327854,-0.07552301606553716,-0.13217283140100916,0.017469657360559592,0.01009270196295551,16
2026-05-13,2026-05-13 12:30:00,148399,87,Core PPI m/m,USD,high,0.3,EUR/USD,30m,30,z=+1.00,0.3803507153492243,0.6803507153492243,-0.09461298685600637,1.1785999999999999,1.1774848913369151,-0.050190442715327854,-0.07552301606553716,-0.13217283140100916,0.017469657360559592,0.01009270196295551,16
2026-05-13,2026-05-13 12:30:00,148399,87,Core PPI m/m,USD,high,0.3,EUR/USD,30m,30,z=+2.00,0.7607014306984486,1.0607014306984486,-0.11370295764647559,1.1785999999999999,1.1772598969411785,-0.050190442715327854,-0.07552301606553716,-0.13217283140100916,0.017469657360559592,0.01009270196295551,16
2026-05-13,2026-05-13 12:30:00,148399,87,Core PPI m/m,USD,high,0.3,EUR/USD,30m,30,z=-0.50,-0.19017535767461216,0.10982464232538783,-0.06597803067030256,1.1785999999999999,1.1778223829305197,-0.050190442715327854,-0.07552301606553716,-0.13217283140100916,0.017469657360559592,0.01009270196295551,16
2026-05-13,2026-05-13 12:30:00,148399,87,Core PPI m/m,USD,high,0.3,EUR/USD,30m,30,z=-1.00,-0.3803507153492243,-0.08035071534922433,-0.05643304527506794,1.1785999999999999,1.1779348801283878,-0.050190442715327854,-0.07552301606553716,-0.13217283140100916,0.017469657360559592,0.01009270196295551,16
2026-05-13,2026-05-13 12:30:00,148399,87,Core PPI m/m,USD,high,0.3,EUR/USD,30m,30,z=-2.00,-0.7607014306984486,-0.46070143069844866,-0.037343074484598726,1.1785999999999999,1.1781598745241244,-0.050190442715327854,-0.07552301606553716,-0.13217283140100916,0.017469657360559592,0.01009270196295551,16
2026-05-13,2026-05-13 12:30:00,148399,87,Core PPI m/m,USD,high,0.3,EUR/USD,1h,60,z=+0.00,0.0,0.3,-0.09632431788648986,1.1785999999999999,1.1774647215893896,-0.050439320510588456,-0.09632431788648986,-0.12020453902049942,0.014449131201130767,0.009224319209262397,16
2026-05-13,2026-05-13 12:30:00,148399,87,Core PPI m/m,USD,high,0.3,EUR/USD,1h,60,z=+0.50,0.19017535767461216,0.4901753576746122,-0.10591663370545543,1.1785999999999999,1.1773516665551473,-0.050439320510588456,-0.09632431788648986,-0.12020453902049942,0.014449131201130767,0.009224319209262397,16
2026-05-13,2026-05-13 12:30:00,148399,87,Core PPI m/m,USD,high,0.3,EUR/USD,1h,60,z=+1.00,0.3803507153492243,0.6803507153492243,-0.11550894952442098,1.1785999999999999,1.177238611520905,-0.050439320510588456,-0.09632431788648986,-0.12020453902049942,0.014449131201130767,0.009224319209262397,16
2026-05-13,2026-05-13 12:30:00,148399,87,Core PPI m/m,USD,high,0.3,EUR/USD,1h,60,z=+2.00,0.7607014306984486,1.0607014306984486,-0.1346935811623521,1.1785999999999999,1.1770125014524204,-0.050439320510588456,-0.09632431788648986,-0.12020453902049942,0.014449131201130767,0.009224319209262397,16
2026-05-13,2026-05-13 12:30:00,148399,87,Core PPI m/m,USD,high,0.3,EUR/USD,1h,60,z=-0.50,-0.19017535767461216,0.10982464232538783,-0.0867320020675243,1.1785999999999999,1.177577776623632,-0.050439320510588456,-0.09632431788648986,-0.12020453902049942,0.014449131201130767,0.009224319209262397,16
2026-05-13,2026-05-13 12:30:00,148399,87,Core PPI m/m,USD,high,0.3,EUR/USD,1h,60,z=-1.00,-0.3803507153492243,-0.08035071534922433,-0.07713968624855874,1.1785999999999999,1.1776908316578742,-0.050439320510588456,-0.09632431788648986,-0.12020453902049942,0.014449131201130767,0.009224319209262397,16
2026-05-13,2026-05-13 12:30:00,148399,87,Core PPI m/m,USD,high,0.3,EUR/USD,1h,60,z=-2.00,-0.7607014306984486,-0.46070143069844866,-0.05795505461062762,1.1785999999999999,1.177916941726359,-0.050439320510588456,-0.09632431788648986,-0.12020453902049942,0.014449131201130767,0.009224319209262397,16
2026-05-13,2026-05-13 12:30:00,148399,87,Core PPI m/m,USD,high,0.3,EUR/USD,2h,120,z=+0.00,0.0,0.3,-0.06497677915676502,1.1785999999999999,1.1778341836808581,0.01378028904442924,-0.06497677915676502,0.030067711136680685,0.0009040672529988717,0.000630380724605867,16
2026-05-13,2026-05-13 12:30:00,148399,87,Core PPI m/m,USD,high,0.3,EUR/USD,2h,120,z=+0.50,0.19017535767461216,0.4901753576746122,-0.062356107758881146,1.1785999999999999,1.1778650709139538,0.01378028904442924,-0.06497677915676502,0.030067711136680685,0.0009040672529988717,0.000630380724605867,16
2026-05-13,2026-05-13 12:30:00,148399,87,Core PPI m/m,USD,high,0.3,EUR/USD,2h,120,z=+1.00,0.3803507153492243,0.6803507153492243,-0.05973543636099728,1.1785999999999999,1.1778959581470492,0.01378028904442924,-0.06497677915676502,0.030067711136680685,0.0009040672529988717,0.000630380724605867,16
2026-05-13,2026-05-13 12:30:00,148399,87,Core PPI m/m,USD,high,0.3,EUR/USD,2h,120,z=+2.00,0.7607014306984486,1.0607014306984486,-0.05449409356522954,1.1785999999999999,1.17795773261324,0.01378028904442924,-0.06497677915676502,0.030067711136680685,0.0009040672529988717,0.000630380724605867,16
2026-05-13,2026-05-13 12:30:00,148399,87,Core PPI m/m,USD,high,0.3,EUR/USD,2h,120,z=-0.50,-0.19017535767461216,0.10982464232538783,-0.06759745055464889,1.1785999999999999,1.1778032964477627,0.01378028904442924,-0.06497677915676502,0.030067711136680685,0.0009040672529988717,0.000630380724605867,16
2026-05-13,2026-05-13 12:30:00,148399,87,Core PPI m/m,USD,high,0.3,EUR/USD,2h,120,z=-1.00,-0.3803507153492243,-0.08035071534922433,-0.07021812195253276,1.1785999999999999,1.1777724092146673,0.01378028904442924,-0.06497677915676502,0.030067711136680685,0.0009040672529988717,0.000630380724605867,16
2026-05-13,2026-05-13 12:30:00,148399,87,Core PPI m/m,USD,high,0.3,EUR/USD,2h,120,z=-2.00,-0.7607014306984486,-0.46070143069844866,-0.0754594647483005,1.1785999999999999,1.1777106347484765,0.01378028904442924,-0.06497677915676502,0.030067711136680685,0.0009040672529988717,0.000630380724605867,16
2026-05-13,2026-05-13 12:30:00,148399,87,Core PPI m/m,USD,high,0.3,EUR/USD,4h,240,z=+0.00,0.0,0.3,-0.07711974497321725,1.1785999999999999,1.1776910666857454,0.06253573917319057,-0.07711974497321725,0.08753974886874756,0.00766320763200339,0.008328711384253338,16
2026-05-13,2026-05-13 12:30:00,148399,87,Core PPI m/m,USD,high,0.3,EUR/USD,4h,240,z=+0.50,0.19017535767461216,0.4901753576746122,-0.06522698840850948,1.1785999999999999,1.1778312347146171,0.06253573917319057,-0.07711974497321725,0.08753974886874756,0.00766320763200339,0.008328711384253338,16
2026-05-13,2026-05-13 12:30:00,148399,87,Core PPI m/m,USD,high,0.3,EUR/USD,4h,240,z=+1.00,0.3803507153492243,0.6803507153492243,-0.053334231843801705,1.1785999999999999,1.1779714027434889,0.06253573917319057,-0.07711974497321725,0.08753974886874756,0.00766320763200339,0.008328711384253338,16
2026-05-13,2026-05-13 12:30:00,148399,87,Core PPI m/m,USD,high,0.3,EUR/USD,4h,240,z=+2.00,0.7607014306984486,1.0607014306984486,-0.029548718714386163,1.1785999999999999,1.1782517388012321,0.06253573917319057,-0.07711974497321725,0.08753974886874756,0.00766320763200339,0.008328711384253338,16
2026-05-13,2026-05-13 12:30:00,148399,87,Core PPI m/m,USD,high,0.3,EUR/USD,4h,240,z=-0.50,-0.19017535767461216,0.10982464232538783,-0.08901250153792502,1.1785999999999999,1.177550898656874,0.06253573917319057,-0.07711974497321725,0.08753974886874756,0.00766320763200339,0.008328711384253338,16
2026-05-13,2026-05-13 12:30:00,148399,87,Core PPI m/m,USD,high,0.3,EUR/USD,4h,240,z=-1.00,-0.3803507153492243,-0.08035071534922433,-0.10090525810263279,1.1785999999999999,1.1774107306280022,0.06253573917319057,-0.07711974497321725,0.08753974886874756,0.00766320763200339,0.008328711384253338,16
2026-05-13,2026-05-13 12:30:00,148399,87,Core PPI m/m,USD,high,0.3,EUR/USD,4h,240,z=-2.00,-0.7607014306984486,-0.46070143069844866,-0.12469077123204833,1.1785999999999999,1.177130394570259,0.06253573917319057,-0.07711974497321725,0.08753974886874756,0.00766320763200339,0.008328711384253338,16
2026-05-13,2026-05-13 12:30:00,148399,87,Core PPI m/m,USD,high,0.3,EUR/USD,6h,360,z=+0.00,0.0,0.3,-0.09145882380842676,1.1785999999999999,1.1775220663025938,0.03707497021861839,-0.09145882380842676,0.05247471524522534,0.0027535957400674845,0.002959886992270071,16
2026-05-13,2026-05-13 12:30:00,148399,87,Core PPI m/m,USD,high,0.3,EUR/USD,6h,360,z=+0.50,0.19017535767461216,0.4901753576746122,-0.08440807808632542,1.1785999999999999,1.1776051663916745,0.03707497021861839,-0.09145882380842676,0.05247471524522534,0.0027535957400674845,0.002959886992270071,16
2026-05-13,2026-05-13 12:30:00,148399,87,Core PPI m/m,USD,high,0.3,EUR/USD,6h,360,z=+1.00,0.3803507153492243,0.6803507153492243,-0.07735733236422407,1.1785999999999999,1.177688266480755,0.03707497021861839,-0.09145882380842676,0.05247471524522534,0.0027535957400674845,0.002959886992270071,16
2026-05-13,2026-05-13 12:30:00,148399,87,Core PPI m/m,USD,high,0.3,EUR/USD,6h,360,z=+2.00,0.7607014306984486,1.0607014306984486,-0.06325584092002137,1.1785999999999999,1.1778544666589166,0.03707497021861839,-0.09145882380842676,0.05247471524522534,0.0027535957400674845,0.002959886992270071,16
2026-05-13,2026-05-13 12:30:00,148399,87,Core PPI m/m,USD,high,0.3,EUR/USD,6h,360,z=-0.50,-0.19017535767461216,0.10982464232538783,-0.09850956953052811,1.1785999999999999,1.1774389662135132,0.03707497021861839,-0.09145882380842676,0.05247471524522534,0.0027535957400674845,0.002959886992270071,16
2026-05-13,2026-05-13 12:30:00,148399,87,Core PPI m/m,USD,high,0.3,EUR/USD,6h,360,z=-1.00,-0.3803507153492243,-0.08035071534922433,-0.10556031525262946,1.1785999999999999,1.1773558661244323,0.03707497021861839,-0.09145882380842676,0.05247471524522534,0.0027535957400674845,0.002959886992270071,16
2026-05-13,2026-05-13 12:30:00,148399,87,Core PPI m/m,USD,high,0.3,EUR/USD,6h,360,z=-2.00,-0.7607014306984486,-0.46070143069844866,-0.11966180669683216,1.1785999999999999,1.177189665946271,0.03707497021861839,-0.09145882380842676,0.05247471524522534,0.0027535957400674845,0.002959886992270071,16
2026-05-13,2026-05-13 12:30:00,148399,87,Core PPI m/m,USD,high,0.3,EUR/USD,12h,720,z=+0.00,0.0,0.3,-0.09098660397193328,1.1785999999999999,1.1775276318855867,-0.09977279894571374,-0.09098660397193328,-0.11154531171065828,0.012442356564627919,0.013462791192476831,13
2026-05-13,2026-05-13 12:30:00,148399,87,Core PPI m/m,USD,high,0.3,EUR/USD,12h,720,z=+0.50,0.1677528707385529,0.4677528707385529,-0.10772377741669723,1.1785999999999999,1.1773303675593667,-0.09977279894571374,-0.09098660397193328,-0.11154531171065828,0.012442356564627919,0.013462791192476831,13
2026-05-13,2026-05-13 12:30:00,148399,87,Core PPI m/m,USD,high,0.3,EUR/USD,12h,720,z=+1.00,0.3355057414771058,0.6355057414771058,-0.12446095086146117,1.1785999999999999,1.1771331032331467,-0.09977279894571374,-0.09098660397193328,-0.11154531171065828,0.012442356564627919,0.013462791192476831,13
2026-05-13,2026-05-13 12:30:00,148399,87,Core PPI m/m,USD,high,0.3,EUR/USD,12h,720,z=+2.00,0.6710114829542116,0.9710114829542116,-0.15793529775098908,1.1785999999999999,1.1767385745807066,-0.09977279894571374,-0.09098660397193328,-0.11154531171065828,0.012442356564627919,0.013462791192476831,13
2026-05-13,2026-05-13 12:30:00,148399,87,Core PPI m/m,USD,high,0.3,EUR/USD,12h,720,z=-0.50,-0.1677528707385529,0.13224712926144708,-0.07424943052716934,1.1785999999999999,1.1777248962118065,-0.09977279894571374,-0.09098660397193328,-0.11154531171065828,0.012442356564627919,0.013462791192476831,13
2026-05-13,2026-05-13 12:30:00,148399,87,Core PPI m/m,USD,high,0.3,EUR/USD,12h,720,z=-1.00,-0.3355057414771058,-0.035505741477105834,-0.05751225708240539,1.1785999999999999,1.1779221605380266,-0.09977279894571374,-0.09098660397193328,-0.11154531171065828,0.012442356564627919,0.013462791192476831,13
2026-05-13,2026-05-13 12:30:00,148399,87,Core PPI m/m,USD,high,0.3,EUR/USD,12h,720,z=-2.00,-0.6710114829542116,-0.37101148295421166,-0.0240379101928775,1.1785999999999999,1.1783166891904666,-0.09977279894571374,-0.09098660397193328,-0.11154531171065828,0.012442356564627919,0.013462791192476831,13
2026-05-13,2026-05-13 12:30:00,148399,87,Core PPI m/m,USD,high,0.3,GBP/USD,1m,1,z=+0.00,0.0,0.3,-0.046315111776969044,1.3631099999999998,1.3624786740798567,-0.009377460584296667,-0.046315111776969044,-0.13651502465473336,0.018636351956482458,0.0019476455725794153,16
2026-05-13,2026-05-13 12:30:00,148399,87,Core PPI m/m,USD,high,0.3,GBP/USD,1m,1,z=+0.50,0.19017535767461216,0.4901753576746122,-0.04809847369766724,1.3631099999999998,1.3624543648951795,-0.009377460584296667,-0.046315111776969044,-0.13651502465473336,0.018636351956482458,0.0019476455725794153,16
2026-05-13,2026-05-13 12:30:00,148399,87,Core PPI m/m,USD,high,0.3,GBP/USD,1m,1,z=+1.00,0.3803507153492243,0.6803507153492243,-0.049881835618365435,1.3631099999999998,1.3624300557105022,-0.009377460584296667,-0.046315111776969044,-0.13651502465473336,0.018636351956482458,0.0019476455725794153,16
2026-05-13,2026-05-13 12:30:00,148399,87,Core PPI m/m,USD,high,0.3,GBP/USD,1m,1,z=+2.00,0.7607014306984486,1.0607014306984486,-0.05344855945976183,1.3631099999999998,1.362381437341148,-0.009377460584296667,-0.046315111776969044,-0.13651502465473336,0.018636351956482458,0.0019476455725794153,16
2026-05-13,2026-05-13 12:30:00,148399,87,Core PPI m/m,USD,high,0.3,GBP/USD,1m,1,z=-0.50,-0.19017535767461216,0.10982464232538783,-0.04453174985627085,1.3631099999999998,1.3625029832645341,-0.009377460584296667,-0.046315111776969044,-0.13651502465473336,0.018636351956482458,0.0019476455725794153,16
2026-05-13,2026-05-13 12:30:00,148399,87,Core PPI m/m,USD,high,0.3,GBP/USD,1m,1,z=-1.00,-0.3803507153492243,-0.08035071534922433,-0.04274838793557265,1.3631099999999998,1.3625272924492111,-0.009377460584296667,-0.046315111776969044,-0.13651502465473336,0.018636351956482458,0.0019476455725794153,16
2026-05-13,2026-05-13 12:30:00,148399,87,Core PPI m/m,USD,high,0.3,GBP/USD,1m,1,z=-2.00,-0.7607014306984486,-0.46070143069844866,-0.039181664094176255,1.3631099999999998,1.3625759108185655,-0.009377460584296667,-0.046315111776969044,-0.13651502465473336,0.018636351956482458,0.0019476455725794153,16
2026-05-13,2026-05-13 12:30:00,148399,87,Core PPI m/m,USD,high,0.3,GBP/USD,5m,5,z=+0.00,0.0,0.3,-0.04816888013109812,1.3631099999999998,1.3624534051780448,0.016695694682829738,-0.04816888013109812,0.10683651406621761,0.011414040737821114,0.0027137412237871715,16
2026-05-13,2026-05-13 12:30:00,148399,87,Core PPI m/m,USD,high,0.3,GBP/USD,5m,5,z=+0.50,0.19017535767461216,0.4901753576746122,-0.04499377042316486,1.3631099999999998,1.3624966854159846,0.016695694682829738,-0.04816888013109812,0.10683651406621761,0.011414040737821114,0.0027137412237871715,16
2026-05-13,2026-05-13 12:30:00,148399,87,Core PPI m/m,USD,high,0.3,GBP/USD,5m,5,z=+1.00,0.3803507153492243,0.6803507153492243,-0.04181866071523159,1.3631099999999998,1.3625399656539243,0.016695694682829738,-0.04816888013109812,0.10683651406621761,0.011414040737821114,0.0027137412237871715,16
2026-05-13,2026-05-13 12:30:00,148399,87,Core PPI m/m,USD,high,0.3,GBP/USD,5m,5,z=+2.00,0.7607014306984486,1.0607014306984486,-0.03546844129936506,1.3631099999999998,1.362626526129804,0.016695694682829738,-0.04816888013109812,0.10683651406621761,0.011414040737821114,0.0027137412237871715,16
2026-05-13,2026-05-13 12:30:00,148399,87,Core PPI m/m,USD,high,0.3,GBP/USD,5m,5,z=-0.50,-0.19017535767461216,0.10982464232538783,-0.051343989839031386,1.3631099999999998,1.3624101249401048,0.016695694682829738,-0.04816888013109812,0.10683651406621761,0.011414040737821114,0.0027137412237871715,16
2026-05-13,2026-05-13 12:30:00,148399,87,Core PPI m/m,USD,high,0.3,GBP/USD,5m,5,z=-1.00,-0.3803507153492243,-0.08035071534922433,-0.054519099546964656,1.3631099999999998,1.362366844702165,0.016695694682829738,-0.04816888013109812,0.10683651406621761,0.011414040737821114,0.0027137412237871715,16
2026-05-13,2026-05-13 12:30:00,148399,87,Core PPI m/m,USD,high,0.3,GBP/USD,5m,5,z=-2.00,-0.7607014306984486,-0.46070143069844866,-0.06086931896283119,1.3631099999999998,1.3622802842262856,0.016695694682829738,-0.04816888013109812,0.10683651406621761,0.011414040737821114,0.0027137412237871715,16
2026-05-13,2026-05-13 12:30:00,148399,87,Core PPI m/m,USD,high,0.3,GBP/USD,15m,15,z=+0.00,0.0,0.3,-0.04726408047567205,1.3631099999999998,1.362465738592628,0.0471530361402624,-0.04726408047567205,0.21831452428772682,0.04766123151497646,0.01566161415908481,16
2026-05-13,2026-05-13 12:30:00,148399,87,Core PPI m/m,USD,high,0.3,GBP/USD,15m,15,z=+0.50,0.19017535767461216,0.4901753576746122,-0.038296734962253734,1.3631099999999998,1.362587973376056,0.0471530361402624,-0.04726408047567205,0.21831452428772682,0.04766123151497646,0.01566161415908481,16
2026-05-13,2026-05-13 12:30:00,148399,87,Core PPI m/m,USD,high,0.3,GBP/USD,15m,15,z=+1.00,0.3803507153492243,0.6803507153492243,-0.029329389448835418,1.3631099999999998,1.3627102081594837,0.0471530361402624,-0.04726408047567205,0.21831452428772682,0.04766123151497646,0.01566161415908481,16
2026-05-13,2026-05-13 12:30:00,148399,87,Core PPI m/m,USD,high,0.3,GBP/USD,15m,15,z=+2.00,0.7607014306984486,1.0607014306984486,-0.011394698421998785,1.3631099999999998,1.3629546777263397,0.0471530361402624,-0.04726408047567205,0.21831452428772682,0.04766123151497646,0.01566161415908481,16
2026-05-13,2026-05-13 12:30:00,148399,87,Core PPI m/m,USD,high,0.3,GBP/USD,15m,15,z=-0.50,-0.19017535767461216,0.10982464232538783,-0.05623142598909037,1.3631099999999998,1.3623435038091998,0.0471530361402624,-0.04726408047567205,0.21831452428772682,0.04766123151497646,0.01566161415908481,16
2026-05-13,2026-05-13 12:30:00,148399,87,Core PPI m/m,USD,high,0.3,GBP/USD,15m,15,z=-1.00,-0.3803507153492243,-0.08035071534922433,-0.06519877150250869,1.3631099999999998,1.362221269025772,0.0471530361402624,-0.04726408047567205,0.21831452428772682,0.04766123151497646,0.01566161415908481,16
2026-05-13,2026-05-13 12:30:00,148399,87,Core PPI m/m,USD,high,0.3,GBP/USD,15m,15,z=-2.00,-0.7607014306984486,-0.46070143069844866,-0.08313346252934531,1.3631099999999998,1.361976799458916,0.0471530361402624,-0.04726408047567205,0.21831452428772682,0.04766123151497646,0.01566161415908481,16
2026-05-13,2026-05-13 12:30:00,148399,87,Core PPI m/m,USD,high,0.3,GBP/USD,30m,30,z=+0.00,0.0,0.3,-0.07691782696917762,1.3631099999999998,1.3620615254088002,-0.06940164702182795,-0.07691782696917762,-0.252922230753568,0.0639696548093611,0.026705518195616625,16
2026-05-13,2026-05-13 12:30:00,148399,87,Core PPI m/m,USD,high,0.3,GBP/USD,30m,30,z=+0.50,0.19017535767461216,0.4901753576746122,-0.09011631001476093,1.3631099999999998,1.3618816155665576,-0.06940164702182795,-0.07691782696917762,-0.252922230753568,0.0639696548093611,0.026705518195616625,16
2026-05-13,2026-05-13 12:30:00,148399,87,Core PPI m/m,USD,high,0.3,GBP/USD,30m,30,z=+1.00,0.3803507153492243,0.6803507153492243,-0.10331479306034425,1.3631099999999998,1.3617017057243148,-0.06940164702182795,-0.07691782696917762,-0.252922230753568,0.0639696548093611,0.026705518195616625,16
2026-05-13,2026-05-13 12:30:00,148399,87,Core PPI m/m,USD,high,0.3,GBP/USD,30m,30,z=+2.00,0.7607014306984486,1.0607014306984486,-0.12971175915151087,1.3631099999999998,1.3613418860398296,-0.06940164702182795,-0.07691782696917762,-0.252922230753568,0.0639696548093611,0.026705518195616625,16
2026-05-13,2026-05-13 12:30:00,148399,87,Core PPI m/m,USD,high,0.3,GBP/USD,30m,30,z=-0.50,-0.19017535767461216,0.10982464232538783,-0.06371934392359431,1.3631099999999998,1.3622414352510428,-0.06940164702182795,-0.07691782696917762,-0.252922230753568,0.0639696548093611,0.026705518195616625,16
2026-05-13,2026-05-13 12:30:00,148399,87,Core PPI m/m,USD,high,0.3,GBP/USD,30m,30,z=-1.00,-0.3803507153492243,-0.08035071534922433,-0.050520860878011,1.3631099999999998,1.3624213450932856,-0.06940164702182795,-0.07691782696917762,-0.252922230753568,0.0639696548093611,0.026705518195616625,16
2026-05-13,2026-05-13 12:30:00,148399,87,Core PPI m/m,USD,high,0.3,GBP/USD,30m,30,z=-2.00,-0.7607014306984486,-0.46070143069844866,-0.024123894786844367,1.3631099999999998,1.3627811647777708,-0.06940164702182795,-0.07691782696917762,-0.252922230753568,0.0639696548093611,0.026705518195616625,16
2026-05-13,2026-05-13 12:30:00,148399,87,Core PPI m/m,USD,high,0.3,GBP/USD,1h,60,z=+0.00,0.0,0.3,-0.08576005391238563,1.3631099999999998,1.3619409961291147,-0.030931608608067165,-0.08576005391238563,-0.10736481548690338,0.011527203604536808,0.005052527861030114,16
2026-05-13,2026-05-13 12:30:00,148399,87,Core PPI m/m,USD,high,0.3,GBP/USD,1h,60,z=+0.50,0.19017535767461216,0.4901753576746122,-0.09164248364287592,1.3631099999999998,1.3618608121412155,-0.030931608608067165,-0.08576005391238563,-0.10736481548690338,0.011527203604536808,0.005052527861030114,16
2026-05-13,2026-05-13 12:30:00,148399,87,Core PPI m/m,USD,high,0.3,GBP/USD,1h,60,z=+1.00,0.3803507153492243,0.6803507153492243,-0.0975249133733662,1.3631099999999998,1.361780628153316,-0.030931608608067165,-0.08576005391238563,-0.10736481548690338,0.011527203604536808,0.005052527861030114,16
2026-05-13,2026-05-13 12:30:00,148399,87,Core PPI m/m,USD,high,0.3,GBP/USD,1h,60,z=+2.00,0.7607014306984486,1.0607014306984486,-0.10928977283434677,1.3631099999999998,1.3616202601775176,-0.030931608608067165,-0.08576005391238563,-0.10736481548690338,0.011527203604536808,0.005052527861030114,16
2026-05-13,2026-05-13 12:30:00,148399,87,Core PPI m/m,USD,high,0.3,GBP/USD,1h,60,z=-0.50,-0.19017535767461216,0.10982464232538783,-0.07987762418189534,1.3631099999999998,1.3620211801170141,-0.030931608608067165,-0.08576005391238563,-0.10736481548690338,0.011527203604536808,0.005052527861030114,16
2026-05-13,2026-05-13 12:30:00,148399,87,Core PPI m/m,USD,high,0.3,GBP/USD,1h,60,z=-1.00,-0.3803507153492243,-0.08035071534922433,-0.07399519445140505,1.3631099999999998,1.3621013641049133,-0.030931608608067165,-0.08576005391238563,-0.10736481548690338,0.011527203604536808,0.005052527861030114,16
2026-05-13,2026-05-13 12:30:00,148399,87,Core PPI m/m,USD,high,0.3,GBP/USD,1h,60,z=-2.00,-0.7607014306984486,-0.46070143069844866,-0.06223033499042449,1.3631099999999998,1.362261732080712,-0.030931608608067165,-0.08576005391238563,-0.10736481548690338,0.011527203604536808,0.005052527861030114,16
2026-05-13,2026-05-13 12:30:00,148399,87,Core PPI m/m,USD,high,0.3,GBP/USD,2h,120,z=+0.00,0.0,0.3,-0.07499333574506138,1.3631099999999998,1.3620877583411253,-0.0030615048884268313,-0.07499333574506138,-0.006626723368120022,4.3913462597587967e-05,3.086583479401615e-05,16
2026-05-13,2026-05-13 12:30:00,148399,87,Core PPI m/m,USD,high,0.3,GBP/USD,2h,120,z=+0.50,0.19017535767461216,0.4901753576746122,-0.07557555853224053,1.3631099999999998,1.362079822004091,-0.0030615048884268313,-0.07499333574506138,-0.006626723368120022,4.3913462597587967e-05,3.086583479401615e-05,16
2026-05-13,2026-05-13 12:30:00,148399,87,Core PPI m/m,USD,high,0.3,GBP/USD,2h,120,z=+1.00,0.3803507153492243,0.6803507153492243,-0.07615778131941968,1.3631099999999998,1.3620718856670566,-0.0030615048884268313,-0.07499333574506138,-0.006626723368120022,4.3913462597587967e-05,3.086583479401615e-05,16
2026-05-13,2026-05-13 12:30:00,148399,87,Core PPI m/m,USD,high,0.3,GBP/USD,2h,120,z=+2.00,0.7607014306984486,1.0607014306984486,-0.07732222689377796,1.3631099999999998,1.362056012992988,-0.0030615048884268313,-0.07499333574506138,-0.006626723368120022,4.3913462597587967e-05,3.086583479401615e-05,16
2026-05-13,2026-05-13 12:30:00,148399,87,Core PPI m/m,USD,high,0.3,GBP/USD,2h,120,z=-0.50,-0.19017535767461216,0.10982464232538783,-0.07441111295788223,1.3631099999999998,1.3620956946781597,-0.0030615048884268313,-0.07499333574506138,-0.006626723368120022,4.3913462597587967e-05,3.086583479401615e-05,16
2026-05-13,2026-05-13 12:30:00,148399,87,Core PPI m/m,USD,high,0.3,GBP/USD,2h,120,z=-1.00,-0.3803507153492243,-0.08035071534922433,-0.07382889017070308,1.3631099999999998,1.362103631015194,-0.0030615048884268313,-0.07499333574506138,-0.006626723368120022,4.3913462597587967e-05,3.086583479401615e-05,16
2026-05-13,2026-05-13 12:30:00,148399,87,Core PPI m/m,USD,high,0.3,GBP/USD,2h,120,z=-2.00,-0.7607014306984486,-0.46070143069844866,-0.0726644445963448,1.3631099999999998,1.3621195036892626,-0.0030615048884268313,-0.07499333574506138,-0.006626723368120022,4.3913462597587967e-05,3.086583479401615e-05,16
2026-05-13,2026-05-13 12:30:00,148399,87,Core PPI m/m,USD,high,0.3,GBP/USD,4h,240,z=+0.00,0.0,0.3,-0.0815697450646988,1.3631099999999998,1.3619981146480484,-0.025604024637696586,-0.0815697450646988,-0.0378425059214244,0.0014320552544130408,0.0014741183511273112,16
2026-05-13,2026-05-13 12:30:00,148399,87,Core PPI m/m,USD,high,0.3,GBP/USD,4h,240,z=+0.50,0.19017535767461216,0.4901753576746122,-0.08643899960808234,1.3631099999999998,1.361931741352442,-0.025604024637696586,-0.0815697450646988,-0.0378425059214244,0.0014320552544130408,0.0014741183511273112,16
2026-05-13,2026-05-13 12:30:00,148399,87,Core PPI m/m,USD,high,0.3,GBP/USD,4h,240,z=+1.00,0.3803507153492243,0.6803507153492243,-0.09130825415146586,1.3631099999999998,1.3618653680568358,-0.025604024637696586,-0.0815697450646988,-0.0378425059214244,0.0014320552544130408,0.0014741183511273112,16
2026-05-13,2026-05-13 12:30:00,148399,87,Core PPI m/m,USD,high,0.3,GBP/USD,4h,240,z=+2.00,0.7607014306984486,1.0607014306984486,-0.10104676323823292,1.3631099999999998,1.3617326214656231,-0.025604024637696586,-0.0815697450646988,-0.0378425059214244,0.0014320552544130408,0.0014741183511273112,16
2026-05-13,2026-05-13 12:30:00,148399,87,Core PPI m/m,USD,high,0.3,GBP/USD,4h,240,z=-0.50,-0.19017535767461216,0.10982464232538783,-0.07670049052131526,1.3631099999999998,1.3620644879436548,-0.025604024637696586,-0.0815697450646988,-0.0378425059214244,0.0014320552544130408,0.0014741183511273112,16
2026-05-13,2026-05-13 12:30:00,148399,87,Core PPI m/m,USD,high,0.3,GBP/USD,4h,240,z=-1.00,-0.3803507153492243,-0.08035071534922433,-0.07183123597793174,1.3631099999999998,1.3621308612392609,-0.025604024637696586,-0.0815697450646988,-0.0378425059214244,0.0014320552544130408,0.0014741183511273112,16
2026-05-13,2026-05-13 12:30:00,148399,87,Core PPI m/m,USD,high,0.3,GBP/USD,4h,240,z=-2.00,-0.7607014306984486,-0.46070143069844866,-0.062092726891164685,1.3631099999999998,1.3622636078304737,-0.025604024637696586,-0.0815697450646988,-0.0378425059214244,0.0014320552544130408,0.0014741183511273112,16
2026-05-13,2026-05-13 12:30:00,148399,87,Core PPI m/m,USD,high,0.3,GBP/USD,6h,360,z=+0.00,0.0,0.3,-0.06617676171696385,1.3631099999999998,1.3622079379433598,-0.03825945218119277,-0.06617676171696385,-0.052125210006027385,0.0027170375181724575,0.0030341063102873513,16
2026-05-13,2026-05-13 12:30:00,148399,87,Core PPI m/m,USD,high,0.3,GBP/USD,6h,360,z=+0.50,0.19017535767461216,0.4901753576746122,-0.0734527667199569,1.3631099999999998,1.3621087579915634,-0.03825945218119277,-0.06617676171696385,-0.052125210006027385,0.0027170375181724575,0.0030341063102873513,16
2026-05-13,2026-05-13 12:30:00,148399,87,Core PPI m/m,USD,high,0.3,GBP/USD,6h,360,z=+1.00,0.3803507153492243,0.6803507153492243,-0.08072877172294995,1.3631099999999998,1.3620095780397672,-0.03825945218119277,-0.06617676171696385,-0.052125210006027385,0.0027170375181724575,0.0030341063102873513,16
2026-05-13,2026-05-13 12:30:00,148399,87,Core PPI m/m,USD,high,0.3,GBP/USD,6h,360,z=+2.00,0.7607014306984486,1.0607014306984486,-0.09528078172893607,1.3631099999999998,1.3618112181361746,-0.03825945218119277,-0.06617676171696385,-0.052125210006027385,0.0027170375181724575,0.0030341063102873513,16
2026-05-13,2026-05-13 12:30:00,148399,87,Core PPI m/m,USD,high,0.3,GBP/USD,6h,360,z=-0.50,-0.19017535767461216,0.10982464232538783,-0.0589007567139708,1.3631099999999998,1.362307117895156,-0.03825945218119277,-0.06617676171696385,-0.052125210006027385,0.0027170375181724575,0.0030341063102873513,16
2026-05-13,2026-05-13 12:30:00,148399,87,Core PPI m/m,USD,high,0.3,GBP/USD,6h,360,z=-1.00,-0.3803507153492243,-0.08035071534922433,-0.05162475171097774,1.3631099999999998,1.3624062978469522,-0.03825945218119277,-0.06617676171696385,-0.052125210006027385,0.0027170375181724575,0.0030341063102873513,16
2026-05-13,2026-05-13 12:30:00,148399,87,Core PPI m/m,USD,high,0.3,GBP/USD,6h,360,z=-2.00,-0.7607014306984486,-0.46070143069844866,-0.03707274170499163,1.3631099999999998,1.3626046577505448,-0.03825945218119277,-0.06617676171696385,-0.052125210006027385,0.0027170375181724575,0.0030341063102873513,16
2026-05-13,2026-05-13 12:30:00,148399,87,Core PPI m/m,USD,high,0.3,GBP/USD,12h,720,z=+0.00,0.0,0.3,-0.10371096818101552,1.3631099999999998,1.3616963054216276,-0.2584883867496731,-0.10371096818101552,-0.2621322507429561,0.06871331687956801,0.08196588366850802,13
2026-05-13,2026-05-13 12:30:00,148399,87,Core PPI m/m,USD,high,0.3,GBP/USD,12h,720,z=+0.50,0.1677528707385529,0.4677528707385529,-0.14707313711085052,1.3631099999999998,1.3611052313607281,-0.2584883867496731,-0.10371096818101552,-0.2621322507429561,0.06871331687956801,0.08196588366850802,13
2026-05-13,2026-05-13 12:30:00,148399,87,Core PPI m/m,USD,high,0.3,GBP/USD,12h,720,z=+1.00,0.3355057414771058,0.6355057414771058,-0.19043530604068548,1.3631099999999998,1.3605141572998287,-0.2584883867496731,-0.10371096818101552,-0.2621322507429561,0.06871331687956801,0.08196588366850802,13
2026-05-13,2026-05-13 12:30:00,148399,87,Core PPI m/m,USD,high,0.3,GBP/USD,12h,720,z=+2.00,0.6710114829542116,0.9710114829542116,-0.27715964390035547,1.3631099999999998,1.3593320091780297,-0.2584883867496731,-0.10371096818101552,-0.2621322507429561,0.06871331687956801,0.08196588366850802,13
2026-05-13,2026-05-13 12:30:00,148399,87,Core PPI m/m,USD,high,0.3,GBP/USD,12h,720,z=-0.50,-0.1677528707385529,0.13224712926144708,-0.060348799251180536,1.3631099999999998,1.3622873794825272,-0.2584883867496731,-0.10371096818101552,-0.2621322507429561,0.06871331687956801,0.08196588366850802,13
2026-05-13,2026-05-13 12:30:00,148399,87,Core PPI m/m,USD,high,0.3,GBP/USD,12h,720,z=-1.00,-0.3355057414771058,-0.035505741477105834,-0.01698663032134555,1.3631099999999998,1.3628784535434264,-0.2584883867496731,-0.10371096818101552,-0.2621322507429561,0.06871331687956801,0.08196588366850802,13
2026-05-13,2026-05-13 12:30:00,148399,87,Core PPI m/m,USD,high,0.3,GBP/USD,12h,720,z=-2.00,-0.6710114829542116,-0.37101148295421166,0.06973770753832442,1.3631099999999998,1.3640606016652255,-0.2584883867496731,-0.10371096818101552,-0.2621322507429561,0.06871331687956801,0.08196588366850802,13
2026-05-13,2026-05-13 12:30:00,148399,87,Core PPI m/m,USD,high,0.3,USD/CAD,1m,1,z=+0.00,0.0,0.3,-0.010935482076086885,1.36764,1.3674904419729346,0.026050286907161463,-0.010935482076086885,0.24725196992344936,0.06113353663102631,0.00979933263626801,16
2026-05-13,2026-05-13 12:30:00,148399,87,Core PPI m/m,USD,high,0.3,USD/CAD,1m,1,z=+0.50,0.19017535767461216,0.4901753576746122,-0.005981359445991188,1.36764,1.3675581965356727,0.026050286907161463,-0.010935482076086885,0.24725196992344936,0.06113353663102631,0.00979933263626801,16
2026-05-13,2026-05-13 12:30:00,148399,87,Core PPI m/m,USD,high,0.3,USD/CAD,1m,1,z=+1.00,0.3803507153492243,0.6803507153492243,-0.0010272368158954909,1.36764,1.367625951098411,0.026050286907161463,-0.010935482076086885,0.24725196992344936,0.06113353663102631,0.00979933263626801,16
2026-05-13,2026-05-13 12:30:00,148399,87,Core PPI m/m,USD,high,0.3,USD/CAD,1m,1,z=+2.00,0.7607014306984486,1.0607014306984486,0.008881008444295903,1.36764,1.3677614602238874,0.026050286907161463,-0.010935482076086885,0.24725196992344936,0.06113353663102631,0.00979933263626801,16
2026-05-13,2026-05-13 12:30:00,148399,87,Core PPI m/m,USD,high,0.3,USD/CAD,1m,1,z=-0.50,-0.19017535767461216,0.10982464232538783,-0.015889604706182583,1.36764,1.3674226874101962,0.026050286907161463,-0.010935482076086885,0.24725196992344936,0.06113353663102631,0.00979933263626801,16
2026-05-13,2026-05-13 12:30:00,148399,87,Core PPI m/m,USD,high,0.3,USD/CAD,1m,1,z=-1.00,-0.3803507153492243,-0.08035071534922433,-0.02084372733627828,1.36764,1.367354932847458,0.026050286907161463,-0.010935482076086885,0.24725196992344936,0.06113353663102631,0.00979933263626801,16
2026-05-13,2026-05-13 12:30:00,148399,87,Core PPI m/m,USD,high,0.3,USD/CAD,1m,1,z=-2.00,-0.7607014306984486,-0.46070143069844866,-0.030751972596469675,1.36764,1.3672194237219817,0.026050286907161463,-0.010935482076086885,0.24725196992344936,0.06113353663102631,0.00979933263626801,16
2026-05-13,2026-05-13 12:30:00,148399,87,Core PPI m/m,USD,high,0.3,USD/CAD,5m,5,z=+0.00,0.0,0.3,-0.014585300569653873,1.36764,1.367440525595289,0.005763026730150544,-0.014585300569653873,0.0670197092772032,0.004491641431600837,0.0005876211276393734,16
2026-05-13,2026-05-13 12:30:00,148399,87,Core PPI m/m,USD,high,0.3,USD/CAD,5m,5,z=+0.50,0.19017535767461216,0.4901753576746122,-0.013489314899959142,1.36764,1.3674555147337022,0.005763026730150544,-0.014585300569653873,0.0670197092772032,0.004491641431600837,0.0005876211276393734,16
2026-05-13,2026-05-13 12:30:00,148399,87,Core PPI m/m,USD,high,0.3,USD/CAD,5m,5,z=+1.00,0.3803507153492243,0.6803507153492243,-0.012393329230264413,1.36764,1.367470503872115,0.005763026730150544,-0.014585300569653873,0.0670197092772032,0.004491641431600837,0.0005876211276393734,16
2026-05-13,2026-05-13 12:30:00,148399,87,Core PPI m/m,USD,high,0.3,USD/CAD,5m,5,z=+2.00,0.7607014306984486,1.0607014306984486,-0.010201357890874951,1.36764,1.3675004821489412,0.005763026730150544,-0.014585300569653873,0.0670197092772032,0.004491641431600837,0.0005876211276393734,16
2026-05-13,2026-05-13 12:30:00,148399,87,Core PPI m/m,USD,high,0.3,USD/CAD,5m,5,z=-0.50,-0.19017535767461216,0.10982464232538783,-0.015681286239348603,1.36764,1.3674255364568761,0.005763026730150544,-0.014585300569653873,0.0670197092772032,0.004491641431600837,0.0005876211276393734,16
2026-05-13,2026-05-13 12:30:00,148399,87,Core PPI m/m,USD,high,0.3,USD/CAD,5m,5,z=-1.00,-0.3803507153492243,-0.08035071534922433,-0.016777271909043334,1.36764,1.3674105473184632,0.005763026730150544,-0.014585300569653873,0.0670197092772032,0.004491641431600837,0.0005876211276393734,16
2026-05-13,2026-05-13 12:30:00,148399,87,Core PPI m/m,USD,high,0.3,USD/CAD,5m,5,z=-2.00,-0.7607014306984486,-0.46070143069844866,-0.018969243248432795,1.36764,1.3673805690416372,0.005763026730150544,-0.014585300569653873,0.0670197092772032,0.004491641431600837,0.0005876211276393734,16
2026-05-13,2026-05-13 12:30:00,148399,87,Core PPI m/m,USD,high,0.3,USD/CAD,15m,15,z=+0.00,0.0,0.3,-0.008925647509307529,1.36764,1.3675179292744037,-0.04338371114046859,-0.008925647509307529,-0.3004224679083221,0.09025365922412683,0.01982911529516308,16
2026-05-13,2026-05-13 12:30:00,148399,87,Core PPI m/m,USD,high,0.3,USD/CAD,15m,15,z=+0.50,0.19017535767461216,0.4901753576746122,-0.0171761602926982,1.36764,1.367405091961373,-0.04338371114046859,-0.008925647509307529,-0.3004224679083221,0.09025365922412683,0.01982911529516308,16
2026-05-13,2026-05-13 12:30:00,148399,87,Core PPI m/m,USD,high,0.3,USD/CAD,15m,15,z=+1.00,0.3803507153492243,0.6803507153492243,-0.025426673076088868,1.36764,1.3672922546483421,-0.04338371114046859,-0.008925647509307529,-0.3004224679083221,0.09025365922412683,0.01982911529516308,16
2026-05-13,2026-05-13 12:30:00,148399,87,Core PPI m/m,USD,high,0.3,USD/CAD,15m,15,z=+2.00,0.7607014306984486,1.0607014306984486,-0.04192769864287021,1.36764,1.3670665800222805,-0.04338371114046859,-0.008925647509307529,-0.3004224679083221,0.09025365922412683,0.01982911529516308,16
2026-05-13,2026-05-13 12:30:00,148399,87,Core PPI m/m,USD,high,0.3,USD/CAD,15m,15,z=-0.50,-0.19017535767461216,0.10982464232538783,-0.0006751347259168587,1.36764,1.3676307665874345,-0.04338371114046859,-0.008925647509307529,-0.3004224679083221,0.09025365922412683,0.01982911529516308,16
2026-05-13,2026-05-13 12:30:00,148399,87,Core PPI m/m,USD,high,0.3,USD/CAD,15m,15,z=-1.00,-0.3803507153492243,-0.08035071534922433,0.007575378057473811,1.36764,1.3677436039004651,-0.04338371114046859,-0.008925647509307529,-0.3004224679083221,0.09025365922412683,0.01982911529516308,16
2026-05-13,2026-05-13 12:30:00,148399,87,Core PPI m/m,USD,high,0.3,USD/CAD,15m,15,z=-2.00,-0.7607014306984486,-0.46070143069844866,0.02407640362425515,1.36764,1.3679692785265267,-0.04338371114046859,-0.008925647509307529,-0.3004224679083221,0.09025365922412683,0.01982911529516308,16
2026-05-13,2026-05-13 12:30:00,148399,87,Core PPI m/m,USD,high,0.3,USD/CAD,30m,30,z=+0.00,0.0,0.3,0.004153762041661826,1.36764,1.3676968085111865,0.022836914809989794,0.004153762041661826,0.23495983126124875,0.055206122306314484,0.008163479042702414,16
2026-05-13,2026-05-13 12:30:00,148399,87,Core PPI m/m,USD,high,0.3,USD/CAD,30m,30,z=+0.50,0.19017535767461216,0.4901753576746122,0.008496780483836282,1.36764,1.3677562053686092,0.022836914809989794,0.004153762041661826,0.23495983126124875,0.055206122306314484,0.008163479042702414,16
2026-05-13,2026-05-13 12:30:00,148399,87,Core PPI m/m,USD,high,0.3,USD/CAD,30m,30,z=+1.00,0.3803507153492243,0.6803507153492243,0.01283979892601074,1.36764,1.3678156022260317,0.022836914809989794,0.004153762041661826,0.23495983126124875,0.055206122306314484,0.008163479042702414,16
2026-05-13,2026-05-13 12:30:00,148399,87,Core PPI m/m,USD,high,0.3,USD/CAD,30m,30,z=+2.00,0.7607014306984486,1.0607014306984486,0.02152583581035965,1.36764,1.367934395940877,0.022836914809989794,0.004153762041661826,0.23495983126124875,0.055206122306314484,0.008163479042702414,16
2026-05-13,2026-05-13 12:30:00,148399,87,Core PPI m/m,USD,high,0.3,USD/CAD,30m,30,z=-0.50,-0.19017535767461216,0.10982464232538783,-0.0001892564005126305,1.36764,1.367637411653764,0.022836914809989794,0.004153762041661826,0.23495983126124875,0.055206122306314484,0.008163479042702414,16
2026-05-13,2026-05-13 12:30:00,148399,87,Core PPI m/m,USD,high,0.3,USD/CAD,30m,30,z=-1.00,-0.3803507153492243,-0.08035071534922433,-0.004532274842687087,1.36764,1.3675780147963414,0.022836914809989794,0.004153762041661826,0.23495983126124875,0.055206122306314484,0.008163479042702414,16
2026-05-13,2026-05-13 12:30:00,148399,87,Core PPI m/m,USD,high,0.3,USD/CAD,30m,30,z=-2.00,-0.7607014306984486,-0.46070143069844866,-0.013218311727036,1.36764,1.3674592210814964,0.022836914809989794,0.004153762041661826,0.23495983126124875,0.055206122306314484,0.008163479042702414,16
2026-05-13,2026-05-13 12:30:00,148399,87,Core PPI m/m,USD,high,0.3,USD/CAD,1h,60,z=+0.00,0.0,0.3,0.02549828331255439,1.36764,1.3679887247218958,-0.03647780726960117,0.02549828331255439,-0.21123463462392864,0.04462007086470463,0.01172298153647044,16
2026-05-13,2026-05-13 12:30:00,148399,87,Core PPI m/m,USD,high,0.3,USD/CAD,1h,60,z=+0.50,0.19017535767461216,0.4901753576746122,0.018561103267872418,1.36764,1.3678938490727328,-0.03647780726960117,0.02549828331255439,-0.21123463462392864,0.04462007086470463,0.01172298153647044,16
2026-05-13,2026-05-13 12:30:00,148399,87,Core PPI m/m,USD,high,0.3,USD/CAD,1h,60,z=+1.00,0.3803507153492243,0.6803507153492243,0.011623923223190448,1.36764,1.3677989734235694,-0.03647780726960117,0.02549828331255439,-0.21123463462392864,0.04462007086470463,0.01172298153647044,16
2026-05-13,2026-05-13 12:30:00,148399,87,Core PPI m/m,USD,high,0.3,USD/CAD,1h,60,z=+2.00,0.7607014306984486,1.0607014306984486,-0.002250436866173492,1.36764,1.3676092221252434,-0.03647780726960117,0.02549828331255439,-0.21123463462392864,0.04462007086470463,0.01172298153647044,16
2026-05-13,2026-05-13 12:30:00,148399,87,Core PPI m/m,USD,high,0.3,USD/CAD,1h,60,z=-0.50,-0.19017535767461216,0.10982464232538783,0.032435463357236356,1.36764,1.3680836003710588,-0.03647780726960117,0.02549828331255439,-0.21123463462392864,0.04462007086470463,0.01172298153647044,16
2026-05-13,2026-05-13 12:30:00,148399,87,Core PPI m/m,USD,high,0.3,USD/CAD,1h,60,z=-1.00,-0.3803507153492243,-0.08035071534922433,0.03937264340191833,1.36764,1.368178476020222,-0.03647780726960117,0.02549828331255439,-0.21123463462392864,0.04462007086470463,0.01172298153647044,16
2026-05-13,2026-05-13 12:30:00,148399,87,Core PPI m/m,USD,high,0.3,USD/CAD,1h,60,z=-2.00,-0.7607014306984486,-0.46070143069844866,0.053247003491282266,1.36764,1.368368227318548,-0.03647780726960117,0.02549828331255439,-0.21123463462392864,0.04462007086470463,0.01172298153647044,16
2026-05-13,2026-05-13 12:30:00,148399,87,Core PPI m/m,USD,high,0.3,USD/CAD,2h,120,z=+0.00,0.0,0.3,-0.032382240001327826,1.36764,1.3671971275328458,-0.1716062593648653,-0.032382240001327826,-0.325866914308112,0.10618924584069041,0.08507806850179422,16
2026-05-13,2026-05-13 12:30:00,148399,87,Core PPI m/m,USD,high,0.3,USD/CAD,2h,120,z=+0.50,0.19017535767461216,0.4901753576746122,-0.06501752175524333,1.36764,1.3667507943654666,-0.1716062593648653,-0.032382240001327826,-0.325866914308112,0.10618924584069041,0.08507806850179422,16
2026-05-13,2026-05-13 12:30:00,148399,87,Core PPI m/m,USD,high,0.3,USD/CAD,2h,120,z=+1.00,0.3803507153492243,0.6803507153492243,-0.09765280350915886,1.36764,1.3663044611980872,-0.1716062593648653,-0.032382240001327826,-0.325866914308112,0.10618924584069041,0.08507806850179422,16
2026-05-13,2026-05-13 12:30:00,148399,87,Core PPI m/m,USD,high,0.3,USD/CAD,2h,120,z=+2.00,0.7607014306984486,1.0607014306984486,-0.1629233670169899,1.36764,1.3654117948633289,-0.1716062593648653,-0.032382240001327826,-0.325866914308112,0.10618924584069041,0.08507806850179422,16
2026-05-13,2026-05-13 12:30:00,148399,87,Core PPI m/m,USD,high,0.3,USD/CAD,2h,120,z=-0.50,-0.19017535767461216,0.10982464232538783,0.00025304175258768907,1.36764,1.3676434607002252,-0.1716062593648653,-0.032382240001327826,-0.325866914308112,0.10618924584069041,0.08507806850179422,16
2026-05-13,2026-05-13 12:30:00,148399,87,Core PPI m/m,USD,high,0.3,USD/CAD,2h,120,z=-1.00,-0.3803507153492243,-0.08035071534922433,0.032888323506503205,1.36764,1.3680897938676042,-0.1716062593648653,-0.032382240001327826,-0.325866914308112,0.10618924584069041,0.08507806850179422,16
2026-05-13,2026-05-13 12:30:00,148399,87,Core PPI m/m,USD,high,0.3,USD/CAD,2h,120,z=-2.00,-0.7607014306984486,-0.46070143069844866,0.09815888701433423,1.36764,1.368982460202363,-0.1716062593648653,-0.032382240001327826,-0.325866914308112,0.10618924584069041,0.08507806850179422,16
2026-05-13,2026-05-13 12:30:00,148399,87,Core PPI m/m,USD,high,0.3,USD/CAD,4h,240,z=+0.00,0.0,0.3,-0.019662111578298266,1.36764,1.3673710930972105,-0.12703433775853443,-0.019662111578298266,-0.22883254849773776,0.052364335251969506,0.04422655931652854,16
2026-05-13,2026-05-13 12:30:00,148399,87,Core PPI m/m,USD,high,0.3,USD/CAD,4h,240,z=+0.50,0.19017535767461216,0.4901753576746122,-0.04382091219848504,1.36764,1.3670406876764085,-0.12703433775853443,-0.019662111578298266,-0.22883254849773776,0.052364335251969506,0.04422655931652854,16
2026-05-13,2026-05-13 12:30:00,148399,87,Core PPI m/m,USD,high,0.3,USD/CAD,4h,240,z=+1.00,0.3803507153492243,0.6803507153492243,-0.06797971281867182,1.36764,1.3667102822556068,-0.12703433775853443,-0.019662111578298266,-0.22883254849773776,0.052364335251969506,0.04422655931652854,16
2026-05-13,2026-05-13 12:30:00,148399,87,Core PPI m/m,USD,high,0.3,USD/CAD,4h,240,z=+2.00,0.7607014306984486,1.0607014306984486,-0.11629731405904536,1.36764,1.3660494714140028,-0.12703433775853443,-0.019662111578298266,-0.22883254849773776,0.052364335251969506,0.04422655931652854,16
2026-05-13,2026-05-13 12:30:00,148399,87,Core PPI m/m,USD,high,0.3,USD/CAD,4h,240,z=-0.50,-0.19017535767461216,0.10982464232538783,0.004496689041888508,1.36764,1.3677014985180127,-0.12703433775853443,-0.019662111578298266,-0.22883254849773776,0.052364335251969506,0.04422655931652854,16
2026-05-13,2026-05-13 12:30:00,148399,87,Core PPI m/m,USD,high,0.3,USD/CAD,4h,240,z=-1.00,-0.3803507153492243,-0.08035071534922433,0.028655489662075283,1.36764,1.3680319039388142,-0.12703433775853443,-0.019662111578298266,-0.22883254849773776,0.052364335251969506,0.04422655931652854,16
2026-05-13,2026-05-13 12:30:00,148399,87,Core PPI m/m,USD,high,0.3,USD/CAD,4h,240,z=-2.00,-0.7607014306984486,-0.46070143069844866,0.07697309090244883,1.36764,1.3686927147804182,-0.12703433775853443,-0.019662111578298266,-0.22883254849773776,0.052364335251969506,0.04422655931652854,16
2026-05-13,2026-05-13 12:30:00,148399,87,Core PPI m/m,USD,high,0.3,USD/CAD,6h,360,z=+0.00,0.0,0.3,-0.009923530687440892,1.36764,1.3675042818249064,0.018149662216173233,-0.009923530687440892,0.03192017827781209,0.001018897781287307,0.0008814102238639736,16
2026-05-13,2026-05-13 12:30:00,148399,87,Core PPI m/m,USD,high,0.3,USD/CAD,6h,360,z=+0.50,0.19017535767461216,0.4901753576746122,-0.006471912183806754,1.36764,1.3675514875402095,0.018149662216173233,-0.009923530687440892,0.03192017827781209,0.001018897781287307,0.0008814102238639736,16
2026-05-13,2026-05-13 12:30:00,148399,87,Core PPI m/m,USD,high,0.3,USD/CAD,6h,360,z=+1.00,0.3803507153492243,0.6803507153492243,-0.0030202936801726156,1.36764,1.3675986932555124,0.018149662216173233,-0.009923530687440892,0.03192017827781209,0.001018897781287307,0.0008814102238639736,16
2026-05-13,2026-05-13 12:30:00,148399,87,Core PPI m/m,USD,high,0.3,USD/CAD,6h,360,z=+2.00,0.7607014306984486,1.0607014306984486,0.003882943327095661,1.36764,1.3676931046861187,0.018149662216173233,-0.009923530687440892,0.03192017827781209,0.001018897781287307,0.0008814102238639736,16
2026-05-13,2026-05-13 12:30:00,148399,87,Core PPI m/m,USD,high,0.3,USD/CAD,6h,360,z=-0.50,-0.19017535767461216,0.10982464232538783,-0.01337514919107503,1.36764,1.3674570761096032,0.018149662216173233,-0.009923530687440892,0.03192017827781209,0.001018897781287307,0.0008814102238639736,16
2026-05-13,2026-05-13 12:30:00,148399,87,Core PPI m/m,USD,high,0.3,USD/CAD,6h,360,z=-1.00,-0.3803507153492243,-0.08035071534922433,-0.016826767694709168,1.36764,1.3674098703943,0.018149662216173233,-0.009923530687440892,0.03192017827781209,0.001018897781287307,0.0008814102238639736,16
2026-05-13,2026-05-13 12:30:00,148399,87,Core PPI m/m,USD,high,0.3,USD/CAD,6h,360,z=-2.00,-0.7607014306984486,-0.46070143069844866,-0.023730004701977447,1.36764,1.3673154589636938,0.018149662216173233,-0.009923530687440892,0.03192017827781209,0.001018897781287307,0.0008814102238639736,16
2026-05-13,2026-05-13 12:30:00,148399,87,Core PPI m/m,USD,high,0.3,USD/CAD,12h,720,z=+0.00,0.0,0.3,-0.016676849118930623,1.36764,1.3674119207407098,0.08140534755873866,-0.016676849118930623,0.09273655302604646,0.008600068267152726,0.009132202160616798,13
2026-05-13,2026-05-13 12:30:00,148399,87,Core PPI m/m,USD,high,0.3,USD/CAD,12h,720,z=+0.50,0.1677528707385529,0.4677528707385529,-0.0030208683724825634,1.36764,1.3675986853957904,0.08140534755873866,-0.016676849118930623,0.09273655302604646,0.008600068267152726,0.009132202160616798,13
2026-05-13,2026-05-13 12:30:00,148399,87,Core PPI m/m,USD,high,0.3,USD/CAD,12h,720,z=+1.00,0.3355057414771058,0.6355057414771058,0.010635112373965496,1.36764,1.3677854500508713,0.08140534755873866,-0.016676849118930623,0.09273655302604646,0.008600068267152726,0.009132202160616798,13
2026-05-13,2026-05-13 12:30:00,148399,87,Core PPI m/m,USD,high,0.3,USD/CAD,12h,720,z=+2.00,0.6710114829542116,0.9710114829542116,0.037947073866861615,1.36764,1.3681589793610327,0.08140534755873866,-0.016676849118930623,0.09273655302604646,0.008600068267152726,0.009132202160616798,13
2026-05-13,2026-05-13 12:30:00,148399,87,Core PPI m/m,USD,high,0.3,USD/CAD,12h,720,z=-0.50,-0.1677528707385529,0.13224712926144708,-0.030332829865378684,1.36764,1.3672251560856292,0.08140534755873866,-0.016676849118930623,0.09273655302604646,0.008600068267152726,0.009132202160616798,13
2026-05-13,2026-05-13 12:30:00,148399,87,Core PPI m/m,USD,high,0.3,USD/CAD,12h,720,z=-1.00,-0.3355057414771058,-0.035505741477105834,-0.043988810611826745,1.36764,1.3670383914305484,0.08140534755873866,-0.016676849118930623,0.09273655302604646,0.008600068267152726,0.009132202160616798,13
2026-05-13,2026-05-13 12:30:00,148399,87,Core PPI m/m,USD,high,0.3,USD/CAD,12h,720,z=-2.00,-0.6710114829542116,-0.37101148295421166,-0.07130077210472285,1.36764,1.366664862120387,0.08140534755873866,-0.016676849118930623,0.09273655302604646,0.008600068267152726,0.009132202160616798,13
2026-05-13,2026-05-13 12:30:00,148399,87,Core PPI m/m,USD,high,0.3,USD/JPY,1m,1,z=+0.00,0.0,0.3,-0.04701959747501631,156.67450000000002,156.60083228075402,0.030682117950424293,-0.04701959747501631,0.18173192790677997,0.033026493620715074,0.008483221323586436,16
2026-05-13,2026-05-13 12:30:00,148399,87,Core PPI m/m,USD,high,0.3,USD/JPY,1m,1,z=+0.50,0.19017535767461216,0.4901753576746122,-0.04118461471957973,156.67450000000002,156.6099742108112,0.030682117950424293,-0.04701959747501631,0.18173192790677997,0.033026493620715074,0.008483221323586436,16
2026-05-13,2026-05-13 12:30:00,148399,87,Core PPI m/m,USD,high,0.3,USD/JPY,1m,1,z=+1.00,0.3803507153492243,0.6803507153492243,-0.035349631964143154,156.67450000000002,156.61911614086836,0.030682117950424293,-0.04701959747501631,0.18173192790677997,0.033026493620715074,0.008483221323586436,16
2026-05-13,2026-05-13 12:30:00,148399,87,Core PPI m/m,USD,high,0.3,USD/JPY,1m,1,z=+2.00,0.7607014306984486,1.0607014306984486,-0.023679666453269996,156.67450000000002,156.6374000009827,0.030682117950424293,-0.04701959747501631,0.18173192790677997,0.033026493620715074,0.008483221323586436,16
2026-05-13,2026-05-13 12:30:00,148399,87,Core PPI m/m,USD,high,0.3,USD/JPY,1m,1,z=-0.50,-0.19017535767461216,0.10982464232538783,-0.052854580230452884,156.67450000000002,156.59169035069687,0.030682117950424293,-0.04701959747501631,0.18173192790677997,0.033026493620715074,0.008483221323586436,16
2026-05-13,2026-05-13 12:30:00,148399,87,Core PPI m/m,USD,high,0.3,USD/JPY,1m,1,z=-1.00,-0.3803507153492243,-0.08035071534922433,-0.05868956298588946,156.67450000000002,156.58254842063968,0.030682117950424293,-0.04701959747501631,0.18173192790677997,0.033026493620715074,0.008483221323586436,16
2026-05-13,2026-05-13 12:30:00,148399,87,Core PPI m/m,USD,high,0.3,USD/JPY,1m,1,z=-2.00,-0.7607014306984486,-0.46070143069844866,-0.07035952849676262,156.67450000000002,156.56426456052534,0.030682117950424293,-0.04701959747501631,0.18173192790677997,0.033026493620715074,0.008483221323586436,16
2026-05-13,2026-05-13 12:30:00,148399,87,Core PPI m/m,USD,high,0.3,USD/JPY,5m,5,z=+0.00,0.0,0.3,-0.06776688834121505,156.67450000000002,156.56832656652585,-0.008995312151571531,-0.06776688834121505,-0.0338085072924377,0.0011430151653428133,0.00046268611175030684,16
2026-05-13,2026-05-13 12:30:00,148399,87,Core PPI m/m,USD,high,0.3,USD/JPY,5m,5,z=+0.50,0.19017535767461216,0.4901753576746122,-0.06947757504703496,156.67450000000002,156.56564635668295,-0.008995312151571531,-0.06776688834121505,-0.0338085072924377,0.0011430151653428133,0.00046268611175030684,16
2026-05-13,2026-05-13 12:30:00,148399,87,Core PPI m/m,USD,high,0.3,USD/JPY,5m,5,z=+1.00,0.3803507153492243,0.6803507153492243,-0.07118826175285485,156.67450000000002,156.56296614684004,-0.008995312151571531,-0.06776688834121505,-0.0338085072924377,0.0011430151653428133,0.00046268611175030684,16
2026-05-13,2026-05-13 12:30:00,148399,87,Core PPI m/m,USD,high,0.3,USD/JPY,5m,5,z=+2.00,0.7607014306984486,1.0607014306984486,-0.07460963516449466,156.67450000000002,156.55760572715423,-0.008995312151571531,-0.06776688834121505,-0.0338085072924377,0.0011430151653428133,0.00046268611175030684,16
2026-05-13,2026-05-13 12:30:00,148399,87,Core PPI m/m,USD,high,0.3,USD/JPY,5m,5,z=-0.50,-0.19017535767461216,0.10982464232538783,-0.06605620163539515,156.67450000000002,156.57100677636876,-0.008995312151571531,-0.06776688834121505,-0.0338085072924377,0.0011430151653428133,0.00046268611175030684,16
2026-05-13,2026-05-13 12:30:00,148399,87,Core PPI m/m,USD,high,0.3,USD/JPY,5m,5,z=-1.00,-0.3803507153492243,-0.08035071534922433,-0.06434551492957526,156.67450000000002,156.5736869862117,-0.008995312151571531,-0.06776688834121505,-0.0338085072924377,0.0011430151653428133,0.00046268611175030684,16
2026-05-13,2026-05-13 12:30:00,148399,87,Core PPI m/m,USD,high,0.3,USD/JPY,5m,5,z=-2.00,-0.7607014306984486,-0.46070143069844866,-0.060924141517935446,156.67450000000002,156.5790474058975,-0.008995312151571531,-0.06776688834121505,-0.0338085072924377,0.0011430151653428133,0.00046268611175030684,16
2026-05-13,2026-05-13 12:30:00,148399,87,Core PPI m/m,USD,high,0.3,USD/JPY,15m,15,z=+0.00,0.0,0.3,-0.07063085199396786,156.67450000000002,156.56383946579274,-0.04851939854935469,-0.07063085199396786,-0.14960246772535293,0.022380898349515267,0.01104328790866624,16
2026-05-13,2026-05-13 12:30:00,148399,87,Core PPI m/m,USD,high,0.3,USD/JPY,15m,15,z=+0.50,0.19017535767461216,0.4901753576746122,-0.07985804596724845,156.67450000000002,156.54938280577107,-0.04851939854935469,-0.07063085199396786,-0.14960246772535293,0.022380898349515267,0.01104328790866624,16
2026-05-13,2026-05-13 12:30:00,148399,87,Core PPI m/m,USD,high,0.3,USD/JPY,15m,15,z=+1.00,0.3803507153492243,0.6803507153492243,-0.08908523994052903,156.67450000000002,156.53492614574938,-0.04851939854935469,-0.07063085199396786,-0.14960246772535293,0.022380898349515267,0.01104328790866624,16
2026-05-13,2026-05-13 12:30:00,148399,87,Core PPI m/m,USD,high,0.3,USD/JPY,15m,15,z=+2.00,0.7607014306984486,1.0607014306984486,-0.1075396278870902,156.67450000000002,156.50601282570608,-0.04851939854935469,-0.07063085199396786,-0.14960246772535293,0.022380898349515267,0.01104328790866624,16
2026-05-13,2026-05-13 12:30:00,148399,87,Core PPI m/m,USD,high,0.3,USD/JPY,15m,15,z=-0.50,-0.19017535767461216,0.10982464232538783,-0.06140365802068727,156.67450000000002,156.5782961258144,-0.04851939854935469,-0.07063085199396786,-0.14960246772535293,0.022380898349515267,0.01104328790866624,16
2026-05-13,2026-05-13 12:30:00,148399,87,Core PPI m/m,USD,high,0.3,USD/JPY,15m,15,z=-1.00,-0.3803507153492243,-0.08035071534922433,-0.05217646404740669,156.67450000000002,156.59275278583607,-0.04851939854935469,-0.07063085199396786,-0.14960246772535293,0.022380898349515267,0.01104328790866624,16
2026-05-13,2026-05-13 12:30:00,148399,87,Core PPI m/m,USD,high,0.3,USD/JPY,15m,15,z=-2.00,-0.7607014306984486,-0.46070143069844866,-0.033722076100845516,156.67450000000002,156.6216661058794,-0.04851939854935469,-0.07063085199396786,-0.14960246772535293,0.022380898349515267,0.01104328790866624,16
2026-05-13,2026-05-13 12:30:00,148399,87,Core PPI m/m,USD,high,0.3,USD/JPY,30m,30,z=+0.00,0.0,0.3,-0.04256355418133747,156.67450000000002,156.60781376430418,0.06626280079668495,-0.04256355418133747,0.19292611057218648,0.037220484140511524,0.019449347072454715,16
2026-05-13,2026-05-13 12:30:00,148399,87,Core PPI m/m,USD,high,0.3,USD/JPY,30m,30,z=+0.50,0.19017535767461216,0.4901753576746122,-0.029962002339306334,156.67450000000002,156.62755718264492,0.06626280079668495,-0.04256355418133747,0.19292611057218648,0.037220484140511524,0.019449347072454715,16
2026-05-13,2026-05-13 12:30:00,148399,87,Core PPI m/m,USD,high,0.3,USD/JPY,30m,30,z=+1.00,0.3803507153492243,0.6803507153492243,-0.017360450497275196,156.67450000000002,156.6473006009857,0.06626280079668495,-0.04256355418133747,0.19292611057218648,0.037220484140511524,0.019449347072454715,16
2026-05-13,2026-05-13 12:30:00,148399,87,Core PPI m/m,USD,high,0.3,USD/JPY,30m,30,z=+2.00,0.7607014306984486,1.0607014306984486,0.007842653186787077,156.67450000000002,156.68678743766716,0.06626280079668495,-0.04256355418133747,0.19292611057218648,0.037220484140511524,0.019449347072454715,16
2026-05-13,2026-05-13 12:30:00,148399,87,Core PPI m/m,USD,high,0.3,USD/JPY,30m,30,z=-0.50,-0.19017535767461216,0.10982464232538783,-0.055165106023368604,156.67450000000002,156.58807034596344,0.06626280079668495,-0.04256355418133747,0.19292611057218648,0.037220484140511524,0.019449347072454715,16
2026-05-13,2026-05-13 12:30:00,148399,87,Core PPI m/m,USD,high,0.3,USD/JPY,30m,30,z=-1.00,-0.3803507153492243,-0.08035071534922433,-0.06776665786539975,156.67450000000002,156.5683269276227,0.06626280079668495,-0.04256355418133747,0.19292611057218648,0.037220484140511524,0.019449347072454715,16
2026-05-13,2026-05-13 12:30:00,148399,87,Core PPI m/m,USD,high,0.3,USD/JPY,30m,30,z=-2.00,-0.7607014306984486,-0.46070143069844866,-0.09296976154946202,156.67450000000002,156.5288400909412,0.06626280079668495,-0.04256355418133747,0.19292611057218648,0.037220484140511524,0.019449347072454715,16
2026-05-13,2026-05-13 12:30:00,148399,87,Core PPI m/m,USD,high,0.3,USD/JPY,1h,60,z=+0.00,0.0,0.3,-0.015188053814255996,156.67450000000002,156.65070419262682,0.13944721582650488,-0.015188053814255996,0.36402384593245996,0.13251336040745934,0.07722962215788479,16
2026-05-13,2026-05-13 12:30:00,148399,87,Core PPI m/m,USD,high,0.3,USD/JPY,1h,60,z=+0.50,0.19017535767461216,0.4901753576746122,0.011331370332278407,156.67450000000002,156.69225336781125,0.13944721582650488,-0.015188053814255996,0.36402384593245996,0.13251336040745934,0.07722962215788479,16
2026-05-13,2026-05-13 12:30:00,148399,87,Core PPI m/m,USD,high,0.3,USD/JPY,1h,60,z=+1.00,0.3803507153492243,0.6803507153492243,0.03785079447881281,156.67450000000002,156.73380254299573,0.13944721582650488,-0.015188053814255996,0.36402384593245996,0.13251336040745934,0.07722962215788479,16
2026-05-13,2026-05-13 12:30:00,148399,87,Core PPI m/m,USD,high,0.3,USD/JPY,1h,60,z=+2.00,0.7607014306984486,1.0607014306984486,0.0908896427718816,156.67450000000002,156.81690089336465,0.13944721582650488,-0.015188053814255996,0.36402384593245996,0.13251336040745934,0.07722962215788479,16
2026-05-13,2026-05-13 12:30:00,148399,87,Core PPI m/m,USD,high,0.3,USD/JPY,1h,60,z=-0.50,-0.19017535767461216,0.10982464232538783,-0.0417074779607904,156.67450000000002,156.60915501744233,0.13944721582650488,-0.015188053814255996,0.36402384593245996,0.13251336040745934,0.07722962215788479,16
2026-05-13,2026-05-13 12:30:00,148399,87,Core PPI m/m,USD,high,0.3,USD/JPY,1h,60,z=-1.00,-0.3803507153492243,-0.08035071534922433,-0.0682269021073248,156.67450000000002,156.56760584225788,0.13944721582650488,-0.015188053814255996,0.36402384593245996,0.13251336040745934,0.07722962215788479,16
2026-05-13,2026-05-13 12:30:00,148399,87,Core PPI m/m,USD,high,0.3,USD/JPY,1h,60,z=-2.00,-0.7607014306984486,-0.46070143069844866,-0.12126575040039361,156.67450000000002,156.48450749188896,0.13944721582650488,-0.015188053814255996,0.36402384593245996,0.13251336040745934,0.07722962215788479,16
2026-05-13,2026-05-13 12:30:00,148399,87,Core PPI m/m,USD,high,0.3,USD/JPY,2h,120,z=+0.00,0.0,0.3,0.00954802302026851,156.67450000000002,156.6894593173269,0.16035604215940563,0.00954802302026851,0.36817400981357196,0.13555210150220418,0.08982199253194528,16
2026-05-13,2026-05-13 12:30:00,148399,87,Core PPI m/m,USD,high,0.3,USD/JPY,2h,120,z=+0.50,0.19017535767461216,0.4901753576746122,0.040043790693218666,156.67450000000002,156.73723840884966,0.16035604215940563,0.00954802302026851,0.36817400981357196,0.13555210150220418,0.08982199253194528,16
2026-05-13,2026-05-13 12:30:00,148399,87,Core PPI m/m,USD,high,0.3,USD/JPY,2h,120,z=+1.00,0.3803507153492243,0.6803507153492243,0.07053955836616882,156.67450000000002,156.78501750037245,0.16035604215940563,0.00954802302026851,0.36817400981357196,0.13555210150220418,0.08982199253194528,16
2026-05-13,2026-05-13 12:30:00,148399,87,Core PPI m/m,USD,high,0.3,USD/JPY,2h,120,z=+2.00,0.7607014306984486,1.0607014306984486,0.1315310937120691,156.67450000000002,156.88057568341793,0.16035604215940563,0.00954802302026851,0.36817400981357196,0.13555210150220418,0.08982199253194528,16
2026-05-13,2026-05-13 12:30:00,148399,87,Core PPI m/m,USD,high,0.3,USD/JPY,2h,120,z=-0.50,-0.19017535767461216,0.10982464232538783,-0.020947744652681642,156.67450000000002,156.64168022580415,0.16035604215940563,0.00954802302026851,0.36817400981357196,0.13555210150220418,0.08982199253194528,16
2026-05-13,2026-05-13 12:30:00,148399,87,Core PPI m/m,USD,high,0.3,USD/JPY,2h,120,z=-1.00,-0.3803507153492243,-0.08035071534922433,-0.051443512325631796,156.67450000000002,156.5939011342814,0.16035604215940563,0.00954802302026851,0.36817400981357196,0.13555210150220418,0.08982199253194528,16
2026-05-13,2026-05-13 12:30:00,148399,87,Core PPI m/m,USD,high,0.3,USD/JPY,2h,120,z=-2.00,-0.7607014306984486,-0.46070143069844866,-0.1124350476715321,156.67450000000002,156.49834295123588,0.16035604215940563,0.00954802302026851,0.36817400981357196,0.13555210150220418,0.08982199253194528,16
2026-05-13,2026-05-13 12:30:00,148399,87,Core PPI m/m,USD,high,0.3,USD/JPY,4h,240,z=+0.00,0.0,0.3,-0.004465256228855048,156.67450000000002,156.66750408212974,0.21864040690930345,-0.004465256228855048,0.25617730172687275,0.0656268099200612,0.08521485368770315,16
2026-05-13,2026-05-13 12:30:00,148399,87,Core PPI m/m,USD,high,0.3,USD/JPY,4h,240,z=+0.50,0.19017535767461216,0.4901753576746122,0.03711476135724448,156.67450000000002,156.73264936678268,0.21864040690930345,-0.004465256228855048,0.25617730172687275,0.0656268099200612,0.08521485368770315,16
2026-05-13,2026-05-13 12:30:00,148399,87,Core PPI m/m,USD,high,0.3,USD/JPY,4h,240,z=+1.00,0.3803507153492243,0.6803507153492243,0.07869477894334401,156.67450000000002,156.7977946514356,0.21864040690930345,-0.004465256228855048,0.25617730172687275,0.0656268099200612,0.08521485368770315,16
2026-05-13,2026-05-13 12:30:00,148399,87,Core PPI m/m,USD,high,0.3,USD/JPY,4h,240,z=+2.00,0.7607014306984486,1.0607014306984486,0.16185481411554306,156.67450000000002,156.92808522074148,0.21864040690930345,-0.004465256228855048,0.25617730172687275,0.0656268099200612,0.08521485368770315,16
2026-05-13,2026-05-13 12:30:00,148399,87,Core PPI m/m,USD,high,0.3,USD/JPY,4h,240,z=-0.50,-0.19017535767461216,0.10982464232538783,-0.046045273814954574,156.67450000000002,156.60235879747682,0.21864040690930345,-0.004465256228855048,0.25617730172687275,0.0656268099200612,0.08521485368770315,16
2026-05-13,2026-05-13 12:30:00,148399,87,Core PPI m/m,USD,high,0.3,USD/JPY,4h,240,z=-1.00,-0.3803507153492243,-0.08035071534922433,-0.0876252914010541,156.67450000000002,156.53721351282388,0.21864040690930345,-0.004465256228855048,0.25617730172687275,0.0656268099200612,0.08521485368770315,16
2026-05-13,2026-05-13 12:30:00,148399,87,Core PPI m/m,USD,high,0.3,USD/JPY,4h,240,z=-2.00,-0.7607014306984486,-0.46070143069844866,-0.17078532657325315,156.67450000000002,156.40692294351803,0.21864040690930345,-0.004465256228855048,0.25617730172687275,0.0656268099200612,0.08521485368770315,16
2026-05-13,2026-05-13 12:30:00,148399,87,Core PPI m/m,USD,high,0.3,USD/JPY,6h,360,z=+0.00,0.0,0.3,-0.020388847171692228,156.67450000000002,156.642555875638,0.22699824497932042,-0.020388847171692228,0.23231294209604778,0.05396930306532165,0.08023061719241927,16
2026-05-13,2026-05-13 12:30:00,148399,87,Core PPI m/m,USD,high,0.3,USD/JPY,6h,360,z=+0.50,0.19017535767461216,0.4901753576746122,0.022780625258759266,156.67450000000002,156.71019143072104,0.22699824497932042,-0.020388847171692228,0.23231294209604778,0.05396930306532165,0.08023061719241927,16
2026-05-13,2026-05-13 12:30:00,148399,87,Core PPI m/m,USD,high,0.3,USD/JPY,6h,360,z=+1.00,0.3803507153492243,0.6803507153492243,0.06595009768921076,156.67450000000002,156.77782698580413,0.22699824497932042,-0.020388847171692228,0.23231294209604778,0.05396930306532165,0.08023061719241927,16
2026-05-13,2026-05-13 12:30:00,148399,87,Core PPI m/m,USD,high,0.3,USD/JPY,6h,360,z=+2.00,0.7607014306984486,1.0607014306984486,0.15228904255011375,156.67450000000002,156.9130980959702,0.22699824497932042,-0.020388847171692228,0.23231294209604778,0.05396930306532165,0.08023061719241927,16
2026-05-13,2026-05-13 12:30:00,148399,87,Core PPI m/m,USD,high,0.3,USD/JPY,6h,360,z=-0.50,-0.19017535767461216,0.10982464232538783,-0.06355831960214373,156.67450000000002,156.57492032055495,0.22699824497932042,-0.020388847171692228,0.23231294209604778,0.05396930306532165,0.08023061719241927,16
2026-05-13,2026-05-13 12:30:00,148399,87,Core PPI m/m,USD,high,0.3,USD/JPY,6h,360,z=-1.00,-0.3803507153492243,-0.08035071534922433,-0.10672779203259522,156.67450000000002,156.50728476547192,0.22699824497932042,-0.020388847171692228,0.23231294209604778,0.05396930306532165,0.08023061719241927,16
2026-05-13,2026-05-13 12:30:00,148399,87,Core PPI m/m,USD,high,0.3,USD/JPY,6h,360,z=-2.00,-0.7607014306984486,-0.46070143069844866,-0.1930667368934982,156.67450000000002,156.3720136553058,0.22699824497932042,-0.020388847171692228,0.23231294209604778,0.05396930306532165,0.08023061719241927,16
2026-05-13,2026-05-13 12:30:00,148399,87,Core PPI m/m,USD,high,0.3,USD/JPY,12h,720,z=+0.00,0.0,0.3,-0.021509554387492625,156.67450000000002,156.6408000132112,0.4690701620547153,-0.021509554387492625,0.4227370180924004,0.17870658646565446,0.23987209069128546,13
2026-05-13,2026-05-13 12:30:00,148399,87,Core PPI m/m,USD,high,0.3,USD/JPY,12h,720,z=+0.50,0.1677528707385529,0.4677528707385529,0.057178311874984095,156.67450000000002,156.76408383423862,0.4690701620547153,-0.021509554387492625,0.4227370180924004,0.17870658646565446,0.23987209069128546,13
2026-05-13,2026-05-13 12:30:00,148399,87,Core PPI m/m,USD,high,0.3,USD/JPY,12h,720,z=+1.00,0.3355057414771058,0.6355057414771058,0.1358661781374608,156.67450000000002,156.887367655266,0.4690701620547153,-0.021509554387492625,0.4227370180924004,0.17870658646565446,0.23987209069128546,13
2026-05-13,2026-05-13 12:30:00,148399,87,Core PPI m/m,USD,high,0.3,USD/JPY,12h,720,z=+2.00,0.6710114829542116,0.9710114829542116,0.29324191066241423,156.67450000000002,157.13393529732082,0.4690701620547153,-0.021509554387492625,0.4227370180924004,0.17870658646565446,0.23987209069128546,13
2026-05-13,2026-05-13 12:30:00,148399,87,Core PPI m/m,USD,high,0.3,USD/JPY,12h,720,z=-0.50,-0.1677528707385529,0.13224712926144708,-0.10019742064996934,156.67450000000002,156.5175161921838,0.4690701620547153,-0.021509554387492625,0.4227370180924004,0.17870658646565446,0.23987209069128546,13
2026-05-13,2026-05-13 12:30:00,148399,87,Core PPI m/m,USD,high,0.3,USD/JPY,12h,720,z=-1.00,-0.3355057414771058,-0.035505741477105834,-0.17888528691244607,156.67450000000002,156.3942323711564,0.4690701620547153,-0.021509554387492625,0.4227370180924004,0.17870658646565446,0.23987209069128546,13
2026-05-13,2026-05-13 12:30:00,148399,87,Core PPI m/m,USD,high,0.3,USD/JPY,12h,720,z=-2.00,-0.6710114829542116,-0.37101148295421166,-0.3362610194373995,156.67450000000002,156.14766472910156,0.4690701620547153,-0.021509554387492625,0.4227370180924004,0.17870658646565446,0.23987209069128546,13
2026-05-14,2026-05-14 06:00:00,151534,804,GDP m/m,GBP,high,-0.2,EUR/USD,1m,1,z=+0.00,0.0,-0.2,-0.008541988305034045,1.1785999999999999,1.1784993241258368,-0.018666186743478592,-0.008541988305034045,-0.22727490646103263,0.05165388310687113,0.003943606114044395,18
2026-05-14,2026-05-14 06:00:00,151534,804,GDP m/m,GBP,high,-0.2,EUR/USD,1m,1,z=+0.50,0.10955196934299313,-0.09044803065700688,-0.010586905822906197,1.1785999999999999,1.1784752227279711,-0.018666186743478592,-0.008541988305034045,-0.22727490646103263,0.05165388310687113,0.003943606114044395,18
2026-05-14,2026-05-14 06:00:00,151534,804,GDP m/m,GBP,high,-0.2,EUR/USD,1m,1,z=+1.00,0.21910393868598627,0.019103938685986255,-0.012631823340778349,1.1785999999999999,1.1784511213301054,-0.018666186743478592,-0.008541988305034045,-0.22727490646103263,0.05165388310687113,0.003943606114044395,18
2026-05-14,2026-05-14 06:00:00,151534,804,GDP m/m,GBP,high,-0.2,EUR/USD,1m,1,z=+2.00,0.43820787737197253,0.23820787737197252,-0.016721658376522654,1.1785999999999999,1.1784029185343743,-0.018666186743478592,-0.008541988305034045,-0.22727490646103263,0.05165388310687113,0.003943606114044395,18
2026-05-14,2026-05-14 06:00:00,151534,804,GDP m/m,GBP,high,-0.2,EUR/USD,1m,1,z=-0.50,-0.10955196934299313,-0.3095519693429931,-0.006497070787161894,1.1785999999999999,1.1785234255237025,-0.018666186743478592,-0.008541988305034045,-0.22727490646103263,0.05165388310687113,0.003943606114044395,18
2026-05-14,2026-05-14 06:00:00,151534,804,GDP m/m,GBP,high,-0.2,EUR/USD,1m,1,z=-1.00,-0.21910393868598627,-0.4191039386859863,-0.004452153269289742,1.1785999999999999,1.1785475269215682,-0.018666186743478592,-0.008541988305034045,-0.22727490646103263,0.05165388310687113,0.003943606114044395,18
2026-05-14,2026-05-14 06:00:00,151534,804,GDP m/m,GBP,high,-0.2,EUR/USD,1m,1,z=-2.00,-0.43820787737197253,-0.6382078773719726,-0.00036231823354543856,1.1785999999999999,1.1785957297172993,-0.018666186743478592,-0.008541988305034045,-0.22727490646103263,0.05165388310687113,0.003943606114044395,18
2026-05-14,2026-05-14 06:00:00,151534,804,GDP m/m,GBP,high,-0.2,EUR/USD,5m,5,z=+0.00,0.0,-0.2,-0.021191819161117766,1.1785999999999999,1.178350233219367,-0.0800457058859005,-0.021191819161117766,-0.3610911696527654,0.1303868328012022,0.02686837147269,18
2026-05-14,2026-05-14 06:00:00,151534,804,GDP m/m,GBP,high,-0.2,EUR/USD,5m,5,z=+0.50,0.10955196934299313,-0.09044803065700688,-0.02996098387836818,1.1785999999999999,1.1782468798440096,-0.0800457058859005,-0.021191819161117766,-0.3610911696527654,0.1303868328012022,0.02686837147269,18
2026-05-14,2026-05-14 06:00:00,151534,804,GDP m/m,GBP,high,-0.2,EUR/USD,5m,5,z=+1.00,0.21910393868598627,0.019103938685986255,-0.0387301485956186,1.1785999999999999,1.178143526468652,-0.0800457058859005,-0.021191819161117766,-0.3610911696527654,0.1303868328012022,0.02686837147269,18
2026-05-14,2026-05-14 06:00:00,151534,804,GDP m/m,GBP,high,-0.2,EUR/USD,5m,5,z=+2.00,0.43820787737197253,0.23820787737197252,-0.05626847803011943,1.1785999999999999,1.177936819717937,-0.0800457058859005,-0.021191819161117766,-0.3610911696527654,0.1303868328012022,0.02686837147269,18
2026-05-14,2026-05-14 06:00:00,151534,804,GDP m/m,GBP,high,-0.2,EUR/USD,5m,5,z=-0.50,-0.10955196934299313,-0.3095519693429931,-0.012422654443867349,1.1785999999999999,1.1784535865947245,-0.0800457058859005,-0.021191819161117766,-0.3610911696527654,0.1303868328012022,0.02686837147269,18
2026-05-14,2026-05-14 06:00:00,151534,804,GDP m/m,GBP,high,-0.2,EUR/USD,5m,5,z=-1.00,-0.21910393868598627,-0.4191039386859863,-0.0036534897266169326,1.1785999999999999,1.178556939970082,-0.0800457058859005,-0.021191819161117766,-0.3610911696527654,0.1303868328012022,0.02686837147269,18
2026-05-14,2026-05-14 06:00:00,151534,804,GDP m/m,GBP,high,-0.2,EUR/USD,5m,5,z=-2.00,-0.43820787737197253,-0.6382078773719726,0.0138848397078839,1.1785999999999999,1.178763646720797,-0.0800457058859005,-0.021191819161117766,-0.3610911696527654,0.1303868328012022,0.02686837147269,18
2026-05-14,2026-05-14 06:00:00,151534,804,GDP m/m,GBP,high,-0.2,EUR/USD,15m,15,z=+0.00,0.0,-0.2,-0.012760034129499326,1.1785999999999999,1.1784496102377495,-0.11918619089353812,-0.012760034129499326,-0.3461668560982365,0.11983149226093717,0.03835286937209854,18
2026-05-14,2026-05-14 06:00:00,151534,804,GDP m/m,GBP,high,-0.2,EUR/USD,15m,15,z=+0.50,0.10955196934299313,-0.09044803065700688,-0.02581711606037634,1.1785999999999999,1.1782957194701122,-0.11918619089353812,-0.012760034129499326,-0.3461668560982365,0.11983149226093717,0.03835286937209854,18
2026-05-14,2026-05-14 06:00:00,151534,804,GDP m/m,GBP,high,-0.2,EUR/USD,15m,15,z=+1.00,0.21910393868598627,0.019103938685986255,-0.038874197991253356,1.1785999999999999,1.178141828702475,-0.11918619089353812,-0.012760034129499326,-0.3461668560982365,0.11983149226093717,0.03835286937209854,18
2026-05-14,2026-05-14 06:00:00,151534,804,GDP m/m,GBP,high,-0.2,EUR/USD,15m,15,z=+2.00,0.43820787737197253,0.23820787737197252,-0.06498836185300738,1.1785999999999999,1.1778340471672004,-0.11918619089353812,-0.012760034129499326,-0.3461668560982365,0.11983149226093717,0.03835286937209854,18
2026-05-14,2026-05-14 06:00:00,151534,804,GDP m/m,GBP,high,-0.2,EUR/USD,15m,15,z=-0.50,-0.10955196934299313,-0.3095519693429931,0.0002970478013776881,1.1785999999999999,1.178603501005387,-0.11918619089353812,-0.012760034129499326,-0.3461668560982365,0.11983149226093717,0.03835286937209854,18
2026-05-14,2026-05-14 06:00:00,151534,804,GDP m/m,GBP,high,-0.2,EUR/USD,15m,15,z=-1.00,-0.21910393868598627,-0.4191039386859863,0.013354129732254702,1.1785999999999999,1.178757391773024,-0.11918619089353812,-0.012760034129499326,-0.3461668560982365,0.11983149226093717,0.03835286937209854,18
2026-05-14,2026-05-14 06:00:00,151534,804,GDP m/m,GBP,high,-0.2,EUR/USD,15m,15,z=-2.00,-0.43820787737197253,-0.6382078773719726,0.03946829359400873,1.1785999999999999,1.1790651733082989,-0.11918619089353812,-0.012760034129499326,-0.3461668560982365,0.11983149226093717,0.03835286937209854,18
2026-05-14,2026-05-14 06:00:00,151534,804,GDP m/m,GBP,high,-0.2,EUR/USD,30m,30,z=+0.00,0.0,-0.2,-0.009390949125451046,1.1785999999999999,1.1784893182736074,-0.1264410531845469,-0.009390949125451046,-0.3274656228067589,0.10723373412021849,0.03848932160651739,18
2026-05-14,2026-05-14 06:00:00,151534,804,GDP m/m,GBP,high,-0.2,EUR/USD,30m,30,z=+0.50,0.10955196934299313,-0.09044803065700688,-0.023242815507620293,1.1785999999999999,1.1783260601764272,-0.1264410531845469,-0.009390949125451046,-0.3274656228067589,0.10723373412021849,0.03848932160651739,18
2026-05-14,2026-05-14 06:00:00,151534,804,GDP m/m,GBP,high,-0.2,EUR/USD,30m,30,z=+1.00,0.21910393868598627,0.019103938685986255,-0.03709468188978954,1.1785999999999999,1.1781628020792467,-0.1264410531845469,-0.009390949125451046,-0.3274656228067589,0.10723373412021849,0.03848932160651739,18
2026-05-14,2026-05-14 06:00:00,151534,804,GDP m/m,GBP,high,-0.2,EUR/USD,30m,30,z=+2.00,0.43820787737197253,0.23820787737197252,-0.06479841465412803,1.1785999999999999,1.1778362858848863,-0.1264410531845469,-0.009390949125451046,-0.3274656228067589,0.10723373412021849,0.03848932160651739,18
2026-05-14,2026-05-14 06:00:00,151534,804,GDP m/m,GBP,high,-0.2,EUR/USD,30m,30,z=-0.50,-0.10955196934299313,-0.3095519693429931,0.0044609172567182005,1.1785999999999999,1.1786525763707876,-0.1264410531845469,-0.009390949125451046,-0.3274656228067589,0.10723373412021849,0.03848932160651739,18
2026-05-14,2026-05-14 06:00:00,151534,804,GDP m/m,GBP,high,-0.2,EUR/USD,30m,30,z=-1.00,-0.21910393868598627,-0.4191039386859863,0.01831278363888745,1.1785999999999999,1.1788158344679678,-0.1264410531845469,-0.009390949125451046,-0.3274656228067589,0.10723373412021849,0.03848932160651739,18
2026-05-14,2026-05-14 06:00:00,151534,804,GDP m/m,GBP,high,-0.2,EUR/USD,30m,30,z=-2.00,-0.43820787737197253,-0.6382078773719726,0.04601651640322594,1.1785999999999999,1.1791423506623284,-0.1264410531845469,-0.009390949125451046,-0.3274656228067589,0.10723373412021849,0.03848932160651739,18
2026-05-14,2026-05-14 06:00:00,151534,804,GDP m/m,GBP,high,-0.2,EUR/USD,1h,60,z=+0.00,0.0,-0.2,0.012849136924599843,1.1785999999999999,1.1787514399277934,0.010074818090504669,0.012849136924599843,0.01799110746621964,0.000323679947861064,0.00016849287792140014,18
2026-05-14,2026-05-14 06:00:00,151534,804,GDP m/m,GBP,high,-0.2,EUR/USD,1h,60,z=+0.50,0.10955196934299313,-0.09044803065700688,0.013952853087187043,1.1785999999999999,1.1787644483264854,0.010074818090504669,0.012849136924599843,0.01799110746621964,0.000323679947861064,0.00016849287792140014,18
2026-05-14,2026-05-14 06:00:00,151534,804,GDP m/m,GBP,high,-0.2,EUR/USD,1h,60,z=+1.00,0.21910393868598627,0.019103938685986255,0.015056569249774244,1.1785999999999999,1.1787774567251779,0.010074818090504669,0.012849136924599843,0.01799110746621964,0.000323679947861064,0.00016849287792140014,18
2026-05-14,2026-05-14 06:00:00,151534,804,GDP m/m,GBP,high,-0.2,EUR/USD,1h,60,z=+2.00,0.43820787737197253,0.23820787737197252,0.017264001574948645,1.1785999999999999,1.1788034735225623,0.010074818090504669,0.012849136924599843,0.01799110746621964,0.000323679947861064,0.00016849287792140014,18
2026-05-14,2026-05-14 06:00:00,151534,804,GDP m/m,GBP,high,-0.2,EUR/USD,1h,60,z=-0.50,-0.10955196934299313,-0.3095519693429931,0.011745420762012643,1.1785999999999999,1.178738431529101,0.010074818090504669,0.012849136924599843,0.01799110746621964,0.000323679947861064,0.00016849287792140014,18
2026-05-14,2026-05-14 06:00:00,151534,804,GDP m/m,GBP,high,-0.2,EUR/USD,1h,60,z=-1.00,-0.21910393868598627,-0.4191039386859863,0.010641704599425443,1.1785999999999999,1.1787254231304087,0.010074818090504669,0.012849136924599843,0.01799110746621964,0.000323679947861064,0.00016849287792140014,18
2026-05-14,2026-05-14 06:00:00,151534,804,GDP m/m,GBP,high,-0.2,EUR/USD,1h,60,z=-2.00,-0.43820787737197253,-0.6382078773719726,0.008434272274251043,1.1785999999999999,1.1786994063330243,0.010074818090504669,0.012849136924599843,0.01799110746621964,0.000323679947861064,0.00016849287792140014,18
2026-05-14,2026-05-14 06:00:00,151534,804,GDP m/m,GBP,high,-0.2,EUR/USD,2h,120,z=+0.00,0.0,-0.2,0.03257410270043991,1.1785999999999999,1.1789839183744273,0.1080958674747507,0.03257410270043991,0.10546050433214094,0.011121917973989518,0.010597059485177652,18
2026-05-14,2026-05-14 06:00:00,151534,804,GDP m/m,GBP,high,-0.2,EUR/USD,2h,120,z=+0.50,0.10955196934299313,-0.09044803065700688,0.044416217860138045,1.1785999999999999,1.1791234895436995,0.1080958674747507,0.03257410270043991,0.10546050433214094,0.011121917973989518,0.010597059485177652,18
2026-05-14,2026-05-14 06:00:00,151534,804,GDP m/m,GBP,high,-0.2,EUR/USD,2h,120,z=+1.00,0.21910393868598627,0.019103938685986255,0.05625833301983618,1.1785999999999999,1.1792630607129717,0.1080958674747507,0.03257410270043991,0.10546050433214094,0.011121917973989518,0.010597059485177652,18
2026-05-14,2026-05-14 06:00:00,151534,804,GDP m/m,GBP,high,-0.2,EUR/USD,2h,120,z=+2.00,0.43820787737197253,0.23820787737197252,0.07994256333923246,1.1785999999999999,1.1795422030515161,0.1080958674747507,0.03257410270043991,0.10546050433214094,0.011121917973989518,0.010597059485177652,18
2026-05-14,2026-05-14 06:00:00,151534,804,GDP m/m,GBP,high,-0.2,EUR/USD,2h,120,z=-0.50,-0.10955196934299313,-0.3095519693429931,0.02073198754074177,1.1785999999999999,1.1788443472051549,0.1080958674747507,0.03257410270043991,0.10546050433214094,0.011121917973989518,0.010597059485177652,18
2026-05-14,2026-05-14 06:00:00,151534,804,GDP m/m,GBP,high,-0.2,EUR/USD,2h,120,z=-1.00,-0.21910393868598627,-0.4191039386859863,0.008889872381043634,1.1785999999999999,1.1787047760358826,0.1080958674747507,0.03257410270043991,0.10546050433214094,0.011121917973989518,0.010597059485177652,18
2026-05-14,2026-05-14 06:00:00,151534,804,GDP m/m,GBP,high,-0.2,EUR/USD,2h,120,z=-2.00,-0.43820787737197253,-0.6382078773719726,-0.01479435793835264,1.1785999999999999,1.1784256336973384,0.1080958674747507,0.03257410270043991,0.10546050433214094,0.011121917973989518,0.010597059485177652,18
2026-05-14,2026-05-14 06:00:00,151534,804,GDP m/m,GBP,high,-0.2,EUR/USD,4h,240,z=+0.00,0.0,-0.2,0.09318715824967064,1.1785999999999999,1.1796983038471305,-0.12550431187132927,0.09318715824967064,-0.09720676979556818,0.009449156094088586,0.011340745271697903,18
2026-05-14,2026-05-14 06:00:00,151534,804,GDP m/m,GBP,high,-0.2,EUR/USD,4h,240,z=+0.50,0.10955196934299313,-0.09044803065700688,0.07943791372312932,1.1785999999999999,1.1795362552511408,-0.12550431187132927,0.09318715824967064,-0.09720676979556818,0.009449156094088586,0.011340745271697903,18
2026-05-14,2026-05-14 06:00:00,151534,804,GDP m/m,GBP,high,-0.2,EUR/USD,4h,240,z=+1.00,0.21910393868598627,0.019103938685986255,0.06568866919658801,1.1785999999999999,1.179374206655151,-0.12550431187132927,0.09318715824967064,-0.09720676979556818,0.009449156094088586,0.011340745271697903,18
2026-05-14,2026-05-14 06:00:00,151534,804,GDP m/m,GBP,high,-0.2,EUR/USD,4h,240,z=+2.00,0.43820787737197253,0.23820787737197252,0.038190180143505385,1.1785999999999999,1.1790501094631711,-0.12550431187132927,0.09318715824967064,-0.09720676979556818,0.009449156094088586,0.011340745271697903,18
2026-05-14,2026-05-14 06:00:00,151534,804,GDP m/m,GBP,high,-0.2,EUR/USD,4h,240,z=-0.50,-0.10955196934299313,-0.3095519693429931,0.10693640277621196,1.1785999999999999,1.1798603524431204,-0.12550431187132927,0.09318715824967064,-0.09720676979556818,0.009449156094088586,0.011340745271697903,18
2026-05-14,2026-05-14 06:00:00,151534,804,GDP m/m,GBP,high,-0.2,EUR/USD,4h,240,z=-1.00,-0.21910393868598627,-0.4191039386859863,0.12068564730275326,1.1785999999999999,1.18002240103911,-0.12550431187132927,0.09318715824967064,-0.09720676979556818,0.009449156094088586,0.011340745271697903,18
2026-05-14,2026-05-14 06:00:00,151534,804,GDP m/m,GBP,high,-0.2,EUR/USD,4h,240,z=-2.00,-0.43820787737197253,-0.6382078773719726,0.14818413635583588,1.1785999999999999,1.1803464982310898,-0.12550431187132927,0.09318715824967064,-0.09720676979556818,0.009449156094088586,0.011340745271697903,18
2026-05-14,2026-05-14 06:00:00,151534,804,GDP m/m,GBP,high,-0.2,EUR/USD,6h,360,z=+0.00,0.0,-0.2,0.0787180917241513,1.1785999999999999,1.1795277714290606,-0.552134163858692,0.0787180917241513,-0.4309368290563019,0.18570655063710034,0.22117939677570436,18
2026-05-14,2026-05-14 06:00:00,151534,804,GDP m/m,GBP,high,-0.2,EUR/USD,6h,360,z=+0.50,0.10955196934299313,-0.09044803065700688,0.018230706731884733,1.1785999999999999,1.1788148671095418,-0.552134163858692,0.0787180917241513,-0.4309368290563019,0.18570655063710034,0.22117939677570436,18
2026-05-14,2026-05-14 06:00:00,151534,804,GDP m/m,GBP,high,-0.2,EUR/USD,6h,360,z=+1.00,0.21910393868598627,0.019103938685986255,-0.04225667826038183,1.1785999999999999,1.178101962790023,-0.552134163858692,0.0787180917241513,-0.4309368290563019,0.18570655063710034,0.22117939677570436,18
2026-05-14,2026-05-14 06:00:00,151534,804,GDP m/m,GBP,high,-0.2,EUR/USD,6h,360,z=+2.00,0.43820787737197253,0.23820787737197252,-0.16323144824491498,1.1785999999999999,1.1766761541509854,-0.552134163858692,0.0787180917241513,-0.4309368290563019,0.18570655063710034,0.22117939677570436,18
2026-05-14,2026-05-14 06:00:00,151534,804,GDP m/m,GBP,high,-0.2,EUR/USD,6h,360,z=-0.50,-0.10955196934299313,-0.3095519693429931,0.13920547671641786,1.1785999999999999,1.1802406757485795,-0.552134163858692,0.0787180917241513,-0.4309368290563019,0.18570655063710034,0.22117939677570436,18
2026-05-14,2026-05-14 06:00:00,151534,804,GDP m/m,GBP,high,-0.2,EUR/USD,6h,360,z=-1.00,-0.21910393868598627,-0.4191039386859863,0.19969286170868444,1.1785999999999999,1.1809535800680986,-0.552134163858692,0.0787180917241513,-0.4309368290563019,0.18570655063710034,0.22117939677570436,18
2026-05-14,2026-05-14 06:00:00,151534,804,GDP m/m,GBP,high,-0.2,EUR/USD,6h,360,z=-2.00,-0.43820787737197253,-0.6382078773719726,0.32066763169321755,1.1785999999999999,1.1823793887071363,-0.552134163858692,0.0787180917241513,-0.4309368290563019,0.18570655063710034,0.22117939677570436,18
2026-05-14,2026-05-14 06:00:00,151534,804,GDP m/m,GBP,high,-0.2,EUR/USD,12h,720,z=+0.00,0.0,-0.2,0.06278344403668333,1.1785999999999999,1.179339965671416,-0.5967583372626818,0.06278344403668333,-0.4269683841618596,0.18230200107378933,0.23685396008476559,18
2026-05-14,2026-05-14 06:00:00,151534,804,GDP m/m,GBP,high,-0.2,EUR/USD,12h,720,z=+0.50,0.10955196934299313,-0.09044803065700688,-0.0025926070322935396,1.1785999999999999,1.1785694435335172,-0.5967583372626818,0.06278344403668333,-0.4269683841618596,0.18230200107378933,0.23685396008476559,18
2026-05-14,2026-05-14 06:00:00,151534,804,GDP m/m,GBP,high,-0.2,EUR/USD,12h,720,z=+1.00,0.21910393868598627,0.019103938685986255,-0.06796865810127041,1.1785999999999999,1.1777989213956184,-0.5967583372626818,0.06278344403668333,-0.4269683841618596,0.18230200107378933,0.23685396008476559,18
2026-05-14,2026-05-14 06:00:00,151534,804,GDP m/m,GBP,high,-0.2,EUR/USD,12h,720,z=+2.00,0.43820787737197253,0.23820787737197252,-0.19872076023922414,1.1785999999999999,1.1762578771198204,-0.5967583372626818,0.06278344403668333,-0.4269683841618596,0.18230200107378933,0.23685396008476559,18
2026-05-14,2026-05-14 06:00:00,151534,804,GDP m/m,GBP,high,-0.2,EUR/USD,12h,720,z=-0.50,-0.10955196934299313,-0.3095519693429931,0.12815949510566021,1.1785999999999999,1.1801104878093152,-0.5967583372626818,0.06278344403668333,-0.4269683841618596,0.18230200107378933,0.23685396008476559,18
2026-05-14,2026-05-14 06:00:00,151534,804,GDP m/m,GBP,high,-0.2,EUR/USD,12h,720,z=-1.00,-0.21910393868598627,-0.4191039386859863,0.19353554617463709,1.1785999999999999,1.180881009947214,-0.5967583372626818,0.06278344403668333,-0.4269683841618596,0.18230200107378933,0.23685396008476559,18
2026-05-14,2026-05-14 06:00:00,151534,804,GDP m/m,GBP,high,-0.2,EUR/USD,12h,720,z=-2.00,-0.43820787737197253,-0.6382078773719726,0.3242876483125908,1.1785999999999999,1.182422054223012,-0.5967583372626818,0.06278344403668333,-0.4269683841618596,0.18230200107378933,0.23685396008476559,18
2026-05-14,2026-05-14 06:00:00,151534,804,GDP m/m,GBP,high,-0.2,GBP/USD,1m,1,z=+0.00,0.0,-0.2,-0.053769194281414634,1.3631099999999998,1.3623770667358304,0.07627378321407002,-0.053769194281414634,0.34014154193252033,0.11569626854823249,0.02411689549425521,18
2026-05-14,2026-05-14 06:00:00,151534,804,GDP m/m,GBP,high,-0.2,GBP/USD,1m,1,z=+0.50,0.10955196934299313,-0.09044803065700688,-0.04541325112107273,1.3631099999999998,1.3624909674326433,0.07627378321407002,-0.053769194281414634,0.34014154193252033,0.11569626854823249,0.02411689549425521,18
2026-05-14,2026-05-14 06:00:00,151534,804,GDP m/m,GBP,high,-0.2,GBP/USD,1m,1,z=+1.00,0.21910393868598627,0.019103938685986255,-0.037057307960730826,1.3631099999999998,1.3626048681294562,0.07627378321407002,-0.053769194281414634,0.34014154193252033,0.11569626854823249,0.02411689549425521,18
2026-05-14,2026-05-14 06:00:00,151534,804,GDP m/m,GBP,high,-0.2,GBP/USD,1m,1,z=+2.00,0.43820787737197253,0.23820787737197252,-0.020345421640047018,1.3631099999999998,1.3628326695230821,0.07627378321407002,-0.053769194281414634,0.34014154193252033,0.11569626854823249,0.02411689549425521,18
2026-05-14,2026-05-14 06:00:00,151534,804,GDP m/m,GBP,high,-0.2,GBP/USD,1m,1,z=-0.50,-0.10955196934299313,-0.3095519693429931,-0.06212513744175654,1.3631099999999998,1.3622631660390174,0.07627378321407002,-0.053769194281414634,0.34014154193252033,0.11569626854823249,0.02411689549425521,18
2026-05-14,2026-05-14 06:00:00,151534,804,GDP m/m,GBP,high,-0.2,GBP/USD,1m,1,z=-1.00,-0.21910393868598627,-0.4191039386859863,-0.07048108060209844,1.3631099999999998,1.3621492653422045,0.07627378321407002,-0.053769194281414634,0.34014154193252033,0.11569626854823249,0.02411689549425521,18
2026-05-14,2026-05-14 06:00:00,151534,804,GDP m/m,GBP,high,-0.2,GBP/USD,1m,1,z=-2.00,-0.43820787737197253,-0.6382078773719726,-0.08719296692278225,1.3631099999999998,1.3619214639485788,0.07627378321407002,-0.053769194281414634,0.34014154193252033,0.11569626854823249,0.02411689549425521,18
2026-05-14,2026-05-14 06:00:00,151534,804,GDP m/m,GBP,high,-0.2,GBP/USD,5m,5,z=+0.00,0.0,-0.2,-0.08068365831311433,1.3631099999999998,1.3620101929851678,0.09391816823644378,-0.08068365831311433,0.3497237150106138,0.12230667684082501,0.030532413395745226,18
2026-05-14,2026-05-14 06:00:00,151534,804,GDP m/m,GBP,high,-0.2,GBP/USD,5m,5,z=+0.50,0.10955196934299313,-0.09044803065700688,-0.07039473802572538,1.3631099999999998,1.3621504422864974,0.09391816823644378,-0.08068365831311433,0.3497237150106138,0.12230667684082501,0.030532413395745226,18
2026-05-14,2026-05-14 06:00:00,151534,804,GDP m/m,GBP,high,-0.2,GBP/USD,5m,5,z=+1.00,0.21910393868598627,0.019103938685986255,-0.06010581773833641,1.3631099999999998,1.3622906915878268,0.09391816823644378,-0.08068365831311433,0.3497237150106138,0.12230667684082501,0.030532413395745226,18
2026-05-14,2026-05-14 06:00:00,151534,804,GDP m/m,GBP,high,-0.2,GBP/USD,5m,5,z=+2.00,0.43820787737197253,0.23820787737197252,-0.03952797716355849,1.3631099999999998,1.3625711901904858,0.09391816823644378,-0.08068365831311433,0.3497237150106138,0.12230667684082501,0.030532413395745226,18
2026-05-14,2026-05-14 06:00:00,151534,804,GDP m/m,GBP,high,-0.2,GBP/USD,5m,5,z=-0.50,-0.10955196934299313,-0.3095519693429931,-0.09097257860050328,1.3631099999999998,1.3618699436838386,0.09391816823644378,-0.08068365831311433,0.3497237150106138,0.12230667684082501,0.030532413395745226,18
2026-05-14,2026-05-14 06:00:00,151534,804,GDP m/m,GBP,high,-0.2,GBP/USD,5m,5,z=-1.00,-0.21910393868598627,-0.4191039386859863,-0.10126149888789225,1.3631099999999998,1.361729694382509,0.09391816823644378,-0.08068365831311433,0.3497237150106138,0.12230667684082501,0.030532413395745226,18
2026-05-14,2026-05-14 06:00:00,151534,804,GDP m/m,GBP,high,-0.2,GBP/USD,5m,5,z=-2.00,-0.43820787737197253,-0.6382078773719726,-0.12183933946267017,1.3631099999999998,1.3614491957798502,0.09391816823644378,-0.08068365831311433,0.3497237150106138,0.12230667684082501,0.030532413395745226,18
2026-05-14,2026-05-14 06:00:00,151534,804,GDP m/m,GBP,high,-0.2,GBP/USD,15m,15,z=+0.00,0.0,-0.2,-0.06707560022849714,1.3631099999999998,1.3621956857857251,0.08543352102717482,-0.06707560022849714,0.2822313724046133,0.07965454756939153,0.0224140342076419,18
2026-05-14,2026-05-14 06:00:00,151534,804,GDP m/m,GBP,high,-0.2,GBP/USD,15m,15,z=+0.50,0.10955196934299313,-0.09044803065700688,-0.05771618975206412,1.3631099999999998,1.3623232648458705,0.08543352102717482,-0.06707560022849714,0.2822313724046133,0.07965454756939153,0.0224140342076419,18
2026-05-14,2026-05-14 06:00:00,151534,804,GDP m/m,GBP,high,-0.2,GBP/USD,15m,15,z=+1.00,0.21910393868598627,0.019103938685986255,-0.048356779275631104,1.3631099999999998,1.362450843906016,0.08543352102717482,-0.06707560022849714,0.2822313724046133,0.07965454756939153,0.0224140342076419,18
2026-05-14,2026-05-14 06:00:00,151534,804,GDP m/m,GBP,high,-0.2,GBP/USD,15m,15,z=+2.00,0.43820787737197253,0.23820787737197252,-0.029637958322765078,1.3631099999999998,1.3627060020263062,0.08543352102717482,-0.06707560022849714,0.2822313724046133,0.07965454756939153,0.0224140342076419,18
2026-05-14,2026-05-14 06:00:00,151534,804,GDP m/m,GBP,high,-0.2,GBP/USD,15m,15,z=-0.50,-0.10955196934299313,-0.3095519693429931,-0.07643501070493015,1.3631099999999998,1.3620681067255798,0.08543352102717482,-0.06707560022849714,0.2822313724046133,0.07965454756939153,0.0224140342076419,18
2026-05-14,2026-05-14 06:00:00,151534,804,GDP m/m,GBP,high,-0.2,GBP/USD,15m,15,z=-1.00,-0.21910393868598627,-0.4191039386859863,-0.08579442118136317,1.3631099999999998,1.3619405276654346,0.08543352102717482,-0.06707560022849714,0.2822313724046133,0.07965454756939153,0.0224140342076419,18
2026-05-14,2026-05-14 06:00:00,151534,804,GDP m/m,GBP,high,-0.2,GBP/USD,15m,15,z=-2.00,-0.43820787737197253,-0.6382078773719726,-0.10451324213422919,1.3631099999999998,1.3616853695451439,0.08543352102717482,-0.06707560022849714,0.2822313724046133,0.07965454756939153,0.0224140342076419,18
2026-05-14,2026-05-14 06:00:00,151534,804,GDP m/m,GBP,high,-0.2,GBP/USD,30m,30,z=+0.00,0.0,-0.2,-0.07036699662488405,1.3631099999999998,1.3621508204323063,0.07695505192938172,-0.07036699662488405,0.1680891214245957,0.028253952741292478,0.012024393495227007,18
2026-05-14,2026-05-14 06:00:00,151534,804,GDP m/m,GBP,high,-0.2,GBP/USD,30m,30,z=+0.50,0.10955196934299313,-0.09044803065700688,-0.06193641913512798,1.3631099999999998,1.3622657384771268,0.07695505192938172,-0.07036699662488405,0.1680891214245957,0.028253952741292478,0.012024393495227007,18
2026-05-14,2026-05-14 06:00:00,151534,804,GDP m/m,GBP,high,-0.2,GBP/USD,30m,30,z=+1.00,0.21910393868598627,0.019103938685986255,-0.05350584164537191,1.3631099999999998,1.3623806565219476,0.07695505192938172,-0.07036699662488405,0.1680891214245957,0.028253952741292478,0.012024393495227007,18
2026-05-14,2026-05-14 06:00:00,151534,804,GDP m/m,GBP,high,-0.2,GBP/USD,30m,30,z=+2.00,0.43820787737197253,0.23820787737197252,-0.036644686665859766,1.3631099999999998,1.362610492611589,0.07695505192938172,-0.07036699662488405,0.1680891214245957,0.028253952741292478,0.012024393495227007,18
2026-05-14,2026-05-14 06:00:00,151534,804,GDP m/m,GBP,high,-0.2,GBP/USD,30m,30,z=-0.50,-0.10955196934299313,-0.3095519693429931,-0.07879757411464011,1.3631099999999998,1.3620359023874857,0.07695505192938172,-0.07036699662488405,0.1680891214245957,0.028253952741292478,0.012024393495227007,18
2026-05-14,2026-05-14 06:00:00,151534,804,GDP m/m,GBP,high,-0.2,GBP/USD,30m,30,z=-1.00,-0.21910393868598627,-0.4191039386859863,-0.08722815160439619,1.3631099999999998,1.361920984342665,0.07695505192938172,-0.07036699662488405,0.1680891214245957,0.028253952741292478,0.012024393495227007,18
2026-05-14,2026-05-14 06:00:00,151534,804,GDP m/m,GBP,high,-0.2,GBP/USD,30m,30,z=-2.00,-0.43820787737197253,-0.6382078773719726,-0.10408930658390833,1.3631099999999998,1.3616911482530238,0.07695505192938172,-0.07036699662488405,0.1680891214245957,0.028253952741292478,0.012024393495227007,18
2026-05-14,2026-05-14 06:00:00,151534,804,GDP m/m,GBP,high,-0.2,GBP/USD,1h,60,z=+0.00,0.0,-0.2,-0.040216967478950955,1.3631099999999998,1.3625617984945975,0.3117128877593712,-0.040216967478950955,0.5096132465242436,0.25970566103297943,0.14766647369394506,18
2026-05-14,2026-05-14 06:00:00,151534,804,GDP m/m,GBP,high,-0.2,GBP/USD,1h,60,z=+0.50,0.10955196934299313,-0.09044803065700688,-0.0060682067553204586,1.3631099999999998,1.3630272836668975,0.3117128877593712,-0.040216967478950955,0.5096132465242436,0.25970566103297943,0.14766647369394506,18
2026-05-14,2026-05-14 06:00:00,151534,804,GDP m/m,GBP,high,-0.2,GBP/USD,1h,60,z=+1.00,0.21910393868598627,0.019103938685986255,0.028080553968310037,1.3631099999999998,1.3634927688391971,0.3117128877593712,-0.040216967478950955,0.5096132465242436,0.25970566103297943,0.14766647369394506,18
2026-05-14,2026-05-14 06:00:00,151534,804,GDP m/m,GBP,high,-0.2,GBP/USD,1h,60,z=+2.00,0.43820787737197253,0.23820787737197252,0.09637807541557103,1.3631099999999998,1.3644237391837972,0.3117128877593712,-0.040216967478950955,0.5096132465242436,0.25970566103297943,0.14766647369394506,18
2026-05-14,2026-05-14 06:00:00,151534,804,GDP m/m,GBP,high,-0.2,GBP/USD,1h,60,z=-0.50,-0.10955196934299313,-0.3095519693429931,-0.07436572820258144,1.3631099999999998,1.3620963133222976,0.3117128877593712,-0.040216967478950955,0.5096132465242436,0.25970566103297943,0.14766647369394506,18
2026-05-14,2026-05-14 06:00:00,151534,804,GDP m/m,GBP,high,-0.2,GBP/USD,1h,60,z=-1.00,-0.21910393868598627,-0.4191039386859863,-0.10851448892621195,1.3631099999999998,1.3616308281499978,0.3117128877593712,-0.040216967478950955,0.5096132465242436,0.25970566103297943,0.14766647369394506,18
2026-05-14,2026-05-14 06:00:00,151534,804,GDP m/m,GBP,high,-0.2,GBP/USD,1h,60,z=-2.00,-0.43820787737197253,-0.6382078773719726,-0.17681201037347294,1.3631099999999998,1.360699857805398,0.3117128877593712,-0.040216967478950955,0.5096132465242436,0.25970566103297943,0.14766647369394506,18
2026-05-14,2026-05-14 06:00:00,151534,804,GDP m/m,GBP,high,-0.2,GBP/USD,2h,120,z=+0.00,0.0,-0.2,-0.07051379452580019,1.3631099999999998,1.3621488194154392,0.2517222470293383,-0.07051379452580019,0.2562266997262412,0.06565212165260136,0.059955968100758344,18
2026-05-14,2026-05-14 06:00:00,151534,804,GDP m/m,GBP,high,-0.2,GBP/USD,2h,120,z=+0.50,0.10955196934299313,-0.09044803065700688,-0.042937126636292774,1.3631099999999998,1.3625247197331078,0.2517222470293383,-0.07051379452580019,0.2562266997262412,0.06565212165260136,0.059955968100758344,18
2026-05-14,2026-05-14 06:00:00,151534,804,GDP m/m,GBP,high,-0.2,GBP/USD,2h,120,z=+1.00,0.21910393868598627,0.019103938685986255,-0.015360458746785356,1.3631099999999998,1.3629006200507765,0.2517222470293383,-0.07051379452580019,0.2562266997262412,0.06565212165260136,0.059955968100758344,18
2026-05-14,2026-05-14 06:00:00,151534,804,GDP m/m,GBP,high,-0.2,GBP/USD,2h,120,z=+2.00,0.43820787737197253,0.23820787737197252,0.03979287703222947,1.3631099999999998,1.3636524206861138,0.2517222470293383,-0.07051379452580019,0.2562266997262412,0.06565212165260136,0.059955968100758344,18
2026-05-14,2026-05-14 06:00:00,151534,804,GDP m/m,GBP,high,-0.2,GBP/USD,2h,120,z=-0.50,-0.10955196934299313,-0.3095519693429931,-0.0980904624153076,1.3631099999999998,1.3617729190977705,0.2517222470293383,-0.07051379452580019,0.2562266997262412,0.06565212165260136,0.059955968100758344,18
2026-05-14,2026-05-14 06:00:00,151534,804,GDP m/m,GBP,high,-0.2,GBP/USD,2h,120,z=-1.00,-0.21910393868598627,-0.4191039386859863,-0.12566713030481502,1.3631099999999998,1.3613970187801019,0.2517222470293383,-0.07051379452580019,0.2562266997262412,0.06565212165260136,0.059955968100758344,18
2026-05-14,2026-05-14 06:00:00,151534,804,GDP m/m,GBP,high,-0.2,GBP/USD,2h,120,z=-2.00,-0.43820787737197253,-0.6382078773719726,-0.18082046608382984,1.3631099999999998,1.3606452181447646,0.2517222470293383,-0.07051379452580019,0.2562266997262412,0.06565212165260136,0.059955968100758344,18
2026-05-14,2026-05-14 06:00:00,151534,804,GDP m/m,GBP,high,-0.2,GBP/USD,4h,240,z=+0.00,0.0,-0.2,-0.01593201165711384,1.3631099999999998,1.3628928291559006,0.39761446840919135,-0.01593201165711384,0.3206242097489231,0.10279988387712143,0.11850725220721353,18
2026-05-14,2026-05-14 06:00:00,151534,804,GDP m/m,GBP,high,-0.2,GBP/USD,4h,240,z=+0.50,0.10955196934299313,-0.09044803065700688,0.027627436396380406,1.3631099999999998,1.3634865923482624,0.39761446840919135,-0.01593201165711384,0.3206242097489231,0.10279988387712143,0.11850725220721353,18
2026-05-14,2026-05-14 06:00:00,151534,804,GDP m/m,GBP,high,-0.2,GBP/USD,4h,240,z=+1.00,0.21910393868598627,0.019103938685986255,0.07118688444987464,1.3631099999999998,1.3640803555406245,0.39761446840919135,-0.01593201165711384,0.3206242097489231,0.10279988387712143,0.11850725220721353,18
2026-05-14,2026-05-14 06:00:00,151534,804,GDP m/m,GBP,high,-0.2,GBP/USD,4h,240,z=+2.00,0.43820787737197253,0.23820787737197252,0.15830578055686315,1.3631099999999998,1.3652678819253485,0.39761446840919135,-0.01593201165711384,0.3206242097489231,0.10279988387712143,0.11850725220721353,18
2026-05-14,2026-05-14 06:00:00,151534,804,GDP m/m,GBP,high,-0.2,GBP/USD,4h,240,z=-0.50,-0.10955196934299313,-0.3095519693429931,-0.05949145971060808,1.3631099999999998,1.3622990659635386,0.39761446840919135,-0.01593201165711384,0.3206242097489231,0.10279988387712143,0.11850725220721353,18
2026-05-14,2026-05-14 06:00:00,151534,804,GDP m/m,GBP,high,-0.2,GBP/USD,4h,240,z=-1.00,-0.21910393868598627,-0.4191039386859863,-0.10305090776410233,1.3631099999999998,1.3617053027711765,0.39761446840919135,-0.01593201165711384,0.3206242097489231,0.10279988387712143,0.11850725220721353,18
2026-05-14,2026-05-14 06:00:00,151534,804,GDP m/m,GBP,high,-0.2,GBP/USD,4h,240,z=-2.00,-0.43820787737197253,-0.6382078773719726,-0.1901698038710908,1.3631099999999998,1.3605177763864527,0.39761446840919135,-0.01593201165711384,0.3206242097489231,0.10279988387712143,0.11850725220721353,18
2026-05-14,2026-05-14 06:00:00,151534,804,GDP m/m,GBP,high,-0.2,GBP/USD,6h,360,z=+0.00,0.0,-0.2,-0.026343166385912636,1.3631099999999998,1.362750913664677,0.1943977990073454,-0.026343166385912636,0.14948464662711583,0.022345659577233692,0.02701309648698762,18
2026-05-14,2026-05-14 06:00:00,151534,804,GDP m/m,GBP,high,-0.2,GBP/USD,6h,360,z=+0.50,0.10955196934299313,-0.09044803065700688,-0.005046504668714591,1.3631099999999998,1.36304121059021,0.1943977990073454,-0.026343166385912636,0.14948464662711583,0.022345659577233692,0.02701309648698762,18
2026-05-14,2026-05-14 06:00:00,151534,804,GDP m/m,GBP,high,-0.2,GBP/USD,6h,360,z=+1.00,0.21910393868598627,0.019103938685986255,0.016250157048483455,1.3631099999999998,1.3633315075157435,0.1943977990073454,-0.026343166385912636,0.14948464662711583,0.022345659577233692,0.02701309648698762,18
2026-05-14,2026-05-14 06:00:00,151534,804,GDP m/m,GBP,high,-0.2,GBP/USD,6h,360,z=+2.00,0.43820787737197253,0.23820787737197252,0.058843480482879545,1.3631099999999998,1.36391210136681,0.1943977990073454,-0.026343166385912636,0.14948464662711583,0.022345659577233692,0.02701309648698762,18
2026-05-14,2026-05-14 06:00:00,151534,804,GDP m/m,GBP,high,-0.2,GBP/USD,6h,360,z=-0.50,-0.10955196934299313,-0.3095519693429931,-0.04763982810311068,1.3631099999999998,1.3624606167391435,0.1943977990073454,-0.026343166385912636,0.14948464662711583,0.022345659577233692,0.02701309648698762,18
2026-05-14,2026-05-14 06:00:00,151534,804,GDP m/m,GBP,high,-0.2,GBP/USD,6h,360,z=-1.00,-0.21910393868598627,-0.4191039386859863,-0.06893648982030873,1.3631099999999998,1.3621703198136104,0.1943977990073454,-0.026343166385912636,0.14948464662711583,0.022345659577233692,0.02701309648698762,18
2026-05-14,2026-05-14 06:00:00,151534,804,GDP m/m,GBP,high,-0.2,GBP/USD,6h,360,z=-2.00,-0.43820787737197253,-0.6382078773719726,-0.11152981325470482,1.3631099999999998,1.3615897259625436,0.1943977990073454,-0.026343166385912636,0.14948464662711583,0.022345659577233692,0.02701309648698762,18
2026-05-14,2026-05-14 06:00:00,151534,804,GDP m/m,GBP,high,-0.2,GBP/USD,12h,720,z=+0.00,0.0,-0.2,-0.049136082820532175,1.3631099999999998,1.3624402211414648,0.23795264275670036,-0.049136082820532175,0.15566113591567055,0.024230389234556858,0.03443159688358186,18
2026-05-14,2026-05-14 06:00:00,151534,804,GDP m/m,GBP,high,-0.2,GBP/USD,12h,720,z=+0.50,0.10955196934299313,-0.09044803065700688,-0.02306790219616594,1.3631099999999998,1.3627955591183738,0.23795264275670036,-0.049136082820532175,0.15566113591567055,0.024230389234556858,0.03443159688358186,18
2026-05-14,2026-05-14 06:00:00,151534,804,GDP m/m,GBP,high,-0.2,GBP/USD,12h,720,z=+1.00,0.21910393868598627,0.019103938685986255,0.0030002784282002967,1.3631099999999998,1.3631508970952826,0.23795264275670036,-0.049136082820532175,0.15566113591567055,0.024230389234556858,0.03443159688358186,18
2026-05-14,2026-05-14 06:00:00,151534,804,GDP m/m,GBP,high,-0.2,GBP/USD,12h,720,z=+2.00,0.43820787737197253,0.23820787737197252,0.05513663967693277,1.3631099999999998,1.3638615730491002,0.23795264275670036,-0.049136082820532175,0.15566113591567055,0.024230389234556858,0.03443159688358186,18
2026-05-14,2026-05-14 06:00:00,151534,804,GDP m/m,GBP,high,-0.2,GBP/USD,12h,720,z=-0.50,-0.10955196934299313,-0.3095519693429931,-0.07520426344489842,1.3631099999999998,1.3620848831645562,0.23795264275670036,-0.049136082820532175,0.15566113591567055,0.024230389234556858,0.03443159688358186,18
2026-05-14,2026-05-14 06:00:00,151534,804,GDP m/m,GBP,high,-0.2,GBP/USD,12h,720,z=-1.00,-0.21910393868598627,-0.4191039386859863,-0.10127244406926464,1.3631099999999998,1.3617295451876472,0.23795264275670036,-0.049136082820532175,0.15566113591567055,0.024230389234556858,0.03443159688358186,18
2026-05-14,2026-05-14 06:00:00,151534,804,GDP m/m,GBP,high,-0.2,GBP/USD,12h,720,z=-2.00,-0.43820787737197253,-0.6382078773719726,-0.1534088053179971,1.3631099999999998,1.3610188692338296,0.23795264275670036,-0.049136082820532175,0.15566113591567055,0.024230389234556858,0.03443159688358186,18
2026-05-14,2026-05-14 06:00:00,151534,804,GDP m/m,GBP,high,-0.2,USD/CAD,1m,1,z=+0.00,0.0,-0.2,-0.0038209942991023474,1.36764,1.3675877425535679,-0.02329825055859647,-0.0038209942991023474,-0.41071846443806975,0.16868965703036598,0.00889516434379429,18
2026-05-14,2026-05-14 06:00:00,151534,804,GDP m/m,GBP,high,-0.2,USD/CAD,1m,1,z=+0.50,0.10955196934299313,-0.09044803065700688,-0.0063733635300430806,1.36764,1.3675528353310178,-0.02329825055859647,-0.0038209942991023474,-0.41071846443806975,0.16868965703036598,0.00889516434379429,18
2026-05-14,2026-05-14 06:00:00,151534,804,GDP m/m,GBP,high,-0.2,USD/CAD,1m,1,z=+1.00,0.21910393868598627,0.019103938685986255,-0.008925732760983813,1.36764,1.3675179281084675,-0.02329825055859647,-0.0038209942991023474,-0.41071846443806975,0.16868965703036598,0.00889516434379429,18
2026-05-14,2026-05-14 06:00:00,151534,804,GDP m/m,GBP,high,-0.2,USD/CAD,1m,1,z=+2.00,0.43820787737197253,0.23820787737197252,-0.014030471222865281,1.36764,1.3674481136633676,-0.02329825055859647,-0.0038209942991023474,-0.41071846443806975,0.16868965703036598,0.00889516434379429,18
2026-05-14,2026-05-14 06:00:00,151534,804,GDP m/m,GBP,high,-0.2,USD/CAD,1m,1,z=-0.50,-0.10955196934299313,-0.3095519693429931,-0.0012686250681616142,1.36764,1.3676226497761177,-0.02329825055859647,-0.0038209942991023474,-0.41071846443806975,0.16868965703036598,0.00889516434379429,18
2026-05-14,2026-05-14 06:00:00,151534,804,GDP m/m,GBP,high,-0.2,USD/CAD,1m,1,z=-1.00,-0.21910393868598627,-0.4191039386859863,0.001283744162779119,1.36764,1.3676575569986678,-0.02329825055859647,-0.0038209942991023474,-0.41071846443806975,0.16868965703036598,0.00889516434379429,18
2026-05-14,2026-05-14 06:00:00,151534,804,GDP m/m,GBP,high,-0.2,USD/CAD,1m,1,z=-2.00,-0.43820787737197253,-0.6382078773719726,0.006388482624660585,1.36764,1.3677273714437679,-0.02329825055859647,-0.0038209942991023474,-0.41071846443806975,0.16868965703036598,0.00889516434379429,18
2026-05-14,2026-05-14 06:00:00,151534,804,GDP m/m,GBP,high,-0.2,USD/CAD,5m,5,z=+0.00,0.0,-0.2,-0.002731696126292815,1.36764,1.3676026402310983,-0.002375259841438682,-0.002731696126292815,-0.03066149797939609,0.0009401274583405106,6.770035282595855e-05,18
2026-05-14,2026-05-14 06:00:00,151534,804,GDP m/m,GBP,high,-0.2,USD/CAD,5m,5,z=+0.50,0.10955196934299313,-0.09044803065700688,-0.002991910519623748,1.36764,1.3675990814349694,-0.002375259841438682,-0.002731696126292815,-0.03066149797939609,0.0009401274583405106,6.770035282595855e-05,18
2026-05-14,2026-05-14 06:00:00,151534,804,GDP m/m,GBP,high,-0.2,USD/CAD,5m,5,z=+1.00,0.21910393868598627,0.019103938685986255,-0.0032521249129546814,1.36764,1.3675955226388403,-0.002375259841438682,-0.002731696126292815,-0.03066149797939609,0.0009401274583405106,6.770035282595855e-05,18
2026-05-14,2026-05-14 06:00:00,151534,804,GDP m/m,GBP,high,-0.2,USD/CAD,5m,5,z=+2.00,0.43820787737197253,0.23820787737197252,-0.0037725536996165475,1.36764,1.3675884050465825,-0.002375259841438682,-0.002731696126292815,-0.03066149797939609,0.0009401274583405106,6.770035282595855e-05,18
2026-05-14,2026-05-14 06:00:00,151534,804,GDP m/m,GBP,high,-0.2,USD/CAD,5m,5,z=-0.50,-0.10955196934299313,-0.3095519693429931,-0.0024714817329618815,1.36764,1.3676061990272272,-0.002375259841438682,-0.002731696126292815,-0.03066149797939609,0.0009401274583405106,6.770035282595855e-05,18
2026-05-14,2026-05-14 06:00:00,151534,804,GDP m/m,GBP,high,-0.2,USD/CAD,5m,5,z=-1.00,-0.21910393868598627,-0.4191039386859863,-0.002211267339630948,1.36764,1.3676097578233561,-0.002375259841438682,-0.002731696126292815,-0.03066149797939609,0.0009401274583405106,6.770035282595855e-05,18
2026-05-14,2026-05-14 06:00:00,151534,804,GDP m/m,GBP,high,-0.2,USD/CAD,5m,5,z=-2.00,-0.43820787737197253,-0.6382078773719726,-0.0016908385529690818,1.36764,1.3676168754156142,-0.002375259841438682,-0.002731696126292815,-0.03066149797939609,0.0009401274583405106,6.770035282595855e-05,18
2026-05-14,2026-05-14 06:00:00,151534,804,GDP m/m,GBP,high,-0.2,USD/CAD,15m,15,z=+0.00,0.0,-0.2,-0.008684984463506363,1.36764,1.3675212206784833,0.017445487085190378,-0.008684984463506363,0.13067819831257416,0.01707679151422046,0.0021192035606152904,18
2026-05-14,2026-05-14 06:00:00,151534,804,GDP m/m,GBP,high,-0.2,USD/CAD,15m,15,z=+0.50,0.10955196934299313,-0.09044803065700688,-0.006773796997176004,1.36764,1.3675473588427478,0.017445487085190378,-0.008684984463506363,0.13067819831257416,0.01707679151422046,0.0021192035606152904,18
2026-05-14,2026-05-14 06:00:00,151534,804,GDP m/m,GBP,high,-0.2,USD/CAD,15m,15,z=+1.00,0.21910393868598627,0.019103938685986255,-0.004862609530845646,1.36764,1.3675734970070124,0.017445487085190378,-0.008684984463506363,0.13067819831257416,0.01707679151422046,0.0021192035606152904,18
2026-05-14,2026-05-14 06:00:00,151534,804,GDP m/m,GBP,high,-0.2,USD/CAD,15m,15,z=+2.00,0.43820787737197253,0.23820787737197252,-0.001040234598184928,1.36764,1.3676257733355415,0.017445487085190378,-0.008684984463506363,0.13067819831257416,0.01707679151422046,0.0021192035606152904,18
2026-05-14,2026-05-14 06:00:00,151534,804,GDP m/m,GBP,high,-0.2,USD/CAD,15m,15,z=-0.50,-0.10955196934299313,-0.3095519693429931,-0.010596171929836723,1.36764,1.3674950825142187,0.017445487085190378,-0.008684984463506363,0.13067819831257416,0.01707679151422046,0.0021192035606152904,18
2026-05-14,2026-05-14 06:00:00,151534,804,GDP m/m,GBP,high,-0.2,USD/CAD,15m,15,z=-1.00,-0.21910393868598627,-0.4191039386859863,-0.012507359396167081,1.36764,1.3674689443499544,0.017445487085190378,-0.008684984463506363,0.13067819831257416,0.01707679151422046,0.0021192035606152904,18
2026-05-14,2026-05-14 06:00:00,151534,804,GDP m/m,GBP,high,-0.2,USD/CAD,15m,15,z=-2.00,-0.43820787737197253,-0.6382078773719726,-0.016329734328827797,1.36764,1.3674166680214253,0.017445487085190378,-0.008684984463506363,0.13067819831257416,0.01707679151422046,0.0021192035606152904,18
2026-05-14,2026-05-14 06:00:00,151534,804,GDP m/m,GBP,high,-0.2,USD/CAD,30m,30,z=+0.00,0.0,-0.2,-0.010771557605015615,1.36764,1.3674926838695707,0.05048149348788816,-0.010771557605015615,0.2799885490046509,0.07839358757372981,0.013138896818182491,18
2026-05-14,2026-05-14 06:00:00,151534,804,GDP m/m,GBP,high,-0.2,USD/CAD,30m,30,z=+0.50,0.10955196934299313,-0.09044803065700688,-0.005241210578041984,1.36764,1.3675683191076504,0.05048149348788816,-0.010771557605015615,0.2799885490046509,0.07839358757372981,0.013138896818182491,18
2026-05-14,2026-05-14 06:00:00,151534,804,GDP m/m,GBP,high,-0.2,USD/CAD,30m,30,z=+1.00,0.21910393868598627,0.019103938685986255,0.00028913644893164767,1.36764,1.3676439543457302,0.05048149348788816,-0.010771557605015615,0.2799885490046509,0.07839358757372981,0.013138896818182491,18
2026-05-14,2026-05-14 06:00:00,151534,804,GDP m/m,GBP,high,-0.2,USD/CAD,30m,30,z=+2.00,0.43820787737197253,0.23820787737197252,0.01134983050287891,1.36764,1.3677952248218896,0.05048149348788816,-0.010771557605015615,0.2799885490046509,0.07839358757372981,0.013138896818182491,18
2026-05-14,2026-05-14 06:00:00,151534,804,GDP m/m,GBP,high,-0.2,USD/CAD,30m,30,z=-0.50,-0.10955196934299313,-0.3095519693429931,-0.016301904631989245,1.36764,1.367417048631491,0.05048149348788816,-0.010771557605015615,0.2799885490046509,0.07839358757372981,0.013138896818182491,18
2026-05-14,2026-05-14 06:00:00,151534,804,GDP m/m,GBP,high,-0.2,USD/CAD,30m,30,z=-1.00,-0.21910393868598627,-0.4191039386859863,-0.021832251658962878,1.36764,1.3673414133934114,0.05048149348788816,-0.010771557605015615,0.2799885490046509,0.07839358757372981,0.013138896818182491,18
2026-05-14,2026-05-14 06:00:00,151534,804,GDP m/m,GBP,high,-0.2,USD/CAD,30m,30,z=-2.00,-0.43820787737197253,-0.6382078773719726,-0.03289294571291014,1.36764,1.367190142917252,0.05048149348788816,-0.010771557605015615,0.2799885490046509,0.07839358757372981,0.013138896818182491,18
2026-05-14,2026-05-14 06:00:00,151534,804,GDP m/m,GBP,high,-0.2,USD/CAD,1h,60,z=+0.00,0.0,-0.2,-0.017823735668561456,1.36764,1.3673962354615024,-0.03628113790406764,-0.017823735668561456,-0.14030166215735843,0.01968455640411754,0.00473184110885463,18
2026-05-14,2026-05-14 06:00:00,151534,804,GDP m/m,GBP,high,-0.2,USD/CAD,1h,60,z=+0.50,0.10955196934299313,-0.09044803065700688,-0.02179840577595678,1.36764,1.3673418762832457,-0.03628113790406764,-0.017823735668561456,-0.14030166215735843,0.01968455640411754,0.00473184110885463,18
2026-05-14,2026-05-14 06:00:00,151534,804,GDP m/m,GBP,high,-0.2,USD/CAD,1h,60,z=+1.00,0.21910393868598627,0.019103938685986255,-0.025773075883352106,1.36764,1.367287517104989,-0.03628113790406764,-0.017823735668561456,-0.14030166215735843,0.01968455640411754,0.00473184110885463,18
2026-05-14,2026-05-14 06:00:00,151534,804,GDP m/m,GBP,high,-0.2,USD/CAD,1h,60,z=+2.00,0.43820787737197253,0.23820787737197252,-0.03372241609814275,1.36764,1.3671787987484754,-0.03628113790406764,-0.017823735668561456,-0.14030166215735843,0.01968455640411754,0.00473184110885463,18
2026-05-14,2026-05-14 06:00:00,151534,804,GDP m/m,GBP,high,-0.2,USD/CAD,1h,60,z=-0.50,-0.10955196934299313,-0.3095519693429931,-0.013849065561166132,1.36764,1.3674505946397593,-0.03628113790406764,-0.017823735668561456,-0.14030166215735843,0.01968455640411754,0.00473184110885463,18
2026-05-14,2026-05-14 06:00:00,151534,804,GDP m/m,GBP,high,-0.2,USD/CAD,1h,60,z=-1.00,-0.21910393868598627,-0.4191039386859863,-0.009874395453770808,1.36764,1.367504953818016,-0.03628113790406764,-0.017823735668561456,-0.14030166215735843,0.01968455640411754,0.00473184110885463,18
2026-05-14,2026-05-14 06:00:00,151534,804,GDP m/m,GBP,high,-0.2,USD/CAD,1h,60,z=-2.00,-0.43820787737197253,-0.6382078773719726,-0.0019250552389801605,1.36764,1.3676136721745296,-0.03628113790406764,-0.017823735668561456,-0.14030166215735843,0.01968455640411754,0.00473184110885463,18
2026-05-14,2026-05-14 06:00:00,151534,804,GDP m/m,GBP,high,-0.2,USD/CAD,2h,120,z=+0.00,0.0,-0.2,-0.01264781926019803,1.36764,1.3674670233646697,-0.021945203749891916,-0.01264781926019803,-0.031157476503005026,0.0009707883420353103,0.0006356065013641418,18
2026-05-14,2026-05-14 06:00:00,151534,804,GDP m/m,GBP,high,-0.2,USD/CAD,2h,120,z=+0.50,0.10955196934299313,-0.09044803065700688,-0.015051959548631927,1.36764,1.3674341433804291,-0.021945203749891916,-0.01264781926019803,-0.031157476503005026,0.0009707883420353103,0.0006356065013641418,18
2026-05-14,2026-05-14 06:00:00,151534,804,GDP m/m,GBP,high,-0.2,USD/CAD,2h,120,z=+1.00,0.21910393868598627,0.019103938685986255,-0.017456099837065822,1.36764,1.3674012633961883,-0.021945203749891916,-0.01264781926019803,-0.031157476503005026,0.0009707883420353103,0.0006356065013641418,18
2026-05-14,2026-05-14 06:00:00,151534,804,GDP m/m,GBP,high,-0.2,USD/CAD,2h,120,z=+2.00,0.43820787737197253,0.23820787737197252,-0.022264380413933617,1.36764,1.3673355034277068,-0.021945203749891916,-0.01264781926019803,-0.031157476503005026,0.0009707883420353103,0.0006356065013641418,18
2026-05-14,2026-05-14 06:00:00,151534,804,GDP m/m,GBP,high,-0.2,USD/CAD,2h,120,z=-0.50,-0.10955196934299313,-0.3095519693429931,-0.010243678971764132,1.36764,1.3674999033489106,-0.021945203749891916,-0.01264781926019803,-0.031157476503005026,0.0009707883420353103,0.0006356065013641418,18
2026-05-14,2026-05-14 06:00:00,151534,804,GDP m/m,GBP,high,-0.2,USD/CAD,2h,120,z=-1.00,-0.21910393868598627,-0.4191039386859863,-0.007839538683330236,1.36764,1.3675327833331512,-0.021945203749891916,-0.01264781926019803,-0.031157476503005026,0.0009707883420353103,0.0006356065013641418,18
2026-05-14,2026-05-14 06:00:00,151534,804,GDP m/m,GBP,high,-0.2,USD/CAD,2h,120,z=-2.00,-0.43820787737197253,-0.6382078773719726,-0.0030312581064624415,1.36764,1.3675985433016327,-0.021945203749891916,-0.01264781926019803,-0.031157476503005026,0.0009707883420353103,0.0006356065013641418,18
2026-05-14,2026-05-14 06:00:00,151534,804,GDP m/m,GBP,high,-0.2,USD/CAD,4h,240,z=+0.00,0.0,-0.2,-0.020998314093737702,1.36764,1.3673528186571284,-0.12465349007267784,-0.020998314093737702,-0.16162023697307082,0.026121100999231567,0.01872779379631297,18
2026-05-14,2026-05-14 06:00:00,151534,804,GDP m/m,GBP,high,-0.2,USD/CAD,4h,240,z=+0.50,0.10955196934299313,-0.09044803065700688,-0.034654349416676805,1.36764,1.3671660532556378,-0.12465349007267784,-0.020998314093737702,-0.16162023697307082,0.026121100999231567,0.01872779379631297,18
2026-05-14,2026-05-14 06:00:00,151534,804,GDP m/m,GBP,high,-0.2,USD/CAD,4h,240,z=+1.00,0.21910393868598627,0.019103938685986255,-0.04831038473961591,1.36764,1.3669792878541471,-0.12465349007267784,-0.020998314093737702,-0.16162023697307082,0.026121100999231567,0.01872779379631297,18
2026-05-14,2026-05-14 06:00:00,151534,804,GDP m/m,GBP,high,-0.2,USD/CAD,4h,240,z=+2.00,0.43820787737197253,0.23820787737197252,-0.07562245538549411,1.36764,1.3666057570511658,-0.12465349007267784,-0.020998314093737702,-0.16162023697307082,0.026121100999231567,0.01872779379631297,18
2026-05-14,2026-05-14 06:00:00,151534,804,GDP m/m,GBP,high,-0.2,USD/CAD,4h,240,z=-0.50,-0.10955196934299313,-0.3095519693429931,-0.007342278770798601,1.36764,1.367539584058619,-0.12465349007267784,-0.020998314093737702,-0.16162023697307082,0.026121100999231567,0.01872779379631297,18
2026-05-14,2026-05-14 06:00:00,151534,804,GDP m/m,GBP,high,-0.2,USD/CAD,4h,240,z=-1.00,-0.21910393868598627,-0.4191039386859863,0.0063137565521405,1.36764,1.3677263494601095,-0.12465349007267784,-0.020998314093737702,-0.16162023697307082,0.026121100999231567,0.01872779379631297,18
2026-05-14,2026-05-14 06:00:00,151534,804,GDP m/m,GBP,high,-0.2,USD/CAD,4h,240,z=-2.00,-0.43820787737197253,-0.6382078773719726,0.0336258271980187,1.36764,1.3680998802630908,-0.12465349007267784,-0.020998314093737702,-0.16162023697307082,0.026121100999231567,0.01872779379631297,18
2026-05-14,2026-05-14 06:00:00,151534,804,GDP m/m,GBP,high,-0.2,USD/CAD,6h,360,z=+0.00,0.0,-0.2,-0.012435345440971987,1.36764,1.367469929241611,-0.21757807586724823,-0.012435345440971987,-0.2213883527834359,0.049012802748163074,0.0447771386629025,18
2026-05-14,2026-05-14 06:00:00,151534,804,GDP m/m,GBP,high,-0.2,USD/CAD,6h,360,z=+0.50,0.10955196934299313,-0.09044803065700688,-0.036271452138088196,1.36764,1.3671439371119785,-0.21757807586724823,-0.012435345440971987,-0.2213883527834359,0.049012802748163074,0.0447771386629025,18
2026-05-14,2026-05-14 06:00:00,151534,804,GDP m/m,GBP,high,-0.2,USD/CAD,6h,360,z=+1.00,0.21910393868598627,0.019103938685986255,-0.06010755883520441,1.36764,1.366817944982346,-0.21757807586724823,-0.012435345440971987,-0.2213883527834359,0.049012802748163074,0.0447771386629025,18
2026-05-14,2026-05-14 06:00:00,151534,804,GDP m/m,GBP,high,-0.2,USD/CAD,6h,360,z=+2.00,0.43820787737197253,0.23820787737197252,-0.10777977222943683,1.36764,1.3661659607230814,-0.21757807586724823,-0.012435345440971987,-0.2213883527834359,0.049012802748163074,0.0447771386629025,18
2026-05-14,2026-05-14 06:00:00,151534,804,GDP m/m,GBP,high,-0.2,USD/CAD,6h,360,z=-0.50,-0.10955196934299313,-0.3095519693429931,0.011400761256144224,1.36764,1.3677959213712434,-0.21757807586724823,-0.012435345440971987,-0.2213883527834359,0.049012802748163074,0.0447771386629025,18
2026-05-14,2026-05-14 06:00:00,151534,804,GDP m/m,GBP,high,-0.2,USD/CAD,6h,360,z=-1.00,-0.21910393868598627,-0.4191039386859863,0.035236867953260434,1.36764,1.368121913500876,-0.21757807586724823,-0.012435345440971987,-0.2213883527834359,0.049012802748163074,0.0447771386629025,18
2026-05-14,2026-05-14 06:00:00,151534,804,GDP m/m,GBP,high,-0.2,USD/CAD,6h,360,z=-2.00,-0.43820787737197253,-0.6382078773719726,0.08290908134749286,1.36764,1.368773897760141,-0.21757807586724823,-0.012435345440971987,-0.2213883527834359,0.049012802748163074,0.0447771386629025,18
2026-05-14,2026-05-14 06:00:00,151534,804,GDP m/m,GBP,high,-0.2,USD/CAD,12h,720,z=+0.00,0.0,-0.2,-0.006452057340083292,1.36764,1.3675517590829942,-0.2433372681281142,-0.006452057340083292,-0.2074572210865026,0.043038498580934025,0.04692708972568251,18
2026-05-14,2026-05-14 06:00:00,151534,804,GDP m/m,GBP,high,-0.2,USD/CAD,12h,720,z=+0.50,0.10955196934299313,-0.09044803065700688,-0.033110134278062156,1.36764,1.3671871725595595,-0.2433372681281142,-0.006452057340083292,-0.2074572210865026,0.043038498580934025,0.04692708972568251,18
2026-05-14,2026-05-14 06:00:00,151534,804,GDP m/m,GBP,high,-0.2,USD/CAD,12h,720,z=+1.00,0.21910393868598627,0.019103938685986255,-0.05976821121604103,1.36764,1.366822586036125,-0.2433372681281142,-0.006452057340083292,-0.2074572210865026,0.043038498580934025,0.04692708972568251,18
2026-05-14,2026-05-14 06:00:00,151534,804,GDP m/m,GBP,high,-0.2,USD/CAD,12h,720,z=+2.00,0.43820787737197253,0.23820787737197252,-0.11308436509199876,1.36764,1.3660934129892557,-0.2433372681281142,-0.006452057340083292,-0.2074572210865026,0.043038498580934025,0.04692708972568251,18
2026-05-14,2026-05-14 06:00:00,151534,804,GDP m/m,GBP,high,-0.2,USD/CAD,12h,720,z=-0.50,-0.10955196934299313,-0.3095519693429931,0.020206019597895575,1.36764,1.3679163456064285,-0.2433372681281142,-0.006452057340083292,-0.2074572210865026,0.043038498580934025,0.04692708972568251,18
2026-05-14,2026-05-14 06:00:00,151534,804,GDP m/m,GBP,high,-0.2,USD/CAD,12h,720,z=-1.00,-0.21910393868598627,-0.4191039386859863,0.04686409653587444,1.36764,1.3682809321298632,-0.2433372681281142,-0.006452057340083292,-0.2074572210865026,0.043038498580934025,0.04692708972568251,18
2026-05-14,2026-05-14 06:00:00,151534,804,GDP m/m,GBP,high,-0.2,USD/CAD,12h,720,z=-2.00,-0.43820787737197253,-0.6382078773719726,0.10018025041183218,1.36764,1.3690101051767323,-0.2433372681281142,-0.006452057340083292,-0.2074572210865026,0.043038498580934025,0.04692708972568251,18
2026-05-14,2026-05-14 06:00:00,151534,804,GDP m/m,GBP,high,-0.2,USD/JPY,1m,1,z=+0.00,0.0,-0.2,-0.002765968769453335,156.67450000000002,156.67016643226032,-0.03708272788682817,-0.002765968769453335,-0.4304165287785677,0.18525838824579158,0.014837032643182747,18
2026-05-14,2026-05-14 06:00:00,151534,804,GDP m/m,GBP,high,-0.2,USD/JPY,1m,1,z=+0.50,0.10955196934299313,-0.09044803065700688,-0.006828454638065691,156.67450000000002,156.66380155283812,-0.03708272788682817,-0.002765968769453335,-0.4304165287785677,0.18525838824579158,0.014837032643182747,18
2026-05-14,2026-05-14 06:00:00,151534,804,GDP m/m,GBP,high,-0.2,USD/JPY,1m,1,z=+1.00,0.21910393868598627,0.019103938685986255,-0.010890940506678047,156.67450000000002,156.65743667341587,-0.03708272788682817,-0.002765968769453335,-0.4304165287785677,0.18525838824579158,0.014837032643182747,18
2026-05-14,2026-05-14 06:00:00,151534,804,GDP m/m,GBP,high,-0.2,USD/JPY,1m,1,z=+2.00,0.43820787737197253,0.23820787737197252,-0.01901591224390276,156.67450000000002,156.64470691457146,-0.03708272788682817,-0.002765968769453335,-0.4304165287785677,0.18525838824579158,0.014837032643182747,18
2026-05-14,2026-05-14 06:00:00,151534,804,GDP m/m,GBP,high,-0.2,USD/JPY,1m,1,z=-0.50,-0.10955196934299313,-0.3095519693429931,0.001296517099159021,156.67450000000002,156.67653131168257,-0.03708272788682817,-0.002765968769453335,-0.4304165287785677,0.18525838824579158,0.014837032643182747,18
2026-05-14,2026-05-14 06:00:00,151534,804,GDP m/m,GBP,high,-0.2,USD/JPY,1m,1,z=-1.00,-0.21910393868598627,-0.4191039386859863,0.005359002967771377,156.67450000000002,156.68289619110476,-0.03708272788682817,-0.002765968769453335,-0.4304165287785677,0.18525838824579158,0.014837032643182747,18
2026-05-14,2026-05-14 06:00:00,151534,804,GDP m/m,GBP,high,-0.2,USD/JPY,1m,1,z=-2.00,-0.43820787737197253,-0.6382078773719726,0.013483974704996089,156.67450000000002,156.6956259499492,-0.03708272788682817,-0.002765968769453335,-0.4304165287785677,0.18525838824579158,0.014837032643182747,18
2026-05-14,2026-05-14 06:00:00,151534,804,GDP m/m,GBP,high,-0.2,USD/JPY,5m,5,z=+0.00,0.0,-0.2,0.003927911850587387,156.67450000000002,156.68065403625235,0.06603494919355259,0.003927911850587387,0.3125183989787554,0.09766774970024454,0.019183854683316143,18
2026-05-14,2026-05-14 06:00:00,151534,804,GDP m/m,GBP,high,-0.2,USD/JPY,5m,5,z=+0.50,0.10955196934299313,-0.09044803065700688,0.01116217058020557,156.67450000000002,156.69198827494571,0.06603494919355259,0.003927911850587387,0.3125183989787554,0.09766774970024454,0.019183854683316143,18
2026-05-14,2026-05-14 06:00:00,151534,804,GDP m/m,GBP,high,-0.2,USD/JPY,5m,5,z=+1.00,0.21910393868598627,0.019103938685986255,0.018396429309823752,156.67450000000002,156.70332251363905,0.06603494919355259,0.003927911850587387,0.3125183989787554,0.09766774970024454,0.019183854683316143,18
2026-05-14,2026-05-14 06:00:00,151534,804,GDP m/m,GBP,high,-0.2,USD/JPY,5m,5,z=+2.00,0.43820787737197253,0.23820787737197252,0.03286494676906011,156.67450000000002,156.72599099102572,0.06603494919355259,0.003927911850587387,0.3125183989787554,0.09766774970024454,0.019183854683316143,18
2026-05-14,2026-05-14 06:00:00,151534,804,GDP m/m,GBP,high,-0.2,USD/JPY,5m,5,z=-0.50,-0.10955196934299313,-0.3095519693429931,-0.003306346879030795,156.67450000000002,156.66931979755904,0.06603494919355259,0.003927911850587387,0.3125183989787554,0.09766774970024454,0.019183854683316143,18
2026-05-14,2026-05-14 06:00:00,151534,804,GDP m/m,GBP,high,-0.2,USD/JPY,5m,5,z=-1.00,-0.21910393868598627,-0.4191039386859863,-0.010540605608648976,156.67450000000002,156.6579855588657,0.06603494919355259,0.003927911850587387,0.3125183989787554,0.09766774970024454,0.019183854683316143,18
2026-05-14,2026-05-14 06:00:00,151534,804,GDP m/m,GBP,high,-0.2,USD/JPY,5m,5,z=-2.00,-0.43820787737197253,-0.6382078773719726,-0.02500912306788534,156.67450000000002,156.63531708147903,0.06603494919355259,0.003927911850587387,0.3125183989787554,0.09766774970024454,0.019183854683316143,18
2026-05-14,2026-05-14 06:00:00,151534,804,GDP m/m,GBP,high,-0.2,USD/JPY,15m,15,z=+0.00,0.0,-0.2,0.002047603333993985,156.67450000000002,156.67770807228555,0.039589277966432336,0.002047603333993985,0.10905352579434606,0.0118926714881781,0.004013319447530462,18
2026-05-14,2026-05-14 06:00:00,151534,804,GDP m/m,GBP,high,-0.2,USD/JPY,15m,15,z=+0.50,0.10955196934299313,-0.09044803065700688,0.006384686700083814,156.67450000000002,156.68450317596395,0.039589277966432336,0.002047603333993985,0.10905352579434606,0.0118926714881781,0.004013319447530462,18
2026-05-14,2026-05-14 06:00:00,151534,804,GDP m/m,GBP,high,-0.2,USD/JPY,15m,15,z=+1.00,0.21910393868598627,0.019103938685986255,0.010721770066173643,156.67450000000002,156.69129827964235,0.039589277966432336,0.002047603333993985,0.10905352579434606,0.0118926714881781,0.004013319447530462,18
2026-05-14,2026-05-14 06:00:00,151534,804,GDP m/m,GBP,high,-0.2,USD/JPY,15m,15,z=+2.00,0.43820787737197253,0.23820787737197252,0.0193959367983533,156.67450000000002,156.70488848699918,0.039589277966432336,0.002047603333993985,0.10905352579434606,0.0118926714881781,0.004013319447530462,18
2026-05-14,2026-05-14 06:00:00,151534,804,GDP m/m,GBP,high,-0.2,USD/JPY,15m,15,z=-0.50,-0.10955196934299313,-0.3095519693429931,-0.0022894800320958438,156.67450000000002,156.67091296860715,0.039589277966432336,0.002047603333993985,0.10905352579434606,0.0118926714881781,0.004013319447530462,18
2026-05-14,2026-05-14 06:00:00,151534,804,GDP m/m,GBP,high,-0.2,USD/JPY,15m,15,z=-1.00,-0.21910393868598627,-0.4191039386859863,-0.006626563398185672,156.67450000000002,156.66411786492873,0.039589277966432336,0.002047603333993985,0.10905352579434606,0.0118926714881781,0.004013319447530462,18
2026-05-14,2026-05-14 06:00:00,151534,804,GDP m/m,GBP,high,-0.2,USD/JPY,15m,15,z=-2.00,-0.43820787737197253,-0.6382078773719726,-0.01530073013036533,156.67450000000002,156.65052765757193,0.039589277966432336,0.002047603333993985,0.10905352579434606,0.0118926714881781,0.004013319447530462,18
2026-05-14,2026-05-14 06:00:00,151534,804,GDP m/m,GBP,high,-0.2,USD/JPY,30m,30,z=+0.00,0.0,-0.2,-0.003974195053043142,156.67450000000002,156.66827344977165,-0.002148987983155407,-0.003974195053043142,-0.004717003904858073,2.2250125838446307e-05,9.422945080865523e-06,18
2026-05-14,2026-05-14 06:00:00,151534,804,GDP m/m,GBP,high,-0.2,USD/JPY,30m,30,z=+0.50,0.10955196934299313,-0.09044803065700688,-0.004209620918692244,156.67450000000002,156.66790459747375,-0.002148987983155407,-0.003974195053043142,-0.004717003904858073,2.2250125838446307e-05,9.422945080865523e-06,18
2026-05-14,2026-05-14 06:00:00,151534,804,GDP m/m,GBP,high,-0.2,USD/JPY,30m,30,z=+1.00,0.21910393868598627,0.019103938685986255,-0.004445046784341346,156.67450000000002,156.66753574517588,-0.002148987983155407,-0.003974195053043142,-0.004717003904858073,2.2250125838446307e-05,9.422945080865523e-06,18
2026-05-14,2026-05-14 06:00:00,151534,804,GDP m/m,GBP,high,-0.2,USD/JPY,30m,30,z=+2.00,0.43820787737197253,0.23820787737197252,-0.0049158985156395486,156.67450000000002,156.66679804058012,-0.002148987983155407,-0.003974195053043142,-0.004717003904858073,2.2250125838446307e-05,9.422945080865523e-06,18
2026-05-14,2026-05-14 06:00:00,151534,804,GDP m/m,GBP,high,-0.2,USD/JPY,30m,30,z=-0.50,-0.10955196934299313,-0.3095519693429931,-0.00373876918739404,156.67450000000002,156.66864230206951,-0.002148987983155407,-0.003974195053043142,-0.004717003904858073,2.2250125838446307e-05,9.422945080865523e-06,18
2026-05-14,2026-05-14 06:00:00,151534,804,GDP m/m,GBP,high,-0.2,USD/JPY,30m,30,z=-1.00,-0.21910393868598627,-0.4191039386859863,-0.003503343321744938,156.67450000000002,156.6690111543674,-0.002148987983155407,-0.003974195053043142,-0.004717003904858073,2.2250125838446307e-05,9.422945080865523e-06,18
2026-05-14,2026-05-14 06:00:00,151534,804,GDP m/m,GBP,high,-0.2,USD/JPY,30m,30,z=-2.00,-0.43820787737197253,-0.6382078773719726,-0.0030324915904467345,156.67450000000002,156.66974885896315,-0.002148987983155407,-0.003974195053043142,-0.004717003904858073,2.2250125838446307e-05,9.422945080865523e-06,18
2026-05-14,2026-05-14 06:00:00,151534,804,GDP m/m,GBP,high,-0.2,USD/JPY,1h,60,z=+0.00,0.0,-0.2,-0.0164010128137075,156.67450000000002,156.64880379517922,-0.01196287973645387,-0.0164010128137075,-0.020464930931459485,0.0004188133980294072,0.00022757914277484617,18
2026-05-14,2026-05-14 06:00:00,151534,804,GDP m/m,GBP,high,-0.2,USD/JPY,1h,60,z=+0.50,0.10955196934299313,-0.09044803065700688,-0.01771156984784941,156.67450000000002,156.64675048649877,-0.01196287973645387,-0.0164010128137075,-0.020464930931459485,0.0004188133980294072,0.00022757914277484617,18
2026-05-14,2026-05-14 06:00:00,151534,804,GDP m/m,GBP,high,-0.2,USD/JPY,1h,60,z=+1.00,0.21910393868598627,0.019103938685986255,-0.019022126881991317,156.67450000000002,156.6446971778183,-0.01196287973645387,-0.0164010128137075,-0.020464930931459485,0.0004188133980294072,0.00022757914277484617,18
2026-05-14,2026-05-14 06:00:00,151534,804,GDP m/m,GBP,high,-0.2,USD/JPY,1h,60,z=+2.00,0.43820787737197253,0.23820787737197252,-0.02164324095027513,156.67450000000002,156.64059056045738,-0.01196287973645387,-0.0164010128137075,-0.020464930931459485,0.0004188133980294072,0.00022757914277484617,18
2026-05-14,2026-05-14 06:00:00,151534,804,GDP m/m,GBP,high,-0.2,USD/JPY,1h,60,z=-0.50,-0.10955196934299313,-0.3095519693429931,-0.015090455779565592,156.67450000000002,156.65085710385966,-0.01196287973645387,-0.0164010128137075,-0.020464930931459485,0.0004188133980294072,0.00022757914277484617,18
2026-05-14,2026-05-14 06:00:00,151534,804,GDP m/m,GBP,high,-0.2,USD/JPY,1h,60,z=-1.00,-0.21910393868598627,-0.4191039386859863,-0.013779898745423683,156.67450000000002,156.6529104125401,-0.01196287973645387,-0.0164010128137075,-0.020464930931459485,0.0004188133980294072,0.00022757914277484617,18
2026-05-14,2026-05-14 06:00:00,151534,804,GDP m/m,GBP,high,-0.2,USD/JPY,1h,60,z=-2.00,-0.43820787737197253,-0.6382078773719726,-0.011158784677139868,156.67450000000002,156.65701702990106,-0.01196287973645387,-0.0164010128137075,-0.020464930931459485,0.0004188133980294072,0.00022757914277484617,18
2026-05-14,2026-05-14 06:00:00,151534,804,GDP m/m,GBP,high,-0.2,USD/JPY,2h,120,z=+0.00,0.0,-0.2,-0.015627638128000727,156.67450000000002,156.65001547610117,-0.3405747662815837,-0.015627638128000727,-0.3909908332056944,0.15287383165088314,0.12378427573219325,18
2026-05-14,2026-05-14 06:00:00,151534,804,GDP m/m,GBP,high,-0.2,USD/JPY,2h,120,z=+0.50,0.10955196934299313,-0.09044803065700688,-0.052938274482677836,156.67450000000002,156.59155922314568,-0.3405747662815837,-0.015627638128000727,-0.3909908332056944,0.15287383165088314,0.12378427573219325,18
2026-05-14,2026-05-14 06:00:00,151534,804,GDP m/m,GBP,high,-0.2,USD/JPY,2h,120,z=+1.00,0.21910393868598627,0.019103938685986255,-0.09024891083735495,156.67450000000002,156.53310297019016,-0.3405747662815837,-0.015627638128000727,-0.3909908332056944,0.15287383165088314,0.12378427573219325,18
2026-05-14,2026-05-14 06:00:00,151534,804,GDP m/m,GBP,high,-0.2,USD/JPY,2h,120,z=+2.00,0.43820787737197253,0.23820787737197252,-0.16487018354670915,156.67450000000002,156.41619046427914,-0.3405747662815837,-0.015627638128000727,-0.3909908332056944,0.15287383165088314,0.12378427573219325,18
2026-05-14,2026-05-14 06:00:00,151534,804,GDP m/m,GBP,high,-0.2,USD/JPY,2h,120,z=-0.50,-0.10955196934299313,-0.3095519693429931,0.02168299822667638,156.67450000000002,156.70847172905667,-0.3405747662815837,-0.015627638128000727,-0.3909908332056944,0.15287383165088314,0.12378427573219325,18
2026-05-14,2026-05-14 06:00:00,151534,804,GDP m/m,GBP,high,-0.2,USD/JPY,2h,120,z=-1.00,-0.21910393868598627,-0.4191039386859863,0.05899363458135349,156.67450000000002,156.7669279820122,-0.3405747662815837,-0.015627638128000727,-0.3909908332056944,0.15287383165088314,0.12378427573219325,18
2026-05-14,2026-05-14 06:00:00,151534,804,GDP m/m,GBP,high,-0.2,USD/JPY,2h,120,z=-2.00,-0.43820787737197253,-0.6382078773719726,0.1336149072907077,156.67450000000002,156.8838404879232,-0.3405747662815837,-0.015627638128000727,-0.3909908332056944,0.15287383165088314,0.12378427573219325,18
2026-05-14,2026-05-14 06:00:00,151534,804,GDP m/m,GBP,high,-0.2,USD/JPY,4h,240,z=+0.00,0.0,-0.2,0.020484018999925524,156.67450000000002,156.70659323434805,-0.3897319794283724,0.020484018999925524,-0.3469342413537241,0.12036336782368408,0.12568968735724684,18
2026-05-14,2026-05-14 06:00:00,151534,804,GDP m/m,GBP,high,-0.2,USD/JPY,4h,240,z=+0.50,0.10955196934299313,-0.09044803065700688,-0.022211886862395558,156.67450000000002,156.6396996373178,-0.3897319794283724,0.020484018999925524,-0.3469342413537241,0.12036336782368408,0.12568968735724684,18
2026-05-14,2026-05-14 06:00:00,151534,804,GDP m/m,GBP,high,-0.2,USD/JPY,4h,240,z=+1.00,0.21910393868598627,0.019103938685986255,-0.06490779272471664,156.67450000000002,156.57280604028753,-0.3897319794283724,0.020484018999925524,-0.3469342413537241,0.12036336782368408,0.12568968735724684,18
2026-05-14,2026-05-14 06:00:00,151534,804,GDP m/m,GBP,high,-0.2,USD/JPY,4h,240,z=+2.00,0.43820787737197253,0.23820787737197252,-0.1502996044493588,156.67450000000002,156.43901884622701,-0.3897319794283724,0.020484018999925524,-0.3469342413537241,0.12036336782368408,0.12568968735724684,18
2026-05-14,2026-05-14 06:00:00,151534,804,GDP m/m,GBP,high,-0.2,USD/JPY,4h,240,z=-0.50,-0.10955196934299313,-0.3095519693429931,0.0631799248622466,156.67450000000002,156.7734868313783,-0.3897319794283724,0.020484018999925524,-0.3469342413537241,0.12036336782368408,0.12568968735724684,18
2026-05-14,2026-05-14 06:00:00,151534,804,GDP m/m,GBP,high,-0.2,USD/JPY,4h,240,z=-1.00,-0.21910393868598627,-0.4191039386859863,0.10587583072456769,156.67450000000002,156.8403804284086,-0.3897319794283724,0.020484018999925524,-0.3469342413537241,0.12036336782368408,0.12568968735724684,18
2026-05-14,2026-05-14 06:00:00,151534,804,GDP m/m,GBP,high,-0.2,USD/JPY,4h,240,z=-2.00,-0.43820787737197253,-0.6382078773719726,0.19126764244920985,156.67450000000002,156.9741676224691,-0.3897319794283724,0.020484018999925524,-0.3469342413537241,0.12036336782368408,0.12568968735724684,18
2026-05-14,2026-05-14 06:00:00,151534,804,GDP m/m,GBP,high,-0.2,USD/JPY,6h,360,z=+0.00,0.0,-0.2,0.03838477320915335,156.67450000000002,156.7346391515016,-0.4744426741762717,0.03838477320915335,-0.4321581415040628,0.18676065926824556,0.19059560482450075,18
2026-05-14,2026-05-14 06:00:00,151534,804,GDP m/m,GBP,high,-0.2,USD/JPY,6h,360,z=+0.50,0.10955196934299313,-0.09044803065700688,-0.013591356087213242,156.67450000000002,156.65320581080715,-0.4744426741762717,0.03838477320915335,-0.4321581415040628,0.18676065926824556,0.19059560482450075,18
2026-05-14,2026-05-14 06:00:00,151534,804,GDP m/m,GBP,high,-0.2,USD/JPY,6h,360,z=+1.00,0.21910393868598627,0.019103938685986255,-0.06556748538357984,156.67450000000002,156.57177247011273,-0.4744426741762717,0.03838477320915335,-0.4321581415040628,0.18676065926824556,0.19059560482450075,18
2026-05-14,2026-05-14 06:00:00,151534,804,GDP m/m,GBP,high,-0.2,USD/JPY,6h,360,z=+2.00,0.43820787737197253,0.23820787737197252,-0.16951974397631303,156.67450000000002,156.40890578872387,-0.4744426741762717,0.03838477320915335,-0.4321581415040628,0.18676065926824556,0.19059560482450075,18
2026-05-14,2026-05-14 06:00:00,151534,804,GDP m/m,GBP,high,-0.2,USD/JPY,6h,360,z=-0.50,-0.10955196934299313,-0.3095519693429931,0.09036090250551995,156.67450000000002,156.816072492196,-0.4744426741762717,0.03838477320915335,-0.4321581415040628,0.18676065926824556,0.19059560482450075,18
2026-05-14,2026-05-14 06:00:00,151534,804,GDP m/m,GBP,high,-0.2,USD/JPY,6h,360,z=-1.00,-0.21910393868598627,-0.4191039386859863,0.14233703180188653,156.67450000000002,156.89750583289046,-0.4744426741762717,0.03838477320915335,-0.4321581415040628,0.18676065926824556,0.19059560482450075,18
2026-05-14,2026-05-14 06:00:00,151534,804,GDP m/m,GBP,high,-0.2,USD/JPY,6h,360,z=-2.00,-0.43820787737197253,-0.6382078773719726,0.24628929039461972,156.67450000000002,157.06037251427935,-0.4744426741762717,0.03838477320915335,-0.4321581415040628,0.18676065926824556,0.19059560482450075,18
2026-05-14,2026-05-14 06:00:00,151534,804,GDP m/m,GBP,high,-0.2,USD/JPY,12h,720,z=+0.00,0.0,-0.2,-0.059306893588605226,156.67450000000002,156.58158122100454,-0.14388911827420817,-0.059306893588605226,-0.061573430611898225,0.0037912873573182453,0.008235836946564571,18
2026-05-14,2026-05-14 06:00:00,151534,804,GDP m/m,GBP,high,-0.2,USD/JPY,12h,720,z=+0.50,0.10955196934299313,-0.09044803065700688,-0.07507022986257159,156.67450000000002,156.556884092714,-0.14388911827420817,-0.059306893588605226,-0.061573430611898225,0.0037912873573182453,0.008235836946564571,18
2026-05-14,2026-05-14 06:00:00,151534,804,GDP m/m,GBP,high,-0.2,USD/JPY,12h,720,z=+1.00,0.21910393868598627,0.019103938685986255,-0.09083356613653795,156.67450000000002,156.53218696442343,-0.14388911827420817,-0.059306893588605226,-0.061573430611898225,0.0037912873573182453,0.008235836946564571,18
2026-05-14,2026-05-14 06:00:00,151534,804,GDP m/m,GBP,high,-0.2,USD/JPY,12h,720,z=+2.00,0.43820787737197253,0.23820787737197252,-0.12236023868447068,156.67450000000002,156.48279270784232,-0.14388911827420817,-0.059306893588605226,-0.061573430611898225,0.0037912873573182453,0.008235836946564571,18
2026-05-14,2026-05-14 06:00:00,151534,804,GDP m/m,GBP,high,-0.2,USD/JPY,12h,720,z=-0.50,-0.10955196934299313,-0.3095519693429931,-0.04354355731463886,156.67450000000002,156.6062783492951,-0.14388911827420817,-0.059306893588605226,-0.061573430611898225,0.0037912873573182453,0.008235836946564571,18
2026-05-14,2026-05-14 06:00:00,151534,804,GDP m/m,GBP,high,-0.2,USD/JPY,12h,720,z=-1.00,-0.21910393868598627,-0.4191039386859863,-0.027780221040672494,156.67450000000002,156.63097547758565,-0.14388911827420817,-0.059306893588605226,-0.061573430611898225,0.0037912873573182453,0.008235836946564571,18
2026-05-14,2026-05-14 06:00:00,151534,804,GDP m/m,GBP,high,-0.2,USD/JPY,12h,720,z=-2.00,-0.43820787737197253,-0.6382078773719726,0.0037464515072602386,156.67450000000002,156.6803697341668,-0.14388911827420817,-0.059306893588605226,-0.061573430611898225,0.0037912873573182453,0.008235836946564571,18
2026-05-14,2026-05-14 12:30:00,148029,102,Retail Sales m/m,USD,high,0.6,EUR/USD,1m,1,z=+0.00,0.0,0.6,-0.02688573492298227,1.1785999999999999,1.1782831247281977,0.003936091896845583,-0.02688573492298227,0.02757043453198035,0.0007601288602822145,0.00014154447096434292,17
2026-05-14,2026-05-14 12:30:00,148029,102,Retail Sales m/m,USD,high,0.6,EUR/USD,1m,1,z=+0.50,0.15817200243071203,0.758172002430712,-0.026263155385906903,1.1785999999999999,1.1782904624506216,0.003936091896845583,-0.02688573492298227,0.02757043453198035,0.0007601288602822145,0.00014154447096434292,17
2026-05-14,2026-05-14 12:30:00,148029,102,Retail Sales m/m,USD,high,0.6,EUR/USD,1m,1,z=+1.00,0.31634400486142406,0.916344004861424,-0.02564057584883154,1.1785999999999999,1.1782978001730455,0.003936091896845583,-0.02688573492298227,0.02757043453198035,0.0007601288602822145,0.00014154447096434292,17
2026-05-14,2026-05-14 12:30:00,148029,102,Retail Sales m/m,USD,high,0.6,EUR/USD,1m,1,z=+2.00,0.6326880097228481,1.232688009722848,-0.024395416774680805,1.1785999999999999,1.1783124756178935,0.003936091896845583,-0.02688573492298227,0.02757043453198035,0.0007601288602822145,0.00014154447096434292,17
2026-05-14,2026-05-14 12:30:00,148029,102,Retail Sales m/m,USD,high,0.6,EUR/USD,1m,1,z=-0.50,-0.15817200243071203,0.4418279975692879,-0.027508314460057633,1.1785999999999999,1.1782757870057736,0.003936091896845583,-0.02688573492298227,0.02757043453198035,0.0007601288602822145,0.00014154447096434292,17
2026-05-14,2026-05-14 12:30:00,148029,102,Retail Sales m/m,USD,high,0.6,EUR/USD,1m,1,z=-1.00,-0.31634400486142406,0.2836559951385759,-0.028130893997132998,1.1785999999999999,1.1782684492833497,0.003936091896845583,-0.02688573492298227,0.02757043453198035,0.0007601288602822145,0.00014154447096434292,17
2026-05-14,2026-05-14 12:30:00,148029,102,Retail Sales m/m,USD,high,0.6,EUR/USD,1m,1,z=-2.00,-0.6326880097228481,-0.03268800972284813,-0.02937605307128373,1.1785999999999999,1.1782537738385017,0.003936091896845583,-0.02688573492298227,0.02757043453198035,0.0007601288602822145,0.00014154447096434292,17
2026-05-14,2026-05-14 12:30:00,148029,102,Retail Sales m/m,USD,high,0.6,EUR/USD,5m,5,z=+0.00,0.0,0.6,-0.038170909643961075,1.1785999999999999,1.1781501176589362,0.05622884187189012,-0.038170909643961075,0.30374465734050543,0.09226081686290107,0.022276751250820293,17
2026-05-14,2026-05-14 12:30:00,148029,102,Retail Sales m/m,USD,high,0.6,EUR/USD,5m,5,z=+0.50,0.15817200243071203,0.758172002430712,-0.02927708113072435,1.1785999999999999,1.178254940321793,0.05622884187189012,-0.038170909643961075,0.30374465734050543,0.09226081686290107,0.022276751250820293,17
2026-05-14,2026-05-14 12:30:00,148029,102,Retail Sales m/m,USD,high,0.6,EUR/USD,5m,5,z=+1.00,0.31634400486142406,0.916344004861424,-0.020383252617487625,1.1785999999999999,1.1783597629846503,0.05622884187189012,-0.038170909643961075,0.30374465734050543,0.09226081686290107,0.022276751250820293,17
2026-05-14,2026-05-14 12:30:00,148029,102,Retail Sales m/m,USD,high,0.6,EUR/USD,5m,5,z=+2.00,0.6326880097228481,1.232688009722848,-0.0025955955910141743,1.1785999999999999,1.1785694083103642,0.05622884187189012,-0.038170909643961075,0.30374465734050543,0.09226081686290107,0.022276751250820293,17
2026-05-14,2026-05-14 12:30:00,148029,102,Retail Sales m/m,USD,high,0.6,EUR/USD,5m,5,z=-0.50,-0.15817200243071203,0.4418279975692879,-0.0470647381571978,1.1785999999999999,1.1780452949960791,0.05622884187189012,-0.038170909643961075,0.30374465734050543,0.09226081686290107,0.022276751250820293,17
2026-05-14,2026-05-14 12:30:00,148029,102,Retail Sales m/m,USD,high,0.6,EUR/USD,5m,5,z=-1.00,-0.31634400486142406,0.2836559951385759,-0.05595856667043453,1.1785999999999999,1.177940472333222,0.05622884187189012,-0.038170909643961075,0.30374465734050543,0.09226081686290107,0.022276751250820293,17
2026-05-14,2026-05-14 12:30:00,148029,102,Retail Sales m/m,USD,high,0.6,EUR/USD,5m,5,z=-2.00,-0.6326880097228481,-0.03268800972284813,-0.07374622369690798,1.1785999999999999,1.177730827007508,0.05622884187189012,-0.038170909643961075,0.30374465734050543,0.09226081686290107,0.022276751250820293,17
2026-05-14,2026-05-14 12:30:00,148029,102,Retail Sales m/m,USD,high,0.6,EUR/USD,15m,15,z=+0.00,0.0,0.6,-0.02966532120879061,1.1785999999999999,1.178250364524233,0.12624077138173603,-0.02966532120879061,0.4236623128187526,0.1794897553029346,0.06975952928248073,17
2026-05-14,2026-05-14 12:30:00,148029,102,Retail Sales m/m,USD,high,0.6,EUR/USD,15m,15,z=+0.50,0.15817200243071203,0.758172002430712,-0.009697565610943697,1.1785999999999999,1.1784857044917092,0.12624077138173603,-0.02966532120879061,0.4236623128187526,0.1794897553029346,0.06975952928248073,17
2026-05-14,2026-05-14 12:30:00,148029,102,Retail Sales m/m,USD,high,0.6,EUR/USD,15m,15,z=+1.00,0.31634400486142406,0.916344004861424,0.010270189986903218,1.1785999999999999,1.1787210444591854,0.12624077138173603,-0.02966532120879061,0.4236623128187526,0.1794897553029346,0.06975952928248073,17
2026-05-14,2026-05-14 12:30:00,148029,102,Retail Sales m/m,USD,high,0.6,EUR/USD,15m,15,z=+2.00,0.6326880097228481,1.232688009722848,0.05020570118259705,1.1785999999999999,1.1791917243941379,0.12624077138173603,-0.02966532120879061,0.4236623128187526,0.1794897553029346,0.06975952928248073,17
2026-05-14,2026-05-14 12:30:00,148029,102,Retail Sales m/m,USD,high,0.6,EUR/USD,15m,15,z=-0.50,-0.15817200243071203,0.4418279975692879,-0.049633076806637526,1.1785999999999999,1.1780150245567569,0.12624077138173603,-0.02966532120879061,0.4236623128187526,0.1794897553029346,0.06975952928248073,17
2026-05-14,2026-05-14 12:30:00,148029,102,Retail Sales m/m,USD,high,0.6,EUR/USD,15m,15,z=-1.00,-0.31634400486142406,0.2836559951385759,-0.06960083240448445,1.1785999999999999,1.1777796845892807,0.12624077138173603,-0.02966532120879061,0.4236623128187526,0.1794897553029346,0.06975952928248073,17
2026-05-14,2026-05-14 12:30:00,148029,102,Retail Sales m/m,USD,high,0.6,EUR/USD,15m,15,z=-2.00,-0.6326880097228481,-0.03268800972284813,-0.10953634360017828,1.1785999999999999,1.1773090046543282,0.12624077138173603,-0.02966532120879061,0.4236623128187526,0.1794897553029346,0.06975952928248073,17
2026-05-14,2026-05-14 12:30:00,148029,102,Retail Sales m/m,USD,high,0.6,EUR/USD,30m,30,z=+0.00,0.0,0.6,-0.0184788651376866,1.1785999999999999,1.178382208095487,0.10397237736993231,-0.0184788651376866,0.30971731251011464,0.09592481366848801,0.04200176354134658,17
2026-05-14,2026-05-14 12:30:00,148029,102,Retail Sales m/m,USD,high,0.6,EUR/USD,30m,30,z=+0.50,0.15817200243071203,0.758172002430712,-0.0020333460116027553,1.1785999999999999,1.1785760349839072,0.10397237736993231,-0.0184788651376866,0.30971731251011464,0.09592481366848801,0.04200176354134658,17
2026-05-14,2026-05-14 12:30:00,148029,102,Retail Sales m/m,USD,high,0.6,EUR/USD,30m,30,z=+1.00,0.31634400486142406,0.916344004861424,0.014412173114481088,1.1785999999999999,1.1787698618723272,0.10397237736993231,-0.0184788651376866,0.30971731251011464,0.09592481366848801,0.04200176354134658,17
2026-05-14,2026-05-14 12:30:00,148029,102,Retail Sales m/m,USD,high,0.6,EUR/USD,30m,30,z=+2.00,0.6326880097228481,1.232688009722848,0.04730321136664878,1.1785999999999999,1.1791575156491674,0.10397237736993231,-0.0184788651376866,0.30971731251011464,0.09592481366848801,0.04200176354134658,17
2026-05-14,2026-05-14 12:30:00,148029,102,Retail Sales m/m,USD,high,0.6,EUR/USD,30m,30,z=-0.50,-0.15817200243071203,0.4418279975692879,-0.03492438426377044,1.1785999999999999,1.178188381207067,0.10397237736993231,-0.0184788651376866,0.30971731251011464,0.09592481366848801,0.04200176354134658,17
2026-05-14,2026-05-14 12:30:00,148029,102,Retail Sales m/m,USD,high,0.6,EUR/USD,30m,30,z=-1.00,-0.31634400486142406,0.2836559951385759,-0.05136990338985428,1.1785999999999999,1.177994554318647,0.10397237736993231,-0.0184788651376866,0.30971731251011464,0.09592481366848801,0.04200176354134658,17
2026-05-14,2026-05-14 12:30:00,148029,102,Retail Sales m/m,USD,high,0.6,EUR/USD,30m,30,z=-2.00,-0.6326880097228481,-0.03268800972284813,-0.08426094164202197,1.1785999999999999,1.177606900541807,0.10397237736993231,-0.0184788651376866,0.30971731251011464,0.09592481366848801,0.04200176354134658,17
2026-05-14,2026-05-14 12:30:00,148029,102,Retail Sales m/m,USD,high,0.6,EUR/USD,1h,60,z=+0.00,0.0,0.6,0.01842502050368359,1.1785999999999999,1.1788171572916564,0.09295660606107507,0.01842502050368359,0.26874742072583374,0.07222517614678829,0.03258431779418813,17
2026-05-14,2026-05-14 12:30:00,148029,102,Retail Sales m/m,USD,high,0.6,EUR/USD,1h,60,z=+0.50,0.15817200243071203,0.758172002430712,0.0331281530235267,1.1785999999999999,1.178990448411535,0.09295660606107507,0.01842502050368359,0.26874742072583374,0.07222517614678829,0.03258431779418813,17
2026-05-14,2026-05-14 12:30:00,148029,102,Retail Sales m/m,USD,high,0.6,EUR/USD,1h,60,z=+1.00,0.31634400486142406,0.916344004861424,0.04783128554336981,1.1785999999999999,1.179163739531414,0.09295660606107507,0.01842502050368359,0.26874742072583374,0.07222517614678829,0.03258431779418813,17
2026-05-14,2026-05-14 12:30:00,148029,102,Retail Sales m/m,USD,high,0.6,EUR/USD,1h,60,z=+2.00,0.6326880097228481,1.232688009722848,0.07723755058305602,1.1785999999999999,1.1795103217711718,0.09295660606107507,0.01842502050368359,0.26874742072583374,0.07222517614678829,0.03258431779418813,17
2026-05-14,2026-05-14 12:30:00,148029,102,Retail Sales m/m,USD,high,0.6,EUR/USD,1h,60,z=-0.50,-0.15817200243071203,0.4418279975692879,0.003721887983840485,1.1785999999999999,1.1786438661717773,0.09295660606107507,0.01842502050368359,0.26874742072583374,0.07222517614678829,0.03258431779418813,17
2026-05-14,2026-05-14 12:30:00,148029,102,Retail Sales m/m,USD,high,0.6,EUR/USD,1h,60,z=-1.00,-0.31634400486142406,0.2836559951385759,-0.010981244536002622,1.1785999999999999,1.1784705750518985,0.09295660606107507,0.01842502050368359,0.26874742072583374,0.07222517614678829,0.03258431779418813,17
2026-05-14,2026-05-14 12:30:00,148029,102,Retail Sales m/m,USD,high,0.6,EUR/USD,1h,60,z=-2.00,-0.6326880097228481,-0.03268800972284813,-0.04038750957568883,1.1785999999999999,1.1781239928121408,0.09295660606107507,0.01842502050368359,0.26874742072583374,0.07222517614678829,0.03258431779418813,17
2026-05-14,2026-05-14 12:30:00,148029,102,Retail Sales m/m,USD,high,0.6,EUR/USD,2h,120,z=+0.00,0.0,0.6,0.04031903085591868,1.1785999999999999,1.1790752000976679,0.19204382222214064,0.04031903085591868,0.3772628766279067,0.14232727808156315,0.09449927619681242,17
2026-05-14,2026-05-14 12:30:00,148029,102,Retail Sales m/m,USD,high,0.6,EUR/USD,2h,120,z=+0.50,0.15817200243071203,0.758172002430712,0.07069498677124234,1.1785999999999999,1.1794332111140857,0.19204382222214064,0.04031903085591868,0.3772628766279067,0.14232727808156315,0.09449927619681242,17
2026-05-14,2026-05-14 12:30:00,148029,102,Retail Sales m/m,USD,high,0.6,EUR/USD,2h,120,z=+1.00,0.31634400486142406,0.916344004861424,0.101070942686566,1.1785999999999999,1.1797912221305038,0.19204382222214064,0.04031903085591868,0.3772628766279067,0.14232727808156315,0.09449927619681242,17
2026-05-14,2026-05-14 12:30:00,148029,102,Retail Sales m/m,USD,high,0.6,EUR/USD,2h,120,z=+2.00,0.6326880097228481,1.232688009722848,0.16182285451721332,1.1785999999999999,1.18050724416334,0.19204382222214064,0.04031903085591868,0.3772628766279067,0.14232727808156315,0.09449927619681242,17
2026-05-14,2026-05-14 12:30:00,148029,102,Retail Sales m/m,USD,high,0.6,EUR/USD,2h,120,z=-0.50,-0.15817200243071203,0.4418279975692879,0.009943074940595025,1.1785999999999999,1.1787171890812498,0.19204382222214064,0.04031903085591868,0.3772628766279067,0.14232727808156315,0.09449927619681242,17
2026-05-14,2026-05-14 12:30:00,148029,102,Retail Sales m/m,USD,high,0.6,EUR/USD,2h,120,z=-1.00,-0.31634400486142406,0.2836559951385759,-0.02043288097472863,1.1785999999999999,1.1783591780648317,0.19204382222214064,0.04031903085591868,0.3772628766279067,0.14232727808156315,0.09449927619681242,17
2026-05-14,2026-05-14 12:30:00,148029,102,Retail Sales m/m,USD,high,0.6,EUR/USD,2h,120,z=-2.00,-0.6326880097228481,-0.03268800972284813,-0.08118479280537594,1.1785999999999999,1.1776431560319958,0.19204382222214064,0.04031903085591868,0.3772628766279067,0.14232727808156315,0.09449927619681242,17
2026-05-14,2026-05-14 12:30:00,148029,102,Retail Sales m/m,USD,high,0.6,EUR/USD,4h,240,z=+0.00,0.0,0.6,0.053256048792225015,1.1785999999999999,1.1792276757910651,0.21280267682041057,0.053256048792225015,0.308699415029491,0.09529532883954993,0.08568345343283294,17
2026-05-14,2026-05-14 12:30:00,148029,102,Retail Sales m/m,USD,high,0.6,EUR/USD,4h,240,z=+0.50,0.15817200243071203,0.758172002430712,0.08691547430752503,1.1785999999999999,1.1796243857801885,0.21280267682041057,0.053256048792225015,0.308699415029491,0.09529532883954993,0.08568345343283294,17
2026-05-14,2026-05-14 12:30:00,148029,102,Retail Sales m/m,USD,high,0.6,EUR/USD,4h,240,z=+1.00,0.31634400486142406,0.916344004861424,0.12057489982282502,1.1785999999999999,1.1800210957693116,0.21280267682041057,0.053256048792225015,0.308699415029491,0.09529532883954993,0.08568345343283294,17
2026-05-14,2026-05-14 12:30:00,148029,102,Retail Sales m/m,USD,high,0.6,EUR/USD,4h,240,z=+2.00,0.6326880097228481,1.232688009722848,0.18789375085342502,1.1785999999999999,1.1808145157475582,0.21280267682041057,0.053256048792225015,0.308699415029491,0.09529532883954993,0.08568345343283294,17
2026-05-14,2026-05-14 12:30:00,148029,102,Retail Sales m/m,USD,high,0.6,EUR/USD,4h,240,z=-0.50,-0.15817200243071203,0.4418279975692879,0.01959662327692501,1.1785999999999999,1.1788309658019418,0.21280267682041057,0.053256048792225015,0.308699415029491,0.09529532883954993,0.08568345343283294,17
2026-05-14,2026-05-14 12:30:00,148029,102,Retail Sales m/m,USD,high,0.6,EUR/USD,4h,240,z=-1.00,-0.31634400486142406,0.2836559951385759,-0.014062802238374993,1.1785999999999999,1.1784342558128182,0.21280267682041057,0.053256048792225015,0.308699415029491,0.09529532883954993,0.08568345343283294,17
2026-05-14,2026-05-14 12:30:00,148029,102,Retail Sales m/m,USD,high,0.6,EUR/USD,4h,240,z=-2.00,-0.6326880097228481,-0.03268800972284813,-0.08138165326897501,1.1785999999999999,1.1776408358345718,0.21280267682041057,0.053256048792225015,0.308699415029491,0.09529532883954993,0.08568345343283294,17
2026-05-14,2026-05-14 12:30:00,148029,102,Retail Sales m/m,USD,high,0.6,EUR/USD,6h,360,z=+0.00,0.0,0.6,-0.03306909769881398,1.1785999999999999,1.1782102476145218,0.22165797583475685,-0.03306909769881398,0.23488526657574968,0.055171088454360986,0.06790835465758915,17
2026-05-14,2026-05-14 12:30:00,148029,102,Retail Sales m/m,USD,high,0.6,EUR/USD,6h,360,z=+0.50,0.15817200243071203,0.758172002430712,0.001990988193707889,1.1785999999999999,1.178623465786851,0.22165797583475685,-0.03306909769881398,0.23488526657574968,0.055171088454360986,0.06790835465758915,17
2026-05-14,2026-05-14 12:30:00,148029,102,Retail Sales m/m,USD,high,0.6,EUR/USD,6h,360,z=+1.00,0.31634400486142406,0.916344004861424,0.037051074086229756,1.1785999999999999,1.1790366839591802,0.22165797583475685,-0.03306909769881398,0.23488526657574968,0.055171088454360986,0.06790835465758915,17
2026-05-14,2026-05-14 12:30:00,148029,102,Retail Sales m/m,USD,high,0.6,EUR/USD,6h,360,z=+2.00,0.6326880097228481,1.232688009722848,0.1071712458712735,1.1785999999999999,1.1798631203038388,0.22165797583475685,-0.03306909769881398,0.23488526657574968,0.055171088454360986,0.06790835465758915,17
2026-05-14,2026-05-14 12:30:00,148029,102,Retail Sales m/m,USD,high,0.6,EUR/USD,6h,360,z=-0.50,-0.15817200243071203,0.4418279975692879,-0.06812918359133585,1.1785999999999999,1.1777970294421924,0.22165797583475685,-0.03306909769881398,0.23488526657574968,0.055171088454360986,0.06790835465758915,17
2026-05-14,2026-05-14 12:30:00,148029,102,Retail Sales m/m,USD,high,0.6,EUR/USD,6h,360,z=-1.00,-0.31634400486142406,0.2836559951385759,-0.1031892694838577,1.1785999999999999,1.1773838112698631,0.22165797583475685,-0.03306909769881398,0.23488526657574968,0.055171088454360986,0.06790835465758915,17
2026-05-14,2026-05-14 12:30:00,148029,102,Retail Sales m/m,USD,high,0.6,EUR/USD,6h,360,z=-2.00,-0.6326880097228481,-0.03268800972284813,-0.17330944126890144,1.1785999999999999,1.1765573749252047,0.22165797583475685,-0.03306909769881398,0.23488526657574968,0.055171088454360986,0.06790835465758915,17
2026-05-14,2026-05-14 12:30:00,148029,102,Retail Sales m/m,USD,high,0.6,EUR/USD,12h,720,z=+0.00,0.0,0.6,0.009283871485147201,1.1785999999999999,1.178709419709324,0.5564149910598655,0.009283871485147201,0.5126000877895602,0.26275885000186483,0.3137402105911859,15
2026-05-14,2026-05-14 12:30:00,148029,102,Retail Sales m/m,USD,high,0.6,EUR/USD,12h,720,z=+0.50,0.14200938936093863,0.7420093893609386,0.08830002459683083,1.1785999999999999,1.1796407040898982,0.5564149910598655,0.009283871485147201,0.5126000877895602,0.26275885000186483,0.3137402105911859,15
2026-05-14,2026-05-14 12:30:00,148029,102,Retail Sales m/m,USD,high,0.6,EUR/USD,12h,720,z=+1.00,0.28401877872187725,0.8840187787218772,0.16731617770851445,1.1785999999999999,1.1805719884704724,0.5564149910598655,0.009283871485147201,0.5126000877895602,0.26275885000186483,0.3137402105911859,15
2026-05-14,2026-05-14 12:30:00,148029,102,Retail Sales m/m,USD,high,0.6,EUR/USD,12h,720,z=+2.00,0.5680375574437545,1.1680375574437545,0.3253484839318817,1.1785999999999999,1.182434557231621,0.5564149910598655,0.009283871485147201,0.5126000877895602,0.26275885000186483,0.3137402105911859,15
2026-05-14,2026-05-14 12:30:00,148029,102,Retail Sales m/m,USD,high,0.6,EUR/USD,12h,720,z=-0.50,-0.14200938936093863,0.4579906106390613,-0.06973228162653643,1.1785999999999999,1.1777781353287495,0.5564149910598655,0.009283871485147201,0.5126000877895602,0.26275885000186483,0.3137402105911859,15
2026-05-14,2026-05-14 12:30:00,148029,102,Retail Sales m/m,USD,high,0.6,EUR/USD,12h,720,z=-1.00,-0.28401877872187725,0.3159812212781227,-0.14874843473822005,1.1785999999999999,1.176846850948175,0.5564149910598655,0.009283871485147201,0.5126000877895602,0.26275885000186483,0.3137402105911859,15
2026-05-14,2026-05-14 12:30:00,148029,102,Retail Sales m/m,USD,high,0.6,EUR/USD,12h,720,z=-2.00,-0.5680375574437545,0.031962442556245474,-0.3067807409615873,1.1785999999999999,1.1749842821870267,0.5564149910598655,0.009283871485147201,0.5126000877895602,0.26275885000186483,0.3137402105911859,15
2026-05-14,2026-05-14 12:30:00,148029,102,Retail Sales m/m,USD,high,0.6,GBP/USD,1m,1,z=+0.00,0.0,0.6,-0.03218593676531113,1.3631099999999998,1.362671270277358,-0.030035649586729607,-0.03218593676531113,-0.22649043109405206,0.051297915377169545,0.008873009703417747,17
2026-05-14,2026-05-14 12:30:00,148029,102,Retail Sales m/m,USD,high,0.6,GBP/USD,1m,1,z=+0.50,0.15817200243071203,0.758172002430712,-0.036936735604751345,1.3631099999999998,1.362606511663298,-0.030035649586729607,-0.03218593676531113,-0.22649043109405206,0.051297915377169545,0.008873009703417747,17
2026-05-14,2026-05-14 12:30:00,148029,102,Retail Sales m/m,USD,high,0.6,GBP/USD,1m,1,z=+1.00,0.31634400486142406,0.916344004861424,-0.04168753444419155,1.3631099999999998,1.3625417530492376,-0.030035649586729607,-0.03218593676531113,-0.22649043109405206,0.051297915377169545,0.008873009703417747,17
2026-05-14,2026-05-14 12:30:00,148029,102,Retail Sales m/m,USD,high,0.6,GBP/USD,1m,1,z=+2.00,0.6326880097228481,1.232688009722848,-0.05118913212307197,1.3631099999999998,1.362412235821117,-0.030035649586729607,-0.03218593676531113,-0.22649043109405206,0.051297915377169545,0.008873009703417747,17
2026-05-14,2026-05-14 12:30:00,148029,102,Retail Sales m/m,USD,high,0.6,GBP/USD,1m,1,z=-0.50,-0.15817200243071203,0.4418279975692879,-0.027435137925870923,1.3631099999999998,1.3627360288914185,-0.030035649586729607,-0.03218593676531113,-0.22649043109405206,0.051297915377169545,0.008873009703417747,17
2026-05-14,2026-05-14 12:30:00,148029,102,Retail Sales m/m,USD,high,0.6,GBP/USD,1m,1,z=-1.00,-0.31634400486142406,0.2836559951385759,-0.022684339086430715,1.3631099999999998,1.3628007875054788,-0.030035649586729607,-0.03218593676531113,-0.22649043109405206,0.051297915377169545,0.008873009703417747,17
2026-05-14,2026-05-14 12:30:00,148029,102,Retail Sales m/m,USD,high,0.6,GBP/USD,1m,1,z=-2.00,-0.6326880097228481,-0.03268800972284813,-0.013182741407550293,1.3631099999999998,1.3629303047335994,-0.030035649586729607,-0.03218593676531113,-0.22649043109405206,0.051297915377169545,0.008873009703417747,17
2026-05-14,2026-05-14 12:30:00,148029,102,Retail Sales m/m,USD,high,0.6,GBP/USD,5m,5,z=+0.00,0.0,0.6,-0.03686422911625733,1.3631099999999998,1.3626075000064932,0.00321017041391619,-0.03686422911625733,0.022810360621314002,0.0005203125516743925,9.550900226828857e-05,17
2026-05-14,2026-05-14 12:30:00,148029,102,Retail Sales m/m,USD,high,0.6,GBP/USD,5m,5,z=+0.50,0.15817200243071203,0.758172002430712,-0.03635647003374438,1.3631099999999998,1.3626144213213227,0.00321017041391619,-0.03686422911625733,0.022810360621314002,0.0005203125516743925,9.550900226828857e-05,17
2026-05-14,2026-05-14 12:30:00,148029,102,Retail Sales m/m,USD,high,0.6,GBP/USD,5m,5,z=+1.00,0.31634400486142406,0.916344004861424,-0.035848710951231426,1.3631099999999998,1.3626213426361524,0.00321017041391619,-0.03686422911625733,0.022810360621314002,0.0005203125516743925,9.550900226828857e-05,17
2026-05-14,2026-05-14 12:30:00,148029,102,Retail Sales m/m,USD,high,0.6,GBP/USD,5m,5,z=+2.00,0.6326880097228481,1.232688009722848,-0.03483319278620552,1.3631099999999998,1.3626351852658116,0.00321017041391619,-0.03686422911625733,0.022810360621314002,0.0005203125516743925,9.550900226828857e-05,17
2026-05-14,2026-05-14 12:30:00,148029,102,Retail Sales m/m,USD,high,0.6,GBP/USD,5m,5,z=-0.50,-0.15817200243071203,0.4418279975692879,-0.03737198819877028,1.3631099999999998,1.3626005786916635,0.00321017041391619,-0.03686422911625733,0.022810360621314002,0.0005203125516743925,9.550900226828857e-05,17
2026-05-14,2026-05-14 12:30:00,148029,102,Retail Sales m/m,USD,high,0.6,GBP/USD,5m,5,z=-1.00,-0.31634400486142406,0.2836559951385759,-0.03787974728128323,1.3631099999999998,1.3625936573768338,0.00321017041391619,-0.03686422911625733,0.022810360621314002,0.0005203125516743925,9.550900226828857e-05,17
2026-05-14,2026-05-14 12:30:00,148029,102,Retail Sales m/m,USD,high,0.6,GBP/USD,5m,5,z=-2.00,-0.6326880097228481,-0.03268800972284813,-0.038895265446309134,1.3631099999999998,1.3625798147471746,0.00321017041391619,-0.03686422911625733,0.022810360621314002,0.0005203125516743925,9.550900226828857e-05,17
2026-05-14,2026-05-14 12:30:00,148029,102,Retail Sales m/m,USD,high,0.6,GBP/USD,15m,15,z=+0.00,0.0,0.6,-0.03603076679363365,1.3631099999999998,1.3626188610147592,0.044641039690617175,-0.03603076679363365,0.1672479123713911,0.02797186419258852,0.009738208648208945,17
2026-05-14,2026-05-14 12:30:00,148029,102,Retail Sales m/m,USD,high,0.6,GBP/USD,15m,15,z=+0.50,0.15817200243071203,0.758172002430712,-0.02896980415517984,1.3631099999999998,1.3627151097025803,0.044641039690617175,-0.03603076679363365,0.1672479123713911,0.02797186419258852,0.009738208648208945,17
2026-05-14,2026-05-14 12:30:00,148029,102,Retail Sales m/m,USD,high,0.6,GBP/USD,15m,15,z=+1.00,0.31634400486142406,0.916344004861424,-0.02190884151672603,1.3631099999999998,1.3628113583904011,0.044641039690617175,-0.03603076679363365,0.1672479123713911,0.02797186419258852,0.009738208648208945,17
2026-05-14,2026-05-14 12:30:00,148029,102,Retail Sales m/m,USD,high,0.6,GBP/USD,15m,15,z=+2.00,0.6326880097228481,1.232688009722848,-0.007786916239818403,1.3631099999999998,1.3630038557660433,0.044641039690617175,-0.03603076679363365,0.1672479123713911,0.02797186419258852,0.009738208648208945,17
2026-05-14,2026-05-14 12:30:00,148029,102,Retail Sales m/m,USD,high,0.6,GBP/USD,15m,15,z=-0.50,-0.15817200243071203,0.4418279975692879,-0.043091729432087465,1.3631099999999998,1.362522612326938,0.044641039690617175,-0.03603076679363365,0.1672479123713911,0.02797186419258852,0.009738208648208945,17
2026-05-14,2026-05-14 12:30:00,148029,102,Retail Sales m/m,USD,high,0.6,GBP/USD,15m,15,z=-1.00,-0.31634400486142406,0.2836559951385759,-0.05015269207054127,1.3631099999999998,1.3624263636391172,0.044641039690617175,-0.03603076679363365,0.1672479123713911,0.02797186419258852,0.009738208648208945,17
2026-05-14,2026-05-14 12:30:00,148029,102,Retail Sales m/m,USD,high,0.6,GBP/USD,15m,15,z=-2.00,-0.6326880097228481,-0.03268800972284813,-0.0642746173474489,1.3631099999999998,1.362233866263475,0.044641039690617175,-0.03603076679363365,0.1672479123713911,0.02797186419258852,0.009738208648208945,17
2026-05-14,2026-05-14 12:30:00,148029,102,Retail Sales m/m,USD,high,0.6,GBP/USD,30m,30,z=+0.00,0.0,0.6,-0.03532012264810018,1.3631099999999998,1.3626285478761713,0.043478152672283076,-0.03532012264810018,0.13065116803679963,0.017069727709380055,0.007409151054095386,17
2026-05-14,2026-05-14 12:30:00,148029,102,Retail Sales m/m,USD,high,0.6,GBP/USD,30m,30,z=+0.50,0.15817200243071203,0.758172002430712,-0.02844309617793695,1.3631099999999998,1.3627222893116888,0.043478152672283076,-0.03532012264810018,0.13065116803679963,0.017069727709380055,0.007409151054095386,17
2026-05-14,2026-05-14 12:30:00,148029,102,Retail Sales m/m,USD,high,0.6,GBP/USD,30m,30,z=+1.00,0.31634400486142406,0.916344004861424,-0.021566069707773725,1.3631099999999998,1.3628160307472061,0.043478152672283076,-0.03532012264810018,0.13065116803679963,0.017069727709380055,0.007409151054095386,17
2026-05-14,2026-05-14 12:30:00,148029,102,Retail Sales m/m,USD,high,0.6,GBP/USD,30m,30,z=+2.00,0.6326880097228481,1.232688009722848,-0.00781201676744727,1.3631099999999998,1.363003513618241,0.043478152672283076,-0.03532012264810018,0.13065116803679963,0.017069727709380055,0.007409151054095386,17
2026-05-14,2026-05-14 12:30:00,148029,102,Retail Sales m/m,USD,high,0.6,GBP/USD,30m,30,z=-0.50,-0.15817200243071203,0.4418279975692879,-0.04219714911826341,1.3631099999999998,1.362534806440654,0.043478152672283076,-0.03532012264810018,0.13065116803679963,0.017069727709380055,0.007409151054095386,17
2026-05-14,2026-05-14 12:30:00,148029,102,Retail Sales m/m,USD,high,0.6,GBP/USD,30m,30,z=-1.00,-0.31634400486142406,0.2836559951385759,-0.04907417558842664,1.3631099999999998,1.3624410650051364,0.043478152672283076,-0.03532012264810018,0.13065116803679963,0.017069727709380055,0.007409151054095386,17
2026-05-14,2026-05-14 12:30:00,148029,102,Retail Sales m/m,USD,high,0.6,GBP/USD,30m,30,z=-2.00,-0.6326880097228481,-0.03268800972284813,-0.06282822852875308,1.3631099999999998,1.3622535821341015,0.043478152672283076,-0.03532012264810018,0.13065116803679963,0.017069727709380055,0.007409151054095386,17
2026-05-14,2026-05-14 12:30:00,148029,102,Retail Sales m/m,USD,high,0.6,GBP/USD,1h,60,z=+0.00,0.0,0.6,-0.008732843760877514,1.3631099999999998,1.362990961733411,-0.01872406442603655,-0.008732843760877514,-0.052148996962308194,0.002719517884174829,0.0012735915104875597,17
2026-05-14,2026-05-14 12:30:00,148029,102,Retail Sales m/m,USD,high,0.6,GBP/USD,1h,60,z=+0.50,0.15817200243071203,0.758172002430712,-0.011694466524785375,1.3631099999999998,1.3629505915573539,-0.01872406442603655,-0.008732843760877514,-0.052148996962308194,0.002719517884174829,0.0012735915104875597,17
2026-05-14,2026-05-14 12:30:00,148029,102,Retail Sales m/m,USD,high,0.6,GBP/USD,1h,60,z=+1.00,0.31634400486142406,0.916344004861424,-0.014656089288693237,1.3631099999999998,1.3629102213812967,-0.01872406442603655,-0.008732843760877514,-0.052148996962308194,0.002719517884174829,0.0012735915104875597,17
2026-05-14,2026-05-14 12:30:00,148029,102,Retail Sales m/m,USD,high,0.6,GBP/USD,1h,60,z=+2.00,0.6326880097228481,1.232688009722848,-0.020579334816508962,1.3631099999999998,1.3628294810291826,-0.01872406442603655,-0.008732843760877514,-0.052148996962308194,0.002719517884174829,0.0012735915104875597,17
2026-05-14,2026-05-14 12:30:00,148029,102,Retail Sales m/m,USD,high,0.6,GBP/USD,1h,60,z=-0.50,-0.15817200243071203,0.4418279975692879,-0.005771220996969653,1.3631099999999998,1.363031331909468,-0.01872406442603655,-0.008732843760877514,-0.052148996962308194,0.002719517884174829,0.0012735915104875597,17
2026-05-14,2026-05-14 12:30:00,148029,102,Retail Sales m/m,USD,high,0.6,GBP/USD,1h,60,z=-1.00,-0.31634400486142406,0.2836559951385759,-0.002809598233061791,1.3631099999999998,1.363071702085525,-0.01872406442603655,-0.008732843760877514,-0.052148996962308194,0.002719517884174829,0.0012735915104875597,17
2026-05-14,2026-05-14 12:30:00,148029,102,Retail Sales m/m,USD,high,0.6,GBP/USD,1h,60,z=-2.00,-0.6326880097228481,-0.03268800972284813,0.003113647294753932,1.3631099999999998,1.3631524424376393,-0.01872406442603655,-0.008732843760877514,-0.052148996962308194,0.002719517884174829,0.0012735915104875597,17
2026-05-14,2026-05-14 12:30:00,148029,102,Retail Sales m/m,USD,high,0.6,GBP/USD,2h,120,z=+0.00,0.0,0.6,-0.013945281296558263,1.3631099999999998,1.3629199104761183,0.13812304765295785,-0.013945281296558263,0.2640173669886431,0.06970517007161585,0.04756447604656848,17
2026-05-14,2026-05-14 12:30:00,148029,102,Retail Sales m/m,USD,high,0.6,GBP/USD,2h,120,z=+0.50,0.15817200243071203,0.758172002430712,0.007901917732542741,1.3631099999999998,1.363217711830804,0.13812304765295785,-0.013945281296558263,0.2640173669886431,0.06970517007161585,0.04756447604656848,17
2026-05-14,2026-05-14 12:30:00,148029,102,Retail Sales m/m,USD,high,0.6,GBP/USD,2h,120,z=+1.00,0.31634400486142406,0.916344004861424,0.029749116761643747,1.3631099999999998,1.3635155131854892,0.13812304765295785,-0.013945281296558263,0.2640173669886431,0.06970517007161585,0.04756447604656848,17
2026-05-14,2026-05-14 12:30:00,148029,102,Retail Sales m/m,USD,high,0.6,GBP/USD,2h,120,z=+2.00,0.6326880097228481,1.232688009722848,0.07344351481984575,1.3631099999999998,1.3641111158948604,0.13812304765295785,-0.013945281296558263,0.2640173669886431,0.06970517007161585,0.04756447604656848,17
2026-05-14,2026-05-14 12:30:00,148029,102,Retail Sales m/m,USD,high,0.6,GBP/USD,2h,120,z=-0.50,-0.15817200243071203,0.4418279975692879,-0.035792480325659265,1.3631099999999998,1.3626221091214328,0.13812304765295785,-0.013945281296558263,0.2640173669886431,0.06970517007161585,0.04756447604656848,17
2026-05-14,2026-05-14 12:30:00,148029,102,Retail Sales m/m,USD,high,0.6,GBP/USD,2h,120,z=-1.00,-0.31634400486142406,0.2836559951385759,-0.05763967935476027,1.3631099999999998,1.362324307766747,0.13812304765295785,-0.013945281296558263,0.2640173669886431,0.06970517007161585,0.04756447604656848,17
2026-05-14,2026-05-14 12:30:00,148029,102,Retail Sales m/m,USD,high,0.6,GBP/USD,2h,120,z=-2.00,-0.6326880097228481,-0.03268800972284813,-0.10133407741296228,1.3631099999999998,1.361728705057376,0.13812304765295785,-0.013945281296558263,0.2640173669886431,0.06970517007161585,0.04756447604656848,17
2026-05-14,2026-05-14 12:30:00,148029,102,Retail Sales m/m,USD,high,0.6,GBP/USD,4h,240,z=+0.00,0.0,0.6,0.010268105778115603,1.3631099999999998,1.3632499655766719,0.1331048450711619,0.010268105778115603,0.1959458701330772,0.03839478402220876,0.03401841287864469,17
2026-05-14,2026-05-14 12:30:00,148029,102,Retail Sales m/m,USD,high,0.6,GBP/USD,4h,240,z=+0.50,0.15817200243071203,0.758172002430712,0.03132156565625097,1.3631099999999998,1.363536947393617,0.1331048450711619,0.010268105778115603,0.1959458701330772,0.03839478402220876,0.03401841287864469,17
2026-05-14,2026-05-14 12:30:00,148029,102,Retail Sales m/m,USD,high,0.6,GBP/USD,4h,240,z=+1.00,0.31634400486142406,0.916344004861424,0.052375025534386346,1.3631099999999998,1.3638239292105616,0.1331048450711619,0.010268105778115603,0.1959458701330772,0.03839478402220876,0.03401841287864469,17
2026-05-14,2026-05-14 12:30:00,148029,102,Retail Sales m/m,USD,high,0.6,GBP/USD,4h,240,z=+2.00,0.6326880097228481,1.232688009722848,0.09448194529065708,1.3631099999999998,1.3643978928444511,0.1331048450711619,0.010268105778115603,0.1959458701330772,0.03839478402220876,0.03401841287864469,17
2026-05-14,2026-05-14 12:30:00,148029,102,Retail Sales m/m,USD,high,0.6,GBP/USD,4h,240,z=-0.50,-0.15817200243071203,0.4418279975692879,-0.010785354100019767,1.3631099999999998,1.362962983759727,0.1331048450711619,0.010268105778115603,0.1959458701330772,0.03839478402220876,0.03401841287864469,17
2026-05-14,2026-05-14 12:30:00,148029,102,Retail Sales m/m,USD,high,0.6,GBP/USD,4h,240,z=-1.00,-0.31634400486142406,0.2836559951385759,-0.031838813978155134,1.3631099999999998,1.3626760019427822,0.1331048450711619,0.010268105778115603,0.1959458701330772,0.03839478402220876,0.03401841287864469,17
2026-05-14,2026-05-14 12:30:00,148029,102,Retail Sales m/m,USD,high,0.6,GBP/USD,4h,240,z=-2.00,-0.6326880097228481,-0.03268800972284813,-0.07394573373442588,1.3631099999999998,1.3621020383088924,0.1331048450711619,0.010268105778115603,0.1959458701330772,0.03839478402220876,0.03401841287864469,17
2026-05-14,2026-05-14 12:30:00,148029,102,Retail Sales m/m,USD,high,0.6,GBP/USD,6h,360,z=+0.00,0.0,0.6,-0.06456349681302974,1.3631099999999998,1.3622299285185917,0.19199161580815435,-0.06456349681302974,0.20125890652500092,0.04050514745563906,0.05039894454357668,17
2026-05-14,2026-05-14 12:30:00,148029,102,Retail Sales m/m,USD,high,0.6,GBP/USD,6h,360,z=+0.50,0.15817200243071203,0.758172002430712,-0.03419579849074602,1.3631099999999998,1.3626438736511925,0.19199161580815435,-0.06456349681302974,0.20125890652500092,0.04050514745563906,0.05039894454357668,17
2026-05-14,2026-05-14 12:30:00,148029,102,Retail Sales m/m,USD,high,0.6,GBP/USD,6h,360,z=+1.00,0.31634400486142406,0.916344004861424,-0.0038281001684623006,1.3631099999999998,1.3630578187837936,0.19199161580815435,-0.06456349681302974,0.20125890652500092,0.04050514745563906,0.05039894454357668,17
2026-05-14,2026-05-14 12:30:00,148029,102,Retail Sales m/m,USD,high,0.6,GBP/USD,6h,360,z=+2.00,0.6326880097228481,1.232688009722848,0.05690729647610514,1.3631099999999998,1.363885709048995,0.19199161580815435,-0.06456349681302974,0.20125890652500092,0.04050514745563906,0.05039894454357668,17
2026-05-14,2026-05-14 12:30:00,148029,102,Retail Sales m/m,USD,high,0.6,GBP/USD,6h,360,z=-0.50,-0.15817200243071203,0.4418279975692879,-0.09493119513531345,1.3631099999999998,1.3618159833859909,0.19199161580815435,-0.06456349681302974,0.20125890652500092,0.04050514745563906,0.05039894454357668,17
2026-05-14,2026-05-14 12:30:00,148029,102,Retail Sales m/m,USD,high,0.6,GBP/USD,6h,360,z=-1.00,-0.31634400486142406,0.2836559951385759,-0.12529889345759718,1.3631099999999998,1.36140203825339,0.19199161580815435,-0.06456349681302974,0.20125890652500092,0.04050514745563906,0.05039894454357668,17
2026-05-14,2026-05-14 12:30:00,148029,102,Retail Sales m/m,USD,high,0.6,GBP/USD,6h,360,z=-2.00,-0.6326880097228481,-0.03268800972284813,-0.1860342901021646,1.3631099999999998,1.360574147988188,0.19199161580815435,-0.06456349681302974,0.20125890652500092,0.04050514745563906,0.05039894454357668,17
2026-05-14,2026-05-14 12:30:00,148029,102,Retail Sales m/m,USD,high,0.6,GBP/USD,12h,720,z=+0.00,0.0,0.6,-0.05788258017814696,1.3631099999999998,1.3623209967613334,0.4943590749124739,-0.05788258017814696,0.4472205792412373,0.20000624649686782,0.2431963070190707,15
2026-05-14,2026-05-14 12:30:00,148029,102,Retail Sales m/m,USD,high,0.6,GBP/USD,12h,720,z=+0.50,0.14200938936093863,0.7420093893609386,0.01232105017521197,1.3631099999999998,1.363277949467043,0.4943590749124739,-0.05788258017814696,0.4472205792412373,0.20000624649686782,0.2431963070190707,15
2026-05-14,2026-05-14 12:30:00,148029,102,Retail Sales m/m,USD,high,0.6,GBP/USD,12h,720,z=+1.00,0.28401877872187725,0.8840187787218772,0.0825246805285709,1.3631099999999998,1.3642349021727527,0.4943590749124739,-0.05788258017814696,0.4472205792412373,0.20000624649686782,0.2431963070190707,15
2026-05-14,2026-05-14 12:30:00,148029,102,Retail Sales m/m,USD,high,0.6,GBP/USD,12h,720,z=+2.00,0.5680375574437545,1.1680375574437545,0.22293194123528876,1.3631099999999998,1.3661488075841721,0.4943590749124739,-0.05788258017814696,0.4472205792412373,0.20000624649686782,0.2431963070190707,15
2026-05-14,2026-05-14 12:30:00,148029,102,Retail Sales m/m,USD,high,0.6,GBP/USD,12h,720,z=-0.50,-0.14200938936093863,0.4579906106390613,-0.12808621053150587,1.3631099999999998,1.3613640440556238,0.4943590749124739,-0.05788258017814696,0.4472205792412373,0.20000624649686782,0.2431963070190707,15
2026-05-14,2026-05-14 12:30:00,148029,102,Retail Sales m/m,USD,high,0.6,GBP/USD,12h,720,z=-1.00,-0.28401877872187725,0.3159812212781227,-0.19828984088486482,1.3631099999999998,1.360407091349914,0.4943590749124739,-0.05788258017814696,0.4472205792412373,0.20000624649686782,0.2431963070190707,15
2026-05-14,2026-05-14 12:30:00,148029,102,Retail Sales m/m,USD,high,0.6,GBP/USD,12h,720,z=-2.00,-0.5680375574437545,0.031962442556245474,-0.33869710159158267,1.3631099999999998,1.3584931859384948,0.4943590749124739,-0.05788258017814696,0.4472205792412373,0.20000624649686782,0.2431963070190707,15
2026-05-14,2026-05-14 12:30:00,148029,102,Retail Sales m/m,USD,high,0.6,USD/CAD,1m,1,z=+0.00,0.0,0.6,-0.012723865016263694,1.36764,1.3674659833324916,0.012455383032644483,-0.012723865016263694,0.15825929412944797,0.025046004178351126,0.0025710491625309272,17
2026-05-14,2026-05-14 12:30:00,148029,102,Retail Sales m/m,USD,high,0.6,USD/CAD,1m,1,z=+0.50,0.15817200243071203,0.758172002430712,-0.010753772140948801,1.36764,1.3674929271106915,0.012455383032644483,-0.012723865016263694,0.15825929412944797,0.025046004178351126,0.0025710491625309272,17
2026-05-14,2026-05-14 12:30:00,148029,102,Retail Sales m/m,USD,high,0.6,USD/CAD,1m,1,z=+1.00,0.31634400486142406,0.916344004861424,-0.00878367926563391,1.36764,1.3675198708888914,0.012455383032644483,-0.012723865016263694,0.15825929412944797,0.025046004178351126,0.0025710491625309272,17
2026-05-14,2026-05-14 12:30:00,148029,102,Retail Sales m/m,USD,high,0.6,USD/CAD,1m,1,z=+2.00,0.6326880097228481,1.232688009722848,-0.0048434935150041235,1.36764,1.3675737584452914,0.012455383032644483,-0.012723865016263694,0.15825929412944797,0.025046004178351126,0.0025710491625309272,17
2026-05-14,2026-05-14 12:30:00,148029,102,Retail Sales m/m,USD,high,0.6,USD/CAD,1m,1,z=-0.50,-0.15817200243071203,0.4418279975692879,-0.014693957891578588,1.36764,1.3674390395542917,0.012455383032644483,-0.012723865016263694,0.15825929412944797,0.025046004178351126,0.0025710491625309272,17
2026-05-14,2026-05-14 12:30:00,148029,102,Retail Sales m/m,USD,high,0.6,USD/CAD,1m,1,z=-1.00,-0.31634400486142406,0.2836559951385759,-0.01666405076689348,1.36764,1.3674120957760916,0.012455383032644483,-0.012723865016263694,0.15825929412944797,0.025046004178351126,0.0025710491625309272,17
2026-05-14,2026-05-14 12:30:00,148029,102,Retail Sales m/m,USD,high,0.6,USD/CAD,1m,1,z=-2.00,-0.6326880097228481,-0.03268800972284813,-0.020604236517523265,1.36764,1.3673582082196918,0.012455383032644483,-0.012723865016263694,0.15825929412944797,0.025046004178351126,0.0025710491625309272,17
2026-05-14,2026-05-14 12:30:00,148029,102,Retail Sales m/m,USD,high,0.6,USD/CAD,5m,5,z=+0.00,0.0,0.6,-0.015052459900866868,1.36764,1.3674341365374119,-0.001621399385648045,-0.015052459900866868,-0.019549495963215945,0.0003821827924157965,4.1343728295037586e-05,17
2026-05-14,2026-05-14 12:30:00,148029,102,Retail Sales m/m,USD,high,0.6,USD/CAD,5m,5,z=+0.50,0.15817200243071203,0.758172002430712,-0.015308919888434745,1.36764,1.3674306290880378,-0.001621399385648045,-0.015052459900866868,-0.019549495963215945,0.0003821827924157965,4.1343728295037586e-05,17
2026-05-14,2026-05-14 12:30:00,148029,102,Retail Sales m/m,USD,high,0.6,USD/CAD,5m,5,z=+1.00,0.31634400486142406,0.916344004861424,-0.015565379876002624,1.36764,1.3674271216386638,-0.001621399385648045,-0.015052459900866868,-0.019549495963215945,0.0003821827924157965,4.1343728295037586e-05,17
2026-05-14,2026-05-14 12:30:00,148029,102,Retail Sales m/m,USD,high,0.6,USD/CAD,5m,5,z=+2.00,0.6326880097228481,1.232688009722848,-0.01607829985113838,1.36764,1.3674201067399159,-0.001621399385648045,-0.015052459900866868,-0.019549495963215945,0.0003821827924157965,4.1343728295037586e-05,17
2026-05-14,2026-05-14 12:30:00,148029,102,Retail Sales m/m,USD,high,0.6,USD/CAD,5m,5,z=-0.50,-0.15817200243071203,0.4418279975692879,-0.014795999913298991,1.36764,1.3674376439867857,-0.001621399385648045,-0.015052459900866868,-0.019549495963215945,0.0003821827924157965,4.1343728295037586e-05,17
2026-05-14,2026-05-14 12:30:00,148029,102,Retail Sales m/m,USD,high,0.6,USD/CAD,5m,5,z=-1.00,-0.31634400486142406,0.2836559951385759,-0.014539539925731112,1.36764,1.3674411514361597,-0.001621399385648045,-0.015052459900866868,-0.019549495963215945,0.0003821827924157965,4.1343728295037586e-05,17
2026-05-14,2026-05-14 12:30:00,148029,102,Retail Sales m/m,USD,high,0.6,USD/CAD,5m,5,z=-2.00,-0.6326880097228481,-0.03268800972284813,-0.014026619950595358,1.36764,1.3674481663349076,-0.001621399385648045,-0.015052459900866868,-0.019549495963215945,0.0003821827924157965,4.1343728295037586e-05,17
2026-05-14,2026-05-14 12:30:00,148029,102,Retail Sales m/m,USD,high,0.6,USD/CAD,15m,15,z=+0.00,0.0,0.6,-0.01987411258810421,1.36764,1.3673681936866,-0.010926279985911629,-0.01987411258810421,-0.07293473918466221,0.005319476179934702,0.0010394194242318805,17
2026-05-14,2026-05-14 12:30:00,148029,102,Retail Sales m/m,USD,high,0.6,USD/CAD,15m,15,z=+0.50,0.15817200243071203,0.758172002430712,-0.021602344172594466,1.36764,1.3673445577001577,-0.010926279985911629,-0.01987411258810421,-0.07293473918466221,0.005319476179934702,0.0010394194242318805,17
2026-05-14,2026-05-14 12:30:00,148029,102,Retail Sales m/m,USD,high,0.6,USD/CAD,15m,15,z=+1.00,0.31634400486142406,0.916344004861424,-0.02333057575708472,1.36764,1.3673209217137157,-0.010926279985911629,-0.01987411258810421,-0.07293473918466221,0.005319476179934702,0.0010394194242318805,17
2026-05-14,2026-05-14 12:30:00,148029,102,Retail Sales m/m,USD,high,0.6,USD/CAD,15m,15,z=+2.00,0.6326880097228481,1.232688009722848,-0.026787038926065227,1.36764,1.3672736497408315,-0.010926279985911629,-0.01987411258810421,-0.07293473918466221,0.005319476179934702,0.0010394194242318805,17
2026-05-14,2026-05-14 12:30:00,148029,102,Retail Sales m/m,USD,high,0.6,USD/CAD,15m,15,z=-0.50,-0.15817200243071203,0.4418279975692879,-0.018145881003613955,1.36764,1.367391829673042,-0.010926279985911629,-0.01987411258810421,-0.07293473918466221,0.005319476179934702,0.0010394194242318805,17
2026-05-14,2026-05-14 12:30:00,148029,102,Retail Sales m/m,USD,high,0.6,USD/CAD,15m,15,z=-1.00,-0.31634400486142406,0.2836559951385759,-0.0164176494191237,1.36764,1.3674154656594844,-0.010926279985911629,-0.01987411258810421,-0.07293473918466221,0.005319476179934702,0.0010394194242318805,17
2026-05-14,2026-05-14 12:30:00,148029,102,Retail Sales m/m,USD,high,0.6,USD/CAD,15m,15,z=-2.00,-0.6326880097228481,-0.03268800972284813,-0.012961186250143194,1.36764,1.3674627376323685,-0.010926279985911629,-0.01987411258810421,-0.07293473918466221,0.005319476179934702,0.0010394194242318805,17
2026-05-14,2026-05-14 12:30:00,148029,102,Retail Sales m/m,USD,high,0.6,USD/CAD,30m,30,z=+0.00,0.0,0.6,-0.029535845166707535,1.36764,1.3672360559671621,-0.01245894403914871,-0.029535845166707535,-0.06444612619910998,0.00415330318207161,0.001047278340463459,17
2026-05-14,2026-05-14 12:30:00,148029,102,Retail Sales m/m,USD,high,0.6,USD/CAD,30m,30,z=+0.50,0.15817200243071203,0.758172002430712,-0.03150650129355187,1.36764,1.3672091044857089,-0.01245894403914871,-0.029535845166707535,-0.06444612619910998,0.00415330318207161,0.001047278340463459,17
2026-05-14,2026-05-14 12:30:00,148029,102,Retail Sales m/m,USD,high,0.6,USD/CAD,30m,30,z=+1.00,0.31634400486142406,0.916344004861424,-0.033477157420396204,1.36764,1.3671821530042558,-0.01245894403914871,-0.029535845166707535,-0.06444612619910998,0.00415330318207161,0.001047278340463459,17
2026-05-14,2026-05-14 12:30:00,148029,102,Retail Sales m/m,USD,high,0.6,USD/CAD,30m,30,z=+2.00,0.6326880097228481,1.232688009722848,-0.037418469674084874,1.36764,1.3671282500413493,-0.01245894403914871,-0.029535845166707535,-0.06444612619910998,0.00415330318207161,0.001047278340463459,17
2026-05-14,2026-05-14 12:30:00,148029,102,Retail Sales m/m,USD,high,0.6,USD/CAD,30m,30,z=-0.50,-0.15817200243071203,0.4418279975692879,-0.0275651890398632,1.36764,1.3672630074486152,-0.01245894403914871,-0.029535845166707535,-0.06444612619910998,0.00415330318207161,0.001047278340463459,17
2026-05-14,2026-05-14 12:30:00,148029,102,Retail Sales m/m,USD,high,0.6,USD/CAD,30m,30,z=-1.00,-0.31634400486142406,0.2836559951385759,-0.025594532913018865,1.36764,1.3672899589300684,-0.01245894403914871,-0.029535845166707535,-0.06444612619910998,0.00415330318207161,0.001047278340463459,17
2026-05-14,2026-05-14 12:30:00,148029,102,Retail Sales m/m,USD,high,0.6,USD/CAD,30m,30,z=-2.00,-0.6326880097228481,-0.03268800972284813,-0.021653220659330195,1.36764,1.3673438618929747,-0.01245894403914871,-0.029535845166707535,-0.06444612619910998,0.00415330318207161,0.001047278340463459,17
2026-05-14,2026-05-14 12:30:00,148029,102,Retail Sales m/m,USD,high,0.6,USD/CAD,1h,60,z=+0.00,0.0,0.6,-0.04046054954154089,1.36764,1.36708664534025,-0.002536397800678371,-0.04046054954154089,-0.009309606602673135,8.666877509653523e-05,3.0798727009830625e-05,17
2026-05-14,2026-05-14 12:30:00,148029,102,Retail Sales m/m,USD,high,0.6,USD/CAD,1h,60,z=+0.50,0.15817200243071203,0.758172002430712,-0.040861736660635035,1.36764,1.3670811585447344,-0.002536397800678371,-0.04046054954154089,-0.009309606602673135,8.666877509653523e-05,3.0798727009830625e-05,17
2026-05-14,2026-05-14 12:30:00,148029,102,Retail Sales m/m,USD,high,0.6,USD/CAD,1h,60,z=+1.00,0.31634400486142406,0.916344004861424,-0.04126292377972919,1.36764,1.367075671749219,-0.002536397800678371,-0.04046054954154089,-0.009309606602673135,8.666877509653523e-05,3.0798727009830625e-05,17
2026-05-14,2026-05-14 12:30:00,148029,102,Retail Sales m/m,USD,high,0.6,USD/CAD,1h,60,z=+2.00,0.6326880097228481,1.232688009722848,-0.042065298017917495,1.36764,1.3670646981581878,-0.002536397800678371,-0.04046054954154089,-0.009309606602673135,8.666877509653523e-05,3.0798727009830625e-05,17
2026-05-14,2026-05-14 12:30:00,148029,102,Retail Sales m/m,USD,high,0.6,USD/CAD,1h,60,z=-0.50,-0.15817200243071203,0.4418279975692879,-0.04005936242244674,1.36764,1.3670921321357656,-0.002536397800678371,-0.04046054954154089,-0.009309606602673135,8.666877509653523e-05,3.0798727009830625e-05,17
2026-05-14,2026-05-14 12:30:00,148029,102,Retail Sales m/m,USD,high,0.6,USD/CAD,1h,60,z=-1.00,-0.31634400486142406,0.2836559951385759,-0.03965817530335258,1.36764,1.3670976189312813,-0.002536397800678371,-0.04046054954154089,-0.009309606602673135,8.666877509653523e-05,3.0798727009830625e-05,17
2026-05-14,2026-05-14 12:30:00,148029,102,Retail Sales m/m,USD,high,0.6,USD/CAD,1h,60,z=-2.00,-0.6326880097228481,-0.03268800972284813,-0.03885580106516428,1.36764,1.3671085925223123,-0.002536397800678371,-0.04046054954154089,-0.009309606602673135,8.666877509653523e-05,3.0798727009830625e-05,17
2026-05-14,2026-05-14 12:30:00,148029,102,Retail Sales m/m,USD,high,0.6,USD/CAD,2h,120,z=+0.00,0.0,0.6,-0.05329716636826226,1.36764,1.3669110866338812,-0.08223224935158725,-0.05329716636826226,-0.1762272477885442,0.03105604286312496,0.018901631749807673,17
2026-05-14,2026-05-14 12:30:00,148029,102,Retail Sales m/m,USD,high,0.6,USD/CAD,2h,120,z=+0.50,0.15817200243071203,0.758172002430712,-0.06630400591258444,1.36764,1.366733199893537,-0.08223224935158725,-0.05329716636826226,-0.1762272477885442,0.03105604286312496,0.018901631749807673,17
2026-05-14,2026-05-14 12:30:00,148029,102,Retail Sales m/m,USD,high,0.6,USD/CAD,2h,120,z=+1.00,0.31634400486142406,0.916344004861424,-0.07931084545690661,1.36764,1.3665553131531931,-0.08223224935158725,-0.05329716636826226,-0.1762272477885442,0.03105604286312496,0.018901631749807673,17
2026-05-14,2026-05-14 12:30:00,148029,102,Retail Sales m/m,USD,high,0.6,USD/CAD,2h,120,z=+2.00,0.6326880097228481,1.232688009722848,-0.10532452454555097,1.36764,1.3661995396725053,-0.08223224935158725,-0.05329716636826226,-0.1762272477885442,0.03105604286312496,0.018901631749807673,17
2026-05-14,2026-05-14 12:30:00,148029,102,Retail Sales m/m,USD,high,0.6,USD/CAD,2h,120,z=-0.50,-0.15817200243071203,0.4418279975692879,-0.040290326823940084,1.36764,1.367088973374225,-0.08223224935158725,-0.05329716636826226,-0.1762272477885442,0.03105604286312496,0.018901631749807673,17
2026-05-14,2026-05-14 12:30:00,148029,102,Retail Sales m/m,USD,high,0.6,USD/CAD,2h,120,z=-1.00,-0.31634400486142406,0.2836559951385759,-0.027283487279617907,1.36764,1.367266860114569,-0.08223224935158725,-0.05329716636826226,-0.1762272477885442,0.03105604286312496,0.018901631749807673,17
2026-05-14,2026-05-14 12:30:00,148029,102,Retail Sales m/m,USD,high,0.6,USD/CAD,2h,120,z=-2.00,-0.6326880097228481,-0.03268800972284813,-0.0012698081909735537,1.36764,1.367622633595257,-0.08223224935158725,-0.05329716636826226,-0.1762272477885442,0.03105604286312496,0.018901631749807673,17
2026-05-14,2026-05-14 12:30:00,148029,102,Retail Sales m/m,USD,high,0.6,USD/CAD,4h,240,z=+0.00,0.0,0.6,-0.08315985884457704,1.36764,1.3665026725064982,-0.03283103651584933,-0.08315985884457704,-0.05666019529970792,0.003210377731401044,0.0024263124706930326,17
2026-05-14,2026-05-14 12:30:00,148029,102,Retail Sales m/m,USD,high,0.6,USD/CAD,4h,240,z=+0.50,0.15817200243071203,0.758172002430712,-0.08835280963216476,1.36764,1.3664316516343467,-0.03283103651584933,-0.08315985884457704,-0.05666019529970792,0.003210377731401044,0.0024263124706930326,17
2026-05-14,2026-05-14 12:30:00,148029,102,Retail Sales m/m,USD,high,0.6,USD/CAD,4h,240,z=+1.00,0.31634400486142406,0.916344004861424,-0.09354576041975246,1.36764,1.3663606307621952,-0.03283103651584933,-0.08315985884457704,-0.05666019529970792,0.003210377731401044,0.0024263124706930326,17
2026-05-14,2026-05-14 12:30:00,148029,102,Retail Sales m/m,USD,high,0.6,USD/CAD,4h,240,z=+2.00,0.6326880097228481,1.232688009722848,-0.1039316619949279,1.36764,1.3662185890178926,-0.03283103651584933,-0.08315985884457704,-0.05666019529970792,0.003210377731401044,0.0024263124706930326,17
2026-05-14,2026-05-14 12:30:00,148029,102,Retail Sales m/m,USD,high,0.6,USD/CAD,4h,240,z=-0.50,-0.15817200243071203,0.4418279975692879,-0.07796690805698932,1.36764,1.3665736933786494,-0.03283103651584933,-0.08315985884457704,-0.05666019529970792,0.003210377731401044,0.0024263124706930326,17
2026-05-14,2026-05-14 12:30:00,148029,102,Retail Sales m/m,USD,high,0.6,USD/CAD,4h,240,z=-1.00,-0.31634400486142406,0.2836559951385759,-0.07277395726940161,1.36764,1.3666447142508007,-0.03283103651584933,-0.08315985884457704,-0.05666019529970792,0.003210377731401044,0.0024263124706930326,17
2026-05-14,2026-05-14 12:30:00,148029,102,Retail Sales m/m,USD,high,0.6,USD/CAD,4h,240,z=-2.00,-0.6326880097228481,-0.03268800972284813,-0.062388055694226174,1.36764,1.3667867559951035,-0.03283103651584933,-0.08315985884457704,-0.05666019529970792,0.003210377731401044,0.0024263124706930326,17
2026-05-14,2026-05-14 12:30:00,148029,102,Retail Sales m/m,USD,high,0.6,USD/CAD,6h,360,z=+0.00,0.0,0.6,-0.062465671128679956,1.36764,1.3667856944953758,-0.09089334757112763,-0.062465671128679956,-0.11299480315263874,0.012767825539503577,0.013395984539714061,17
2026-05-14,2026-05-14 12:30:00,148029,102,Retail Sales m/m,USD,high,0.6,USD/CAD,6h,360,z=+0.50,0.15817200243071203,0.758172002430712,-0.07684245392163591,1.36764,1.3665890718631861,-0.09089334757112763,-0.062465671128679956,-0.11299480315263874,0.012767825539503577,0.013395984539714061,17
2026-05-14,2026-05-14 12:30:00,148029,102,Retail Sales m/m,USD,high,0.6,USD/CAD,6h,360,z=+1.00,0.31634400486142406,0.916344004861424,-0.09121923671459187,1.36764,1.3663924492309965,-0.09089334757112763,-0.062465671128679956,-0.11299480315263874,0.012767825539503577,0.013395984539714061,17
2026-05-14,2026-05-14 12:30:00,148029,102,Retail Sales m/m,USD,high,0.6,USD/CAD,6h,360,z=+2.00,0.6326880097228481,1.232688009722848,-0.11997280230050376,1.36764,1.3659992039666173,-0.09089334757112763,-0.062465671128679956,-0.11299480315263874,0.012767825539503577,0.013395984539714061,17
2026-05-14,2026-05-14 12:30:00,148029,102,Retail Sales m/m,USD,high,0.6,USD/CAD,6h,360,z=-0.50,-0.15817200243071203,0.4418279975692879,-0.048088888335724,1.36764,1.3669823171275652,-0.09089334757112763,-0.062465671128679956,-0.11299480315263874,0.012767825539503577,0.013395984539714061,17
2026-05-14,2026-05-14 12:30:00,148029,102,Retail Sales m/m,USD,high,0.6,USD/CAD,6h,360,z=-1.00,-0.31634400486142406,0.2836559951385759,-0.03371210554276805,1.36764,1.367178939759755,-0.09089334757112763,-0.062465671128679956,-0.11299480315263874,0.012767825539503577,0.013395984539714061,17
2026-05-14,2026-05-14 12:30:00,148029,102,Retail Sales m/m,USD,high,0.6,USD/CAD,6h,360,z=-2.00,-0.6326880097228481,-0.03268800972284813,-0.004958539956856148,1.36764,1.367572185024134,-0.09089334757112763,-0.062465671128679956,-0.11299480315263874,0.012767825539503577,0.013395984539714061,17
2026-05-14,2026-05-14 12:30:00,148029,102,Retail Sales m/m,USD,high,0.6,USD/CAD,12h,720,z=+0.00,0.0,0.6,-0.08842113674206677,1.36764,1.3664307171654608,-0.34681852001435964,-0.08842113674206677,-0.29033115081445343,0.0842921771332449,0.11076144204348805,15
2026-05-14,2026-05-14 12:30:00,148029,102,Retail Sales m/m,USD,high,0.6,USD/CAD,12h,720,z=+0.50,0.14200938936093863,0.7420093893609386,-0.13767262298837046,1.36764,1.3657571341389618,-0.34681852001435964,-0.08842113674206677,-0.29033115081445343,0.0842921771332449,0.11076144204348805,15
2026-05-14,2026-05-14 12:30:00,148029,102,Retail Sales m/m,USD,high,0.6,USD/CAD,12h,720,z=+1.00,0.28401877872187725,0.8840187787218772,-0.18692410923467412,1.36764,1.3650835511124628,-0.34681852001435964,-0.08842113674206677,-0.29033115081445343,0.0842921771332449,0.11076144204348805,15
2026-05-14,2026-05-14 12:30:00,148029,102,Retail Sales m/m,USD,high,0.6,USD/CAD,12h,720,z=+2.00,0.5680375574437545,1.1680375574437545,-0.2854270817272815,1.36764,1.3637363850594648,-0.34681852001435964,-0.08842113674206677,-0.29033115081445343,0.0842921771332449,0.11076144204348805,15
2026-05-14,2026-05-14 12:30:00,148029,102,Retail Sales m/m,USD,high,0.6,USD/CAD,12h,720,z=-0.50,-0.14200938936093863,0.4579906106390613,-0.039169650495763084,1.36764,1.3671043001919596,-0.34681852001435964,-0.08842113674206677,-0.29033115081445343,0.0842921771332449,0.11076144204348805,15
2026-05-14,2026-05-14 12:30:00,148029,102,Retail Sales m/m,USD,high,0.6,USD/CAD,12h,720,z=-1.00,-0.28401877872187725,0.3159812212781227,0.0100818357505406,1.36764,1.3677778832184586,-0.34681852001435964,-0.08842113674206677,-0.29033115081445343,0.0842921771332449,0.11076144204348805,15
2026-05-14,2026-05-14 12:30:00,148029,102,Retail Sales m/m,USD,high,0.6,USD/CAD,12h,720,z=-2.00,-0.5680375574437545,0.031962442556245474,0.10858480824314796,1.36764,1.3691250492714564,-0.34681852001435964,-0.08842113674206677,-0.29033115081445343,0.0842921771332449,0.11076144204348805,15
2026-05-14,2026-05-14 12:30:00,148029,102,Retail Sales m/m,USD,high,0.6,USD/JPY,1m,1,z=+0.00,0.0,0.6,-0.05141563553075796,156.67450000000002,156.59394481011037,0.09259639638317799,-0.05141563553075796,0.3343302742320115,0.11177673226805201,0.04037884191695486,17
2026-05-14,2026-05-14 12:30:00,148029,102,Retail Sales m/m,USD,high,0.6,USD/JPY,1m,1,z=+0.50,0.15817200243071203,0.758172002430712,-0.03676947809696276,156.67450000000002,156.61689160403898,0.09259639638317799,-0.05141563553075796,0.3343302742320115,0.11177673226805201,0.04037884191695486,17
2026-05-14,2026-05-14 12:30:00,148029,102,Retail Sales m/m,USD,high,0.6,USD/JPY,1m,1,z=+1.00,0.31634400486142406,0.916344004861424,-0.022123320663167554,156.67450000000002,156.6398383979676,0.09259639638317799,-0.05141563553075796,0.3343302742320115,0.11177673226805201,0.04037884191695486,17
2026-05-14,2026-05-14 12:30:00,148029,102,Retail Sales m/m,USD,high,0.6,USD/JPY,1m,1,z=+2.00,0.6326880097228481,1.232688009722848,0.007168994204422852,156.67450000000002,156.68573198582484,0.09259639638317799,-0.05141563553075796,0.3343302742320115,0.11177673226805201,0.04037884191695486,17
2026-05-14,2026-05-14 12:30:00,148029,102,Retail Sales m/m,USD,high,0.6,USD/JPY,1m,1,z=-0.50,-0.15817200243071203,0.4418279975692879,-0.06606179296455317,156.67450000000002,156.57099801618176,0.09259639638317799,-0.05141563553075796,0.3343302742320115,0.11177673226805201,0.04037884191695486,17
2026-05-14,2026-05-14 12:30:00,148029,102,Retail Sales m/m,USD,high,0.6,USD/JPY,1m,1,z=-1.00,-0.31634400486142406,0.2836559951385759,-0.08070795039834837,156.67450000000002,156.54805122225315,0.09259639638317799,-0.05141563553075796,0.3343302742320115,0.11177673226805201,0.04037884191695486,17
2026-05-14,2026-05-14 12:30:00,148029,102,Retail Sales m/m,USD,high,0.6,USD/JPY,1m,1,z=-2.00,-0.6326880097228481,-0.03268800972284813,-0.11000026526593877,156.67450000000002,156.50215763439593,0.09259639638317799,-0.05141563553075796,0.3343302742320115,0.11177673226805201,0.04037884191695486,17
2026-05-14,2026-05-14 12:30:00,148029,102,Retail Sales m/m,USD,high,0.6,USD/JPY,5m,5,z=+0.00,0.0,0.6,-0.05761404201496444,156.67450000000002,156.5842334877433,0.0817046079186306,-0.05761404201496444,0.2900638676415319,0.08413704731116414,0.030911797007969633,17
2026-05-14,2026-05-14 12:30:00,148029,102,Retail Sales m/m,USD,high,0.6,USD/JPY,5m,5,z=+0.50,0.15817200243071203,0.758172002430712,-0.04469066057265843,156.67450000000002,156.6044811310011,0.0817046079186306,-0.05761404201496444,0.2900638676415319,0.08413704731116414,0.030911797007969633,17
2026-05-14,2026-05-14 12:30:00,148029,102,Retail Sales m/m,USD,high,0.6,USD/JPY,5m,5,z=+1.00,0.31634400486142406,0.916344004861424,-0.03176727913035241,156.67450000000002,156.62472877425893,0.0817046079186306,-0.05761404201496444,0.2900638676415319,0.08413704731116414,0.030911797007969633,17
2026-05-14,2026-05-14 12:30:00,148029,102,Retail Sales m/m,USD,high,0.6,USD/JPY,5m,5,z=+2.00,0.6326880097228481,1.232688009722848,-0.005920516245740387,156.67450000000002,156.6652240607746,0.0817046079186306,-0.05761404201496444,0.2900638676415319,0.08413704731116414,0.030911797007969633,17
2026-05-14,2026-05-14 12:30:00,148029,102,Retail Sales m/m,USD,high,0.6,USD/JPY,5m,5,z=-0.50,-0.15817200243071203,0.4418279975692879,-0.07053742345727045,156.67450000000002,156.56398584448544,0.0817046079186306,-0.05761404201496444,0.2900638676415319,0.08413704731116414,0.030911797007969633,17
2026-05-14,2026-05-14 12:30:00,148029,102,Retail Sales m/m,USD,high,0.6,USD/JPY,5m,5,z=-1.00,-0.31634400486142406,0.2836559951385759,-0.08346080489957647,156.67450000000002,156.54373820122765,0.0817046079186306,-0.05761404201496444,0.2900638676415319,0.08413704731116414,0.030911797007969633,17
2026-05-14,2026-05-14 12:30:00,148029,102,Retail Sales m/m,USD,high,0.6,USD/JPY,5m,5,z=-2.00,-0.6326880097228481,-0.03268800972284813,-0.10930756778418849,156.67450000000002,156.503242914712,0.0817046079186306,-0.05761404201496444,0.2900638676415319,0.08413704731116414,0.030911797007969633,17
2026-05-14,2026-05-14 12:30:00,148029,102,Retail Sales m/m,USD,high,0.6,USD/JPY,15m,15,z=+0.00,0.0,0.6,-0.06927724275923249,156.67450000000002,156.5659602262932,0.037809663249668196,-0.06927724275923249,0.10731161405461706,0.011515782511007086,0.005292167794034905,17
2026-05-14,2026-05-14 12:30:00,148029,102,Retail Sales m/m,USD,high,0.6,USD/JPY,15m,15,z=+0.50,0.15817200243071203,0.758172002430712,-0.06329681261180156,156.67450000000002,156.57533003532455,0.037809663249668196,-0.06927724275923249,0.10731161405461706,0.011515782511007086,0.005292167794034905,17
2026-05-14,2026-05-14 12:30:00,148029,102,Retail Sales m/m,USD,high,0.6,USD/JPY,15m,15,z=+1.00,0.31634400486142406,0.916344004861424,-0.057316382464370645,156.67450000000002,156.5846998443559,0.037809663249668196,-0.06927724275923249,0.10731161405461706,0.011515782511007086,0.005292167794034905,17
2026-05-14,2026-05-14 12:30:00,148029,102,Retail Sales m/m,USD,high,0.6,USD/JPY,15m,15,z=+2.00,0.6326880097228481,1.232688009722848,-0.045355522169508805,156.67450000000002,156.60343946241855,0.037809663249668196,-0.06927724275923249,0.10731161405461706,0.011515782511007086,0.005292167794034905,17
2026-05-14,2026-05-14 12:30:00,148029,102,Retail Sales m/m,USD,high,0.6,USD/JPY,15m,15,z=-0.50,-0.15817200243071203,0.4418279975692879,-0.07525767290666341,156.67450000000002,156.55659041726187,0.037809663249668196,-0.06927724275923249,0.10731161405461706,0.011515782511007086,0.005292167794034905,17
2026-05-14,2026-05-14 12:30:00,148029,102,Retail Sales m/m,USD,high,0.6,USD/JPY,15m,15,z=-1.00,-0.31634400486142406,0.2836559951385759,-0.08123810305409433,156.67450000000002,156.54722060823053,0.037809663249668196,-0.06927724275923249,0.10731161405461706,0.011515782511007086,0.005292167794034905,17
2026-05-14,2026-05-14 12:30:00,148029,102,Retail Sales m/m,USD,high,0.6,USD/JPY,15m,15,z=-2.00,-0.6326880097228481,-0.03268800972284813,-0.09319896334895617,156.67450000000002,156.52848099016785,0.037809663249668196,-0.06927724275923249,0.10731161405461706,0.011515782511007086,0.005292167794034905,17
2026-05-14,2026-05-14 12:30:00,148029,102,Retail Sales m/m,USD,high,0.6,USD/JPY,30m,30,z=+0.00,0.0,0.6,-0.08191070220110908,156.67450000000002,156.54616681687995,0.06978275731216244,-0.08191070220110908,0.19719484736536297,0.0388858078274488,0.01794848339252482,17
2026-05-14,2026-05-14 12:30:00,148029,102,Retail Sales m/m,USD,high,0.6,USD/JPY,30m,30,z=+0.50,0.15817200243071203,0.758172002430712,-0.07087302374190793,156.67450000000002,156.5634600444175,0.06978275731216244,-0.08191070220110908,0.19719484736536297,0.0388858078274488,0.01794848339252482,17
2026-05-14,2026-05-14 12:30:00,148029,102,Retail Sales m/m,USD,high,0.6,USD/JPY,30m,30,z=+1.00,0.31634400486142406,0.916344004861424,-0.05983534528270679,156.67450000000002,156.58075327195507,0.06978275731216244,-0.08191070220110908,0.19719484736536297,0.0388858078274488,0.01794848339252482,17
2026-05-14,2026-05-14 12:30:00,148029,102,Retail Sales m/m,USD,high,0.6,USD/JPY,30m,30,z=+2.00,0.6326880097228481,1.232688009722848,-0.0377599883643045,156.67450000000002,156.6153397270302,0.06978275731216244,-0.08191070220110908,0.19719484736536297,0.0388858078274488,0.01794848339252482,17
2026-05-14,2026-05-14 12:30:00,148029,102,Retail Sales m/m,USD,high,0.6,USD/JPY,30m,30,z=-0.50,-0.15817200243071203,0.4418279975692879,-0.09294838066031022,156.67450000000002,156.5288735893424,0.06978275731216244,-0.08191070220110908,0.19719484736536297,0.0388858078274488,0.01794848339252482,17
2026-05-14,2026-05-14 12:30:00,148029,102,Retail Sales m/m,USD,high,0.6,USD/JPY,30m,30,z=-1.00,-0.31634400486142406,0.2836559951385759,-0.10398605911951136,156.67450000000002,156.51158036180482,0.06978275731216244,-0.08191070220110908,0.19719484736536297,0.0388858078274488,0.01794848339252482,17
2026-05-14,2026-05-14 12:30:00,148029,102,Retail Sales m/m,USD,high,0.6,USD/JPY,30m,30,z=-2.00,-0.6326880097228481,-0.03268800972284813,-0.12606141603791365,156.67450000000002,156.4769939067297,0.06978275731216244,-0.08191070220110908,0.19719484736536297,0.0388858078274488,0.01794848339252482,17
2026-05-14,2026-05-14 12:30:00,148029,102,Retail Sales m/m,USD,high,0.6,USD/JPY,1h,60,z=+0.00,0.0,0.6,-0.11891077479515504,156.67450000000002,156.4881971381436,0.006783900059241343,-0.11891077479515504,0.013171148503910953,0.00017347915291207575,0.0001165432585441625,17
2026-05-14,2026-05-14 12:30:00,148029,102,Retail Sales m/m,USD,high,0.6,USD/JPY,1h,60,z=+0.50,0.15817200243071203,0.758172002430712,-0.117837751738495,156.67450000000002,156.4898782916525,0.006783900059241343,-0.11891077479515504,0.013171148503910953,0.00017347915291207575,0.0001165432585441625,17
2026-05-14,2026-05-14 12:30:00,148029,102,Retail Sales m/m,USD,high,0.6,USD/JPY,1h,60,z=+1.00,0.31634400486142406,0.916344004861424,-0.11676472868183498,156.67450000000002,156.49155944516139,0.006783900059241343,-0.11891077479515504,0.013171148503910953,0.00017347915291207575,0.0001165432585441625,17
2026-05-14,2026-05-14 12:30:00,148029,102,Retail Sales m/m,USD,high,0.6,USD/JPY,1h,60,z=+2.00,0.6326880097228481,1.232688009722848,-0.11461868256851492,156.67450000000002,156.4949217521792,0.006783900059241343,-0.11891077479515504,0.013171148503910953,0.00017347915291207575,0.0001165432585441625,17
2026-05-14,2026-05-14 12:30:00,148029,102,Retail Sales m/m,USD,high,0.6,USD/JPY,1h,60,z=-0.50,-0.15817200243071203,0.4418279975692879,-0.11998379785181507,156.67450000000002,156.48651598463468,0.006783900059241343,-0.11891077479515504,0.013171148503910953,0.00017347915291207575,0.0001165432585441625,17
2026-05-14,2026-05-14 12:30:00,148029,102,Retail Sales m/m,USD,high,0.6,USD/JPY,1h,60,z=-1.00,-0.31634400486142406,0.2836559951385759,-0.1210568209084751,156.67450000000002,156.48483483112577,0.006783900059241343,-0.11891077479515504,0.013171148503910953,0.00017347915291207575,0.0001165432585441625,17
2026-05-14,2026-05-14 12:30:00,148029,102,Retail Sales m/m,USD,high,0.6,USD/JPY,1h,60,z=-2.00,-0.6326880097228481,-0.03268800972284813,-0.12320286702179516,156.67450000000002,156.48147252410794,0.006783900059241343,-0.11891077479515504,0.013171148503910953,0.00017347915291207575,0.0001165432585441625,17
2026-05-14,2026-05-14 12:30:00,148029,102,Retail Sales m/m,USD,high,0.6,USD/JPY,2h,120,z=+0.00,0.0,0.6,-0.1785583858368689,156.67450000000002,156.39474454178205,-0.0791103014796412,-0.1785583858368689,-0.13150346693267317,0.017293161815312666,0.013569202112314485,17
2026-05-14,2026-05-14 12:30:00,148029,102,Retail Sales m/m,USD,high,0.6,USD/JPY,2h,120,z=+0.50,0.15817200243071203,0.758172002430712,-0.19107142063480106,156.67450000000002,156.37513980707755,-0.0791103014796412,-0.1785583858368689,-0.13150346693267317,0.017293161815312666,0.013569202112314485,17
2026-05-14,2026-05-14 12:30:00,148029,102,Retail Sales m/m,USD,high,0.6,USD/JPY,2h,120,z=+1.00,0.31634400486142406,0.916344004861424,-0.20358445543273324,156.67450000000002,156.35553507237307,-0.0791103014796412,-0.1785583858368689,-0.13150346693267317,0.017293161815312666,0.013569202112314485,17
2026-05-14,2026-05-14 12:30:00,148029,102,Retail Sales m/m,USD,high,0.6,USD/JPY,2h,120,z=+2.00,0.6326880097228481,1.232688009722848,-0.22861052502859758,156.67450000000002,156.3163256029641,-0.0791103014796412,-0.1785583858368689,-0.13150346693267317,0.017293161815312666,0.013569202112314485,17
2026-05-14,2026-05-14 12:30:00,148029,102,Retail Sales m/m,USD,high,0.6,USD/JPY,2h,120,z=-0.50,-0.15817200243071203,0.4418279975692879,-0.16604535103893672,156.67450000000002,156.41434927648652,-0.0791103014796412,-0.1785583858368689,-0.13150346693267317,0.017293161815312666,0.013569202112314485,17
2026-05-14,2026-05-14 12:30:00,148029,102,Retail Sales m/m,USD,high,0.6,USD/JPY,2h,120,z=-1.00,-0.31634400486142406,0.2836559951385759,-0.15353231624100455,156.67450000000002,156.43395401119102,-0.0791103014796412,-0.1785583858368689,-0.13150346693267317,0.017293161815312666,0.013569202112314485,17
2026-05-14,2026-05-14 12:30:00,148029,102,Retail Sales m/m,USD,high,0.6,USD/JPY,2h,120,z=-2.00,-0.6326880097228481,-0.03268800972284813,-0.1285062466451402,156.67450000000002,156.47316348059996,-0.0791103014796412,-0.1785583858368689,-0.13150346693267317,0.017293161815312666,0.013569202112314485,17
2026-05-14,2026-05-14 12:30:00,148029,102,Retail Sales m/m,USD,high,0.6,USD/JPY,4h,240,z=+0.00,0.0,0.6,-0.19538401121078816,156.67450000000002,156.3683830773556,-0.029576747575791113,-0.19538401121078816,-0.03821942793405344,0.0014607246716063043,0.0014744113527358773,17
2026-05-14,2026-05-14 12:30:00,148029,102,Retail Sales m/m,USD,high,0.6,USD/JPY,4h,240,z=+0.50,0.15817200243071203,0.758172002430712,-0.20006222460023876,156.67450000000002,156.36105350991872,-0.029576747575791113,-0.19538401121078816,-0.03821942793405344,0.0014607246716063043,0.0014744113527358773,17
2026-05-14,2026-05-14 12:30:00,148029,102,Retail Sales m/m,USD,high,0.6,USD/JPY,4h,240,z=+1.00,0.31634400486142406,0.916344004861424,-0.20474043798968933,156.67450000000002,156.35372394248185,-0.029576747575791113,-0.19538401121078816,-0.03821942793405344,0.0014607246716063043,0.0014744113527358773,17
2026-05-14,2026-05-14 12:30:00,148029,102,Retail Sales m/m,USD,high,0.6,USD/JPY,4h,240,z=+2.00,0.6326880097228481,1.232688009722848,-0.21409686476859052,156.67450000000002,156.33906480760817,-0.029576747575791113,-0.19538401121078816,-0.03821942793405344,0.0014607246716063043,0.0014744113527358773,17
2026-05-14,2026-05-14 12:30:00,148029,102,Retail Sales m/m,USD,high,0.6,USD/JPY,4h,240,z=-0.50,-0.15817200243071203,0.4418279975692879,-0.19070579782133756,156.67450000000002,156.37571264479243,-0.029576747575791113,-0.19538401121078816,-0.03821942793405344,0.0014607246716063043,0.0014744113527358773,17
2026-05-14,2026-05-14 12:30:00,148029,102,Retail Sales m/m,USD,high,0.6,USD/JPY,4h,240,z=-1.00,-0.31634400486142406,0.2836559951385759,-0.186027584431887,156.67450000000002,156.38304221222927,-0.029576747575791113,-0.19538401121078816,-0.03821942793405344,0.0014607246716063043,0.0014744113527358773,17
2026-05-14,2026-05-14 12:30:00,148029,102,Retail Sales m/m,USD,high,0.6,USD/JPY,4h,240,z=-2.00,-0.6326880097228481,-0.03268800972284813,-0.1766711576529858,156.67450000000002,156.397701347103,-0.029576747575791113,-0.19538401121078816,-0.03821942793405344,0.0014607246716063043,0.0014744113527358773,17
2026-05-14,2026-05-14 12:30:00,148029,102,Retail Sales m/m,USD,high,0.6,USD/JPY,6h,360,z=+0.00,0.0,0.6,-0.14703778917595606,156.67450000000002,156.44412927899754,-0.10020610561275235,-0.14703778917595606,-0.11364757607721798,0.012915771548227048,0.014853829364553858,17
2026-05-14,2026-05-14 12:30:00,148029,102,Retail Sales m/m,USD,high,0.6,USD/JPY,6h,360,z=+0.50,0.15817200243071203,0.758172002430712,-0.1628875895565085,156.67450000000002,156.4192966835003,-0.10020610561275235,-0.14703778917595606,-0.11364757607721798,0.012915771548227048,0.014853829364553858,17
2026-05-14,2026-05-14 12:30:00,148029,102,Retail Sales m/m,USD,high,0.6,USD/JPY,6h,360,z=+1.00,0.31634400486142406,0.916344004861424,-0.17873738993706095,156.67450000000002,156.3944640880031,-0.10020610561275235,-0.14703778917595606,-0.11364757607721798,0.012915771548227048,0.014853829364553858,17
2026-05-14,2026-05-14 12:30:00,148029,102,Retail Sales m/m,USD,high,0.6,USD/JPY,6h,360,z=+2.00,0.6326880097228481,1.232688009722848,-0.21043699069816585,156.67450000000002,156.34479889700862,-0.10020610561275235,-0.14703778917595606,-0.11364757607721798,0.012915771548227048,0.014853829364553858,17
2026-05-14,2026-05-14 12:30:00,148029,102,Retail Sales m/m,USD,high,0.6,USD/JPY,6h,360,z=-0.50,-0.15817200243071203,0.4418279975692879,-0.1311879887954036,156.67450000000002,156.46896187449477,-0.10020610561275235,-0.14703778917595606,-0.11364757607721798,0.012915771548227048,0.014853829364553858,17
2026-05-14,2026-05-14 12:30:00,148029,102,Retail Sales m/m,USD,high,0.6,USD/JPY,6h,360,z=-1.00,-0.31634400486142406,0.2836559951385759,-0.11533818841485116,156.67450000000002,156.493794469992,-0.10020610561275235,-0.14703778917595606,-0.11364757607721798,0.012915771548227048,0.014853829364553858,17
2026-05-14,2026-05-14 12:30:00,148029,102,Retail Sales m/m,USD,high,0.6,USD/JPY,6h,360,z=-2.00,-0.6326880097228481,-0.03268800972284813,-0.08363858765374625,156.67450000000002,156.54345966098646,-0.10020610561275235,-0.14703778917595606,-0.11364757607721798,0.012915771548227048,0.014853829364553858,17
2026-05-14,2026-05-14 12:30:00,148029,102,Retail Sales m/m,USD,high,0.6,USD/JPY,12h,720,z=+0.00,0.0,0.6,-0.1669325297379475,156.67450000000002,156.41295929369574,-0.3301775724602265,-0.1669325297379475,-0.26610595911630275,0.07081238147720739,0.09664844155804324,15
2026-05-14,2026-05-14 12:30:00,148029,102,Retail Sales m/m,USD,high,0.6,USD/JPY,12h,720,z=+0.50,0.14200938936093863,0.7420093893609386,-0.21382084518370134,156.67450000000002,156.3394972599127,-0.3301775724602265,-0.1669325297379475,-0.26610595911630275,0.07081238147720739,0.09664844155804324,15
2026-05-14,2026-05-14 12:30:00,148029,102,Retail Sales m/m,USD,high,0.6,USD/JPY,12h,720,z=+1.00,0.28401877872187725,0.8840187787218772,-0.26070916062945515,156.67450000000002,156.26603522612962,-0.3301775724602265,-0.1669325297379475,-0.26610595911630275,0.07081238147720739,0.09664844155804324,15
2026-05-14,2026-05-14 12:30:00,148029,102,Retail Sales m/m,USD,high,0.6,USD/JPY,12h,720,z=+2.00,0.5680375574437545,1.1680375574437545,-0.3544857915209628,156.67450000000002,156.1191111585635,-0.3301775724602265,-0.1669325297379475,-0.26610595911630275,0.07081238147720739,0.09664844155804324,15
2026-05-14,2026-05-14 12:30:00,148029,102,Retail Sales m/m,USD,high,0.6,USD/JPY,12h,720,z=-0.50,-0.14200938936093863,0.4579906106390613,-0.12004421429219367,156.67450000000002,156.4864213274788,-0.3301775724602265,-0.1669325297379475,-0.26610595911630275,0.07081238147720739,0.09664844155804324,15
2026-05-14,2026-05-14 12:30:00,148029,102,Retail Sales m/m,USD,high,0.6,USD/JPY,12h,720,z=-1.00,-0.28401877872187725,0.3159812212781227,-0.07315589884643985,156.67450000000002,156.55988336126185,-0.3301775724602265,-0.1669325297379475,-0.26610595911630275,0.07081238147720739,0.09664844155804324,15
2026-05-14,2026-05-14 12:30:00,148029,102,Retail Sales m/m,USD,high,0.6,USD/JPY,12h,720,z=-2.00,-0.5680375574437545,0.031962442556245474,0.020620732045067813,156.67450000000002,156.70680742882797,-0.3301775724602265,-0.1669325297379475,-0.26610595911630275,0.07081238147720739,0.09664844155804324,15
2026-05-14,2026-05-14 12:30:00,148041,112,Core Retail Sales m/m,USD,high,0.6,EUR/USD,1m,1,z=+0.00,0.0,0.6,-0.026326947194665478,1.1785999999999999,1.1782897106003636,0.02450931141835494,-0.026326947194665478,0.16025912732326608,0.02568298789041481,0.004782458769402226,17
2026-05-14,2026-05-14 12:30:00,148041,112,Core Retail Sales m/m,USD,high,0.6,EUR/USD,1m,1,z=+0.50,0.14765321055850866,0.7476532105585086,-0.022708068675167056,1.1785999999999999,1.1783323627025943,0.02450931141835494,-0.026326947194665478,0.16025912732326608,0.02568298789041481,0.004782458769402226,17
2026-05-14,2026-05-14 12:30:00,148041,112,Core Retail Sales m/m,USD,high,0.6,EUR/USD,1m,1,z=+1.00,0.2953064211170173,0.8953064211170173,-0.019089190155668633,1.1785999999999999,1.1783750148048253,0.02450931141835494,-0.026326947194665478,0.16025912732326608,0.02568298789041481,0.004782458769402226,17
2026-05-14,2026-05-14 12:30:00,148041,112,Core Retail Sales m/m,USD,high,0.6,EUR/USD,1m,1,z=+2.00,0.5906128422340347,1.1906128422340347,-0.011851433116671788,1.1785999999999999,1.1784603190092868,0.02450931141835494,-0.026326947194665478,0.16025912732326608,0.02568298789041481,0.004782458769402226,17
2026-05-14,2026-05-14 12:30:00,148041,112,Core Retail Sales m/m,USD,high,0.6,EUR/USD,1m,1,z=-0.50,-0.14765321055850866,0.4523467894414913,-0.0299458257141639,1.1785999999999999,1.1782470584981328,0.02450931141835494,-0.026326947194665478,0.16025912732326608,0.02568298789041481,0.004782458769402226,17
2026-05-14,2026-05-14 12:30:00,148041,112,Core Retail Sales m/m,USD,high,0.6,EUR/USD,1m,1,z=-1.00,-0.2953064211170173,0.30469357888298265,-0.033564704233662326,1.1785999999999999,1.178204406395902,0.02450931141835494,-0.026326947194665478,0.16025912732326608,0.02568298789041481,0.004782458769402226,17
2026-05-14,2026-05-14 12:30:00,148041,112,Core Retail Sales m/m,USD,high,0.6,EUR/USD,1m,1,z=-2.00,-0.5906128422340347,0.009387157765965326,-0.04080246127265917,1.1785999999999999,1.1781191021914403,0.02450931141835494,-0.026326947194665478,0.16025912732326608,0.02568298789041481,0.004782458769402226,17
2026-05-14,2026-05-14 12:30:00,148041,112,Core Retail Sales m/m,USD,high,0.6,EUR/USD,5m,5,z=+0.00,0.0,0.6,-0.03941627794013819,1.1785999999999999,1.1781354397481973,0.03637785655062506,-0.03941627794013819,0.18344247326225382,0.03365114099657271,0.008125205507348673,17
2026-05-14,2026-05-14 12:30:00,148041,112,Core Retail Sales m/m,USD,high,0.6,EUR/USD,5m,5,z=+0.50,0.14765321055850866,0.7476532105585086,-0.03404497062720152,1.1785999999999999,1.1781987459761878,0.03637785655062506,-0.03941627794013819,0.18344247326225382,0.03365114099657271,0.008125205507348673,17
2026-05-14,2026-05-14 12:30:00,148041,112,Core Retail Sales m/m,USD,high,0.6,EUR/USD,5m,5,z=+1.00,0.2953064211170173,0.8953064211170173,-0.02867366331426486,1.1785999999999999,1.178262052204178,0.03637785655062506,-0.03941627794013819,0.18344247326225382,0.03365114099657271,0.008125205507348673,17
2026-05-14,2026-05-14 12:30:00,148041,112,Core Retail Sales m/m,USD,high,0.6,EUR/USD,5m,5,z=+2.00,0.5906128422340347,1.1906128422340347,-0.017931048688391526,1.1785999999999999,1.1783886646601585,0.03637785655062506,-0.03941627794013819,0.18344247326225382,0.03365114099657271,0.008125205507348673,17
2026-05-14,2026-05-14 12:30:00,148041,112,Core Retail Sales m/m,USD,high,0.6,EUR/USD,5m,5,z=-0.50,-0.14765321055850866,0.4523467894414913,-0.04478758525307486,1.1785999999999999,1.1780721335202071,0.03637785655062506,-0.03941627794013819,0.18344247326225382,0.03365114099657271,0.008125205507348673,17
2026-05-14,2026-05-14 12:30:00,148041,112,Core Retail Sales m/m,USD,high,0.6,EUR/USD,5m,5,z=-1.00,-0.2953064211170173,0.30469357888298265,-0.05015889256601152,1.1785999999999999,1.178008827292217,0.03637785655062506,-0.03941627794013819,0.18344247326225382,0.03365114099657271,0.008125205507348673,17
2026-05-14,2026-05-14 12:30:00,148041,112,Core Retail Sales m/m,USD,high,0.6,EUR/USD,5m,5,z=-2.00,-0.5906128422340347,0.009387157765965326,-0.06090150719188485,1.1785999999999999,1.1778822148362365,0.03637785655062506,-0.03941627794013819,0.18344247326225382,0.03365114099657271,0.008125205507348673,17
2026-05-14,2026-05-14 12:30:00,148041,112,Core Retail Sales m/m,USD,high,0.6,EUR/USD,15m,15,z=+0.00,0.0,0.6,-0.031699117869415705,1.1785999999999999,1.178226394196791,0.10758799347317774,-0.031699117869415705,0.33705229066581915,0.11360424664307585,0.04415281951293766,17
2026-05-14,2026-05-14 12:30:00,148041,112,Core Retail Sales m/m,USD,high,0.6,EUR/USD,15m,15,z=+0.50,0.14765321055850866,0.7476532105585086,-0.015813405215553137,1.1785999999999999,1.1784136232061295,0.10758799347317774,-0.031699117869415705,0.33705229066581915,0.11360424664307585,0.04415281951293766,17
2026-05-14,2026-05-14 12:30:00,148041,112,Core Retail Sales m/m,USD,high,0.6,EUR/USD,15m,15,z=+1.00,0.2953064211170173,0.8953064211170173,7.230743830943104e-05,1.1785999999999999,1.1786008522154676,0.10758799347317774,-0.031699117869415705,0.33705229066581915,0.11360424664307585,0.04415281951293766,17
2026-05-14,2026-05-14 12:30:00,148041,112,Core Retail Sales m/m,USD,high,0.6,EUR/USD,15m,15,z=+2.00,0.5906128422340347,1.1906128422340347,0.03184373274603457,1.1785999999999999,1.1789753102341445,0.10758799347317774,-0.031699117869415705,0.33705229066581915,0.11360424664307585,0.04415281951293766,17
2026-05-14,2026-05-14 12:30:00,148041,112,Core Retail Sales m/m,USD,high,0.6,EUR/USD,15m,15,z=-0.50,-0.14765321055850866,0.4523467894414913,-0.047584830523278276,1.1785999999999999,1.1780391651874527,0.10758799347317774,-0.031699117869415705,0.33705229066581915,0.11360424664307585,0.04415281951293766,17
2026-05-14,2026-05-14 12:30:00,148041,112,Core Retail Sales m/m,USD,high,0.6,EUR/USD,15m,15,z=-1.00,-0.2953064211170173,0.30469357888298265,-0.06347054317714085,1.1785999999999999,1.1778519361781141,0.10758799347317774,-0.031699117869415705,0.33705229066581915,0.11360424664307585,0.04415281951293766,17
2026-05-14,2026-05-14 12:30:00,148041,112,Core Retail Sales m/m,USD,high,0.6,EUR/USD,15m,15,z=-2.00,-0.5906128422340347,0.009387157765965326,-0.09524196848486598,1.1785999999999999,1.1774774781594373,0.10758799347317774,-0.031699117869415705,0.33705229066581915,0.11360424664307585,0.04415281951293766,17
2026-05-14,2026-05-14 12:30:00,148041,112,Core Retail Sales m/m,USD,high,0.6,EUR/USD,30m,30,z=+0.00,0.0,0.6,-0.019158388016738453,1.1785999999999999,1.1783741992388346,0.12245755043014243,-0.019158388016738453,0.34052292676063445,0.11595586364962841,0.0507725851110437,17
2026-05-14,2026-05-14 12:30:00,148041,112,Core Retail Sales m/m,USD,high,0.6,EUR/USD,30m,30,z=+0.50,0.14765321055850866,0.7476532105585086,-0.0010771375385974398,1.1785999999999999,1.17858730485697,0.12245755043014243,-0.019158388016738453,0.34052292676063445,0.11595586364962841,0.0507725851110437,17
2026-05-14,2026-05-14 12:30:00,148041,112,Core Retail Sales m/m,USD,high,0.6,EUR/USD,30m,30,z=+1.00,0.2953064211170173,0.8953064211170173,0.017004112939543573,1.1785999999999999,1.1788004104751053,0.12245755043014243,-0.019158388016738453,0.34052292676063445,0.11595586364962841,0.0507725851110437,17
2026-05-14,2026-05-14 12:30:00,148041,112,Core Retail Sales m/m,USD,high,0.6,EUR/USD,30m,30,z=+2.00,0.5906128422340347,1.1906128422340347,0.053166613895825596,1.1785999999999999,1.179226621711376,0.12245755043014243,-0.019158388016738453,0.34052292676063445,0.11595586364962841,0.0507725851110437,17
2026-05-14,2026-05-14 12:30:00,148041,112,Core Retail Sales m/m,USD,high,0.6,EUR/USD,30m,30,z=-0.50,-0.14765321055850866,0.4523467894414913,-0.03723963849487946,1.1785999999999999,1.1781610936206992,0.12245755043014243,-0.019158388016738453,0.34052292676063445,0.11595586364962841,0.0507725851110437,17
2026-05-14,2026-05-14 12:30:00,148041,112,Core Retail Sales m/m,USD,high,0.6,EUR/USD,30m,30,z=-1.00,-0.2953064211170173,0.30469357888298265,-0.05532088897302048,1.1785999999999999,1.1779479880025638,0.12245755043014243,-0.019158388016738453,0.34052292676063445,0.11595586364962841,0.0507725851110437,17
2026-05-14,2026-05-14 12:30:00,148041,112,Core Retail Sales m/m,USD,high,0.6,EUR/USD,30m,30,z=-2.00,-0.5906128422340347,0.009387157765965326,-0.09148338992930251,1.1785999999999999,1.177521776766293,0.12245755043014243,-0.019158388016738453,0.34052292676063445,0.11595586364962841,0.0507725851110437,17
2026-05-14,2026-05-14 12:30:00,148041,112,Core Retail Sales m/m,USD,high,0.6,EUR/USD,1h,60,z=+0.00,0.0,0.6,0.018288330369339998,1.1785999999999999,1.178815546261733,0.1254917839178233,0.018288330369339998,0.33868239401785244,0.11470576401766384,0.05174939359068514,17
2026-05-14,2026-05-14 12:30:00,148041,112,Core Retail Sales m/m,USD,high,0.6,EUR/USD,1h,60,z=+0.50,0.14765321055850866,0.7476532105585086,0.03681759516352123,1.1785999999999999,1.179033932176597,0.1254917839178233,0.018288330369339998,0.33868239401785244,0.11470576401766384,0.05174939359068514,17
2026-05-14,2026-05-14 12:30:00,148041,112,Core Retail Sales m/m,USD,high,0.6,EUR/USD,1h,60,z=+1.00,0.2953064211170173,0.8953064211170173,0.05534685995770247,1.1785999999999999,1.1792523180914614,0.1254917839178233,0.018288330369339998,0.33868239401785244,0.11470576401766384,0.05174939359068514,17
2026-05-14,2026-05-14 12:30:00,148041,112,Core Retail Sales m/m,USD,high,0.6,EUR/USD,1h,60,z=+2.00,0.5906128422340347,1.1906128422340347,0.09240538954606495,1.1785999999999999,1.1796890899211898,0.1254917839178233,0.018288330369339998,0.33868239401785244,0.11470576401766384,0.05174939359068514,17
2026-05-14,2026-05-14 12:30:00,148041,112,Core Retail Sales m/m,USD,high,0.6,EUR/USD,1h,60,z=-0.50,-0.14765321055850866,0.4523467894414913,-0.00024093442484124025,1.1785999999999999,1.1785971603468686,0.1254917839178233,0.018288330369339998,0.33868239401785244,0.11470576401766384,0.05174939359068514,17
2026-05-14,2026-05-14 12:30:00,148041,112,Core Retail Sales m/m,USD,high,0.6,EUR/USD,1h,60,z=-1.00,-0.2953064211170173,0.30469357888298265,-0.01877019921902248,1.1785999999999999,1.1783787744320044,0.1254917839178233,0.018288330369339998,0.33868239401785244,0.11470576401766384,0.05174939359068514,17
2026-05-14,2026-05-14 12:30:00,148041,112,Core Retail Sales m/m,USD,high,0.6,EUR/USD,1h,60,z=-2.00,-0.5906128422340347,0.009387157765965326,-0.05582872880738496,1.1785999999999999,1.177942002602276,0.1254917839178233,0.018288330369339998,0.33868239401785244,0.11470576401766384,0.05174939359068514,17
2026-05-14,2026-05-14 12:30:00,148041,112,Core Retail Sales m/m,USD,high,0.6,EUR/USD,2h,120,z=+0.00,0.0,0.6,0.04120677155250417,1.1785999999999999,1.1790856630095177,0.2990445347949031,0.04120677155250417,0.5483942374892041,0.3007362397113656,0.19967610820596818,17
2026-05-14,2026-05-14 12:30:00,148041,112,Core Retail Sales m/m,USD,high,0.6,EUR/USD,2h,120,z=+0.50,0.14765321055850866,0.7476532105585086,0.08536165721494726,1.1785999999999999,1.1796060724919353,0.2990445347949031,0.04120677155250417,0.5483942374892041,0.3007362397113656,0.19967610820596818,17
2026-05-14,2026-05-14 12:30:00,148041,112,Core Retail Sales m/m,USD,high,0.6,EUR/USD,2h,120,z=+1.00,0.2953064211170173,0.8953064211170173,0.12951654287739037,1.1785999999999999,1.1801264819743527,0.2990445347949031,0.04120677155250417,0.5483942374892041,0.3007362397113656,0.19967610820596818,17
2026-05-14,2026-05-14 12:30:00,148041,112,Core Retail Sales m/m,USD,high,0.6,EUR/USD,2h,120,z=+2.00,0.5906128422340347,1.1906128422340347,0.21782631420227655,1.1785999999999999,1.181167300939188,0.2990445347949031,0.04120677155250417,0.5483942374892041,0.3007362397113656,0.19967610820596818,17
2026-05-14,2026-05-14 12:30:00,148041,112,Core Retail Sales m/m,USD,high,0.6,EUR/USD,2h,120,z=-0.50,-0.14765321055850866,0.4523467894414913,-0.0029481141099389277,1.1785999999999999,1.1785652535271,0.2990445347949031,0.04120677155250417,0.5483942374892041,0.3007362397113656,0.19967610820596818,17
2026-05-14,2026-05-14 12:30:00,148041,112,Core Retail Sales m/m,USD,high,0.6,EUR/USD,2h,120,z=-1.00,-0.2953064211170173,0.30469357888298265,-0.047102999772382026,1.1785999999999999,1.1780448440446825,0.2990445347949031,0.04120677155250417,0.5483942374892041,0.3007362397113656,0.19967610820596818,17
2026-05-14,2026-05-14 12:30:00,148041,112,Core Retail Sales m/m,USD,high,0.6,EUR/USD,2h,120,z=-2.00,-0.5906128422340347,0.009387157765965326,-0.13541277109726824,1.1785999999999999,1.1770040250798475,0.2990445347949031,0.04120677155250417,0.5483942374892041,0.3007362397113656,0.19967610820596818,17
2026-05-14,2026-05-14 12:30:00,148041,112,Core Retail Sales m/m,USD,high,0.6,EUR/USD,4h,240,z=+0.00,0.0,0.6,0.05286016469858424,1.1785999999999999,1.1792230099011374,0.2844636883647909,0.05286016469858424,0.3852111404963964,0.14838762276253442,0.13342064212181645,17
2026-05-14,2026-05-14 12:30:00,148041,112,Core Retail Sales m/m,USD,high,0.6,EUR/USD,4h,240,z=+0.50,0.14765321055850866,0.7476532105585086,0.0948621415729607,1.1785999999999999,1.1797180452005789,0.2844636883647909,0.05286016469858424,0.3852111404963964,0.14838762276253442,0.13342064212181645,17
2026-05-14,2026-05-14 12:30:00,148041,112,Core Retail Sales m/m,USD,high,0.6,EUR/USD,4h,240,z=+1.00,0.2953064211170173,0.8953064211170173,0.13686411844733717,1.1785999999999999,1.1802130805000202,0.2844636883647909,0.05286016469858424,0.3852111404963964,0.14838762276253442,0.13342064212181645,17
2026-05-14,2026-05-14 12:30:00,148041,112,Core Retail Sales m/m,USD,high,0.6,EUR/USD,4h,240,z=+2.00,0.5906128422340347,1.1906128422340347,0.2208680721960901,1.1785999999999999,1.1812031510989032,0.2844636883647909,0.05286016469858424,0.3852111404963964,0.14838762276253442,0.13342064212181645,17
2026-05-14,2026-05-14 12:30:00,148041,112,Core Retail Sales m/m,USD,high,0.6,EUR/USD,4h,240,z=-0.50,-0.14765321055850866,0.4523467894414913,0.010858187824207777,1.1785999999999999,1.1787279746016959,0.2844636883647909,0.05286016469858424,0.3852111404963964,0.14838762276253442,0.13342064212181645,17
2026-05-14,2026-05-14 12:30:00,148041,112,Core Retail Sales m/m,USD,high,0.6,EUR/USD,4h,240,z=-1.00,-0.2953064211170173,0.30469357888298265,-0.031143789050168687,1.1785999999999999,1.1782329393022546,0.2844636883647909,0.05286016469858424,0.3852111404963964,0.14838762276253442,0.13342064212181645,17
2026-05-14,2026-05-14 12:30:00,148041,112,Core Retail Sales m/m,USD,high,0.6,EUR/USD,4h,240,z=-2.00,-0.5906128422340347,0.009387157765965326,-0.11514774279892162,1.1785999999999999,1.1772428687033718,0.2844636883647909,0.05286016469858424,0.3852111404963964,0.14838762276253442,0.13342064212181645,17
2026-05-14,2026-05-14 12:30:00,148041,112,Core Retail Sales m/m,USD,high,0.6,EUR/USD,6h,360,z=+0.00,0.0,0.6,-0.03291514229416278,1.1785999999999999,1.1782120621329208,0.3155556499268011,-0.03291514229416278,0.3121487897826399,0.0974368669627667,0.11993196987413929,17
2026-05-14,2026-05-14 12:30:00,148041,112,Core Retail Sales m/m,USD,high,0.6,EUR/USD,6h,360,z=+0.50,0.14765321055850866,0.7476532105585086,0.01367766252740623,1.1785999999999999,1.1787612049305478,0.3155556499268011,-0.03291514229416278,0.3121487897826399,0.0974368669627667,0.11993196987413929,17
2026-05-14,2026-05-14 12:30:00,148041,112,Core Retail Sales m/m,USD,high,0.6,EUR/USD,6h,360,z=+1.00,0.2953064211170173,0.8953064211170173,0.06027046734897524,1.1785999999999999,1.179310347728175,0.3155556499268011,-0.03291514229416278,0.3121487897826399,0.0974368669627667,0.11993196987413929,17
2026-05-14,2026-05-14 12:30:00,148041,112,Core Retail Sales m/m,USD,high,0.6,EUR/USD,6h,360,z=+2.00,0.5906128422340347,1.1906128422340347,0.15345607699211325,1.1785999999999999,1.180408633323429,0.3155556499268011,-0.03291514229416278,0.3121487897826399,0.0974368669627667,0.11993196987413929,17
2026-05-14,2026-05-14 12:30:00,148041,112,Core Retail Sales m/m,USD,high,0.6,EUR/USD,6h,360,z=-0.50,-0.14765321055850866,0.4523467894414913,-0.07950794711573178,1.1785999999999999,1.1776629193352939,0.3155556499268011,-0.03291514229416278,0.3121487897826399,0.0974368669627667,0.11993196987413929,17
2026-05-14,2026-05-14 12:30:00,148041,112,Core Retail Sales m/m,USD,high,0.6,EUR/USD,6h,360,z=-1.00,-0.2953064211170173,0.30469357888298265,-0.1261007519373008,1.1785999999999999,1.177113776537667,0.3155556499268011,-0.03291514229416278,0.3121487897826399,0.0974368669627667,0.11993196987413929,17
2026-05-14,2026-05-14 12:30:00,148041,112,Core Retail Sales m/m,USD,high,0.6,EUR/USD,6h,360,z=-2.00,-0.5906128422340347,0.009387157765965326,-0.21928636158043882,1.1785999999999999,1.1760154909424128,0.3155556499268011,-0.03291514229416278,0.3121487897826399,0.0974368669627667,0.11993196987413929,17
2026-05-14,2026-05-14 12:30:00,148041,112,Core Retail Sales m/m,USD,high,0.6,EUR/USD,12h,720,z=+0.00,0.0,0.6,0.005759787740079118,1.1785999999999999,1.1786678848583045,0.5425137764100383,0.005759787740079118,0.4504464191583721,0.20290197653259984,0.24226970412701226,15
2026-05-14,2026-05-14 12:30:00,148041,112,Core Retail Sales m/m,USD,high,0.6,EUR/USD,12h,720,z=+0.50,0.1279880946844369,0.7279880946844368,0.07519509232285854,1.1785999999999999,1.179486249358117,0.5425137764100383,0.005759787740079118,0.4504464191583721,0.20290197653259984,0.24226970412701226,15
2026-05-14,2026-05-14 12:30:00,148041,112,Core Retail Sales m/m,USD,high,0.6,EUR/USD,12h,720,z=+1.00,0.2559761893688738,0.8559761893688738,0.14463039690563795,1.1785999999999999,1.1803046138579298,0.5425137764100383,0.005759787740079118,0.4504464191583721,0.20290197653259984,0.24226970412701226,15
2026-05-14,2026-05-14 12:30:00,148041,112,Core Retail Sales m/m,USD,high,0.6,EUR/USD,12h,720,z=+2.00,0.5119523787377476,1.1119523787377474,0.28350100607119677,1.1785999999999999,1.181941342857555,0.5425137764100383,0.005759787740079118,0.4504464191583721,0.20290197653259984,0.24226970412701226,15
2026-05-14,2026-05-14 12:30:00,148041,112,Core Retail Sales m/m,USD,high,0.6,EUR/USD,12h,720,z=-0.50,-0.1279880946844369,0.4720119053155631,-0.06367551684270029,1.1785999999999999,1.1778495203584918,0.5425137764100383,0.005759787740079118,0.4504464191583721,0.20290197653259984,0.24226970412701226,15
2026-05-14,2026-05-14 12:30:00,148041,112,Core Retail Sales m/m,USD,high,0.6,EUR/USD,12h,720,z=-1.00,-0.2559761893688738,0.3440238106311262,-0.1331108214254797,1.1785999999999999,1.1770311558586792,0.5425137764100383,0.005759787740079118,0.4504464191583721,0.20290197653259984,0.24226970412701226,15
2026-05-14,2026-05-14 12:30:00,148041,112,Core Retail Sales m/m,USD,high,0.6,EUR/USD,12h,720,z=-2.00,-0.5119523787377476,0.0880476212622524,-0.2719814305910385,1.1785999999999999,1.175394426859054,0.5425137764100383,0.005759787740079118,0.4504464191583721,0.20290197653259984,0.24226970412701226,15
2026-05-14,2026-05-14 12:30:00,148041,112,Core Retail Sales m/m,USD,high,0.6,GBP/USD,1m,1,z=+0.00,0.0,0.6,-0.03132552649076878,1.3631099999999998,1.3626829986158515,-0.012795960086981386,-0.03132552649076878,-0.09007390435241022,0.008113308245287144,0.0014033603950169753,17
2026-05-14,2026-05-14 12:30:00,148041,112,Core Retail Sales m/m,USD,high,0.6,GBP/USD,1m,1,z=+0.50,0.14765321055850866,0.7476532105585086,-0.033214891079790115,1.3631099999999998,1.3626572444982021,-0.012795960086981386,-0.03132552649076878,-0.09007390435241022,0.008113308245287144,0.0014033603950169753,17
2026-05-14,2026-05-14 12:30:00,148041,112,Core Retail Sales m/m,USD,high,0.6,GBP/USD,1m,1,z=+1.00,0.2953064211170173,0.8953064211170173,-0.03510425566881145,1.3631099999999998,1.3626314903805525,-0.012795960086981386,-0.03132552649076878,-0.09007390435241022,0.008113308245287144,0.0014033603950169753,17
2026-05-14,2026-05-14 12:30:00,148041,112,Core Retail Sales m/m,USD,high,0.6,GBP/USD,1m,1,z=+2.00,0.5906128422340347,1.1906128422340347,-0.038882984846854124,1.3631099999999998,1.3625799821452538,-0.012795960086981386,-0.03132552649076878,-0.09007390435241022,0.008113308245287144,0.0014033603950169753,17
2026-05-14,2026-05-14 12:30:00,148041,112,Core Retail Sales m/m,USD,high,0.6,GBP/USD,1m,1,z=-0.50,-0.14765321055850866,0.4523467894414913,-0.029436161901747443,1.3631099999999998,1.362708752733501,-0.012795960086981386,-0.03132552649076878,-0.09007390435241022,0.008113308245287144,0.0014033603950169753,17
2026-05-14,2026-05-14 12:30:00,148041,112,Core Retail Sales m/m,USD,high,0.6,GBP/USD,1m,1,z=-1.00,-0.2953064211170173,0.30469357888298265,-0.027546797312726107,1.3631099999999998,1.3627345068511503,-0.012795960086981386,-0.03132552649076878,-0.09007390435241022,0.008113308245287144,0.0014033603950169753,17
2026-05-14,2026-05-14 12:30:00,148041,112,Core Retail Sales m/m,USD,high,0.6,GBP/USD,1m,1,z=-2.00,-0.5906128422340347,0.009387157765965326,-0.023768068134683438,1.3631099999999998,1.362786015086449,-0.012795960086981386,-0.03132552649076878,-0.09007390435241022,0.008113308245287144,0.0014033603950169753,17
2026-05-14,2026-05-14 12:30:00,148041,112,Core Retail Sales m/m,USD,high,0.6,GBP/USD,5m,5,z=+0.00,0.0,0.6,-0.03784734045587349,1.3631099999999998,1.3625940991175116,-0.028931546967466654,-0.03784734045587349,-0.19190619800130582,0.03682798883131639,0.006760176085523095,17
2026-05-14,2026-05-14 12:30:00,148041,112,Core Retail Sales m/m,USD,high,0.6,GBP/USD,5m,5,z=+0.50,0.14765321055850866,0.7476532105585086,-0.04211917625204423,1.3631099999999998,1.3625358692965905,-0.028931546967466654,-0.03784734045587349,-0.19190619800130582,0.03682798883131639,0.006760176085523095,17
2026-05-14,2026-05-14 12:30:00,148041,112,Core Retail Sales m/m,USD,high,0.6,GBP/USD,5m,5,z=+1.00,0.2953064211170173,0.8953064211170173,-0.04639101204821497,1.3631099999999998,1.3624776394756692,-0.028931546967466654,-0.03784734045587349,-0.19190619800130582,0.03682798883131639,0.006760176085523095,17
2026-05-14,2026-05-14 12:30:00,148041,112,Core Retail Sales m/m,USD,high,0.6,GBP/USD,5m,5,z=+2.00,0.5906128422340347,1.1906128422340347,-0.05493468364055644,1.3631099999999998,1.3623611798338269,-0.028931546967466654,-0.03784734045587349,-0.19190619800130582,0.03682798883131639,0.006760176085523095,17
2026-05-14,2026-05-14 12:30:00,148041,112,Core Retail Sales m/m,USD,high,0.6,GBP/USD,5m,5,z=-0.50,-0.14765321055850866,0.4523467894414913,-0.03357550465970276,1.3631099999999998,1.362652328938433,-0.028931546967466654,-0.03784734045587349,-0.19190619800130582,0.03682798883131639,0.006760176085523095,17
2026-05-14,2026-05-14 12:30:00,148041,112,Core Retail Sales m/m,USD,high,0.6,GBP/USD,5m,5,z=-1.00,-0.2953064211170173,0.30469357888298265,-0.029303668863532018,1.3631099999999998,1.3627105587593542,-0.028931546967466654,-0.03784734045587349,-0.19190619800130582,0.03682798883131639,0.006760176085523095,17
2026-05-14,2026-05-14 12:30:00,148041,112,Core Retail Sales m/m,USD,high,0.6,GBP/USD,5m,5,z=-2.00,-0.5906128422340347,0.009387157765965326,-0.020759997271190544,1.3631099999999998,1.3628270184011966,-0.028931546967466654,-0.03784734045587349,-0.19190619800130582,0.03682798883131639,0.006760176085523095,17
2026-05-14,2026-05-14 12:30:00,148041,112,Core Retail Sales m/m,USD,high,0.6,GBP/USD,15m,15,z=+0.00,0.0,0.6,-0.03725614880275712,1.3631099999999998,1.3626021577100547,0.020834467256666385,-0.03725614880275712,0.07286552301696142,0.005309384444535334,0.0018484250158821971,17
2026-05-14,2026-05-14 12:30:00,148041,112,Core Retail Sales m/m,USD,high,0.6,GBP/USD,15m,15,z=+0.50,0.14765321055850866,0.7476532105585086,-0.034179872822034205,1.3631099999999998,1.3626440907355752,0.020834467256666385,-0.03725614880275712,0.07286552301696142,0.005309384444535334,0.0018484250158821971,17
2026-05-14,2026-05-14 12:30:00,148041,112,Core Retail Sales m/m,USD,high,0.6,GBP/USD,15m,15,z=+1.00,0.2953064211170173,0.8953064211170173,-0.03110359684131129,1.3631099999999998,1.3626860237610963,0.020834467256666385,-0.03725614880275712,0.07286552301696142,0.005309384444535334,0.0018484250158821971,17
2026-05-14,2026-05-14 12:30:00,148041,112,Core Retail Sales m/m,USD,high,0.6,GBP/USD,15m,15,z=+2.00,0.5906128422340347,1.1906128422340347,-0.024951044879865457,1.3631099999999998,1.3627698898121379,0.020834467256666385,-0.03725614880275712,0.07286552301696142,0.005309384444535334,0.0018484250158821971,17
2026-05-14,2026-05-14 12:30:00,148041,112,Core Retail Sales m/m,USD,high,0.6,GBP/USD,15m,15,z=-0.50,-0.14765321055850866,0.4523467894414913,-0.040332424783480036,1.3631099999999998,1.3625602246845336,0.020834467256666385,-0.03725614880275712,0.07286552301696142,0.005309384444535334,0.0018484250158821971,17
2026-05-14,2026-05-14 12:30:00,148041,112,Core Retail Sales m/m,USD,high,0.6,GBP/USD,15m,15,z=-1.00,-0.2953064211170173,0.30469357888298265,-0.04340870076420295,1.3631099999999998,1.3625182916590128,0.020834467256666385,-0.03725614880275712,0.07286552301696142,0.005309384444535334,0.0018484250158821971,17
2026-05-14,2026-05-14 12:30:00,148041,112,Core Retail Sales m/m,USD,high,0.6,GBP/USD,15m,15,z=-2.00,-0.5906128422340347,0.009387157765965326,-0.049561252725648784,1.3631099999999998,1.3624344256079712,0.020834467256666385,-0.03725614880275712,0.07286552301696142,0.005309384444535334,0.0018484250158821971,17
2026-05-14,2026-05-14 12:30:00,148041,112,Core Retail Sales m/m,USD,high,0.6,GBP/USD,30m,30,z=+0.00,0.0,0.6,-0.035979718574714555,1.3631099999999998,1.362619556858136,0.03844315223630804,-0.035979718574714555,0.1078386610352819,0.011629176813882428,0.0050476685460829765,17
2026-05-14,2026-05-14 12:30:00,148041,112,Core Retail Sales m/m,USD,high,0.6,GBP/USD,30m,30,z=+0.50,0.14765321055850866,0.7476532105585086,-0.03030346372303416,1.3631099999999998,1.3626969304556447,0.03844315223630804,-0.035979718574714555,0.1078386610352819,0.011629176813882428,0.0050476685460829765,17
2026-05-14,2026-05-14 12:30:00,148041,112,Core Retail Sales m/m,USD,high,0.6,GBP/USD,30m,30,z=+1.00,0.2953064211170173,0.8953064211170173,-0.024627208871353765,1.3631099999999998,1.3627743040531535,0.03844315223630804,-0.035979718574714555,0.1078386610352819,0.011629176813882428,0.0050476685460829765,17
2026-05-14,2026-05-14 12:30:00,148041,112,Core Retail Sales m/m,USD,high,0.6,GBP/USD,30m,30,z=+2.00,0.5906128422340347,1.1906128422340347,-0.013274699167992978,1.3631099999999998,1.3629290512481709,0.03844315223630804,-0.035979718574714555,0.1078386610352819,0.011629176813882428,0.0050476685460829765,17
2026-05-14,2026-05-14 12:30:00,148041,112,Core Retail Sales m/m,USD,high,0.6,GBP/USD,30m,30,z=-0.50,-0.14765321055850866,0.4523467894414913,-0.041655973426394946,1.3631099999999998,1.3625421832606273,0.03844315223630804,-0.035979718574714555,0.1078386610352819,0.011629176813882428,0.0050476685460829765,17
2026-05-14,2026-05-14 12:30:00,148041,112,Core Retail Sales m/m,USD,high,0.6,GBP/USD,30m,30,z=-1.00,-0.2953064211170173,0.30469357888298265,-0.047332228278075344,1.3631099999999998,1.3624648096631187,0.03844315223630804,-0.035979718574714555,0.1078386610352819,0.011629176813882428,0.0050476685460829765,17
2026-05-14,2026-05-14 12:30:00,148041,112,Core Retail Sales m/m,USD,high,0.6,GBP/USD,30m,30,z=-2.00,-0.5906128422340347,0.009387157765965326,-0.05868473798143613,1.3631099999999998,1.362310062468101,0.03844315223630804,-0.035979718574714555,0.1078386610352819,0.011629176813882428,0.0050476685460829765,17
2026-05-14,2026-05-14 12:30:00,148041,112,Core Retail Sales m/m,USD,high,0.6,GBP/USD,1h,60,z=+0.00,0.0,0.6,-0.007732608714517166,1.3631099999999998,1.3630045960373514,0.007794301379800288,-0.007732608714517166,0.02026451944191853,0.0004106507482118941,0.0001923139795260898,17
2026-05-14,2026-05-14 12:30:00,148041,112,Core Retail Sales m/m,USD,high,0.6,GBP/USD,1h,60,z=+0.50,0.14765321055850866,0.7476532105585086,-0.006581755091729039,1.3631099999999998,1.363020283438169,0.007794301379800288,-0.007732608714517166,0.02026451944191853,0.0004106507482118941,0.0001923139795260898,17
2026-05-14,2026-05-14 12:30:00,148041,112,Core Retail Sales m/m,USD,high,0.6,GBP/USD,1h,60,z=+1.00,0.2953064211170173,0.8953064211170173,-0.005430901468940913,1.3631099999999998,1.3630359708389865,0.007794301379800288,-0.007732608714517166,0.02026451944191853,0.0004106507482118941,0.0001923139795260898,17
2026-05-14,2026-05-14 12:30:00,148041,112,Core Retail Sales m/m,USD,high,0.6,GBP/USD,1h,60,z=+2.00,0.5906128422340347,1.1906128422340347,-0.00312919422336466,1.3631099999999998,1.3630673456406217,0.007794301379800288,-0.007732608714517166,0.02026451944191853,0.0004106507482118941,0.0001923139795260898,17
2026-05-14,2026-05-14 12:30:00,148041,112,Core Retail Sales m/m,USD,high,0.6,GBP/USD,1h,60,z=-0.50,-0.14765321055850866,0.4523467894414913,-0.008883462337305293,1.3631099999999998,1.3629889086365339,0.007794301379800288,-0.007732608714517166,0.02026451944191853,0.0004106507482118941,0.0001923139795260898,17
2026-05-14,2026-05-14 12:30:00,148041,112,Core Retail Sales m/m,USD,high,0.6,GBP/USD,1h,60,z=-1.00,-0.2953064211170173,0.30469357888298265,-0.01003431596009342,1.3631099999999998,1.3629732212357162,0.007794301379800288,-0.007732608714517166,0.02026451944191853,0.0004106507482118941,0.0001923139795260898,17
2026-05-14,2026-05-14 12:30:00,148041,112,Core Retail Sales m/m,USD,high,0.6,GBP/USD,1h,60,z=-2.00,-0.5906128422340347,0.009387157765965326,-0.012336023205669672,1.3631099999999998,1.362941846434081,0.007794301379800288,-0.007732608714517166,0.02026451944191853,0.0004106507482118941,0.0001923139795260898,17
2026-05-14,2026-05-14 12:30:00,148041,112,Core Retail Sales m/m,USD,high,0.6,GBP/USD,2h,120,z=+0.00,0.0,0.6,-0.013413168138317649,1.3631099999999998,1.3629271637637896,0.21146411409432272,-0.013413168138317649,0.377325626994882,0.14237462878708082,0.09715168349240931,17
2026-05-14,2026-05-14 12:30:00,148041,112,Core Retail Sales m/m,USD,high,0.6,GBP/USD,2h,120,z=+0.50,0.14765321055850866,0.7476532105585086,0.017810187225619886,1.3631099999999998,1.363352772443091,0.21146411409432272,-0.013413168138317649,0.377325626994882,0.14237462878708082,0.09715168349240931,17
2026-05-14,2026-05-14 12:30:00,148041,112,Core Retail Sales m/m,USD,high,0.6,GBP/USD,2h,120,z=+1.00,0.2953064211170173,0.8953064211170173,0.049033542589557416,1.3631099999999998,1.3637783811223925,0.21146411409432272,-0.013413168138317649,0.377325626994882,0.14237462878708082,0.09715168349240931,17
2026-05-14,2026-05-14 12:30:00,148041,112,Core Retail Sales m/m,USD,high,0.6,GBP/USD,2h,120,z=+2.00,0.5906128422340347,1.1906128422340347,0.11148025331743248,1.3631099999999998,1.3646295984809953,0.21146411409432272,-0.013413168138317649,0.377325626994882,0.14237462878708082,0.09715168349240931,17
2026-05-14,2026-05-14 12:30:00,148041,112,Core Retail Sales m/m,USD,high,0.6,GBP/USD,2h,120,z=-0.50,-0.14765321055850866,0.4523467894414913,-0.04463652350225518,1.3631099999999998,1.3625015550844883,0.21146411409432272,-0.013413168138317649,0.377325626994882,0.14237462878708082,0.09715168349240931,17
2026-05-14,2026-05-14 12:30:00,148041,112,Core Retail Sales m/m,USD,high,0.6,GBP/USD,2h,120,z=-1.00,-0.2953064211170173,0.30469357888298265,-0.07585987886619272,1.3631099999999998,1.3620759464051868,0.21146411409432272,-0.013413168138317649,0.377325626994882,0.14237462878708082,0.09715168349240931,17
2026-05-14,2026-05-14 12:30:00,148041,112,Core Retail Sales m/m,USD,high,0.6,GBP/USD,2h,120,z=-2.00,-0.5906128422340347,0.009387157765965326,-0.13830658959406777,1.3631099999999998,1.361224729046584,0.21146411409432272,-0.013413168138317649,0.377325626994882,0.14237462878708082,0.09715168349240931,17
2026-05-14,2026-05-14 12:30:00,148041,112,Core Retail Sales m/m,USD,high,0.6,GBP/USD,4h,240,z=+0.00,0.0,0.6,0.010358570413647442,1.3631099999999998,1.3632511987091653,0.18942258070771043,0.010358570413647442,0.2603078596798025,0.06776018181107976,0.060036640400112744,17
2026-05-14,2026-05-14 12:30:00,148041,112,Core Retail Sales m/m,USD,high,0.6,GBP/USD,4h,240,z=+0.50,0.14765321055850866,0.7476532105585086,0.03832742260741911,1.3631099999999998,1.3636324449303037,0.18942258070771043,0.010358570413647442,0.2603078596798025,0.06776018181107976,0.060036640400112744,17
2026-05-14,2026-05-14 12:30:00,148041,112,Core Retail Sales m/m,USD,high,0.6,GBP/USD,4h,240,z=+1.00,0.2953064211170173,0.8953064211170173,0.06629627480119078,1.3631099999999998,1.3640136911514424,0.18942258070771043,0.010358570413647442,0.2603078596798025,0.06776018181107976,0.060036640400112744,17
2026-05-14,2026-05-14 12:30:00,148041,112,Core Retail Sales m/m,USD,high,0.6,GBP/USD,4h,240,z=+2.00,0.5906128422340347,1.1906128422340347,0.12223397918873412,1.3631099999999998,1.3647761835937193,0.18942258070771043,0.010358570413647442,0.2603078596798025,0.06776018181107976,0.060036640400112744,17
2026-05-14,2026-05-14 12:30:00,148041,112,Core Retail Sales m/m,USD,high,0.6,GBP/USD,4h,240,z=-0.50,-0.14765321055850866,0.4523467894414913,-0.017610281780124228,1.3631099999999998,1.3628699524880268,0.18942258070771043,0.010358570413647442,0.2603078596798025,0.06776018181107976,0.060036640400112744,17
2026-05-14,2026-05-14 12:30:00,148041,112,Core Retail Sales m/m,USD,high,0.6,GBP/USD,4h,240,z=-1.00,-0.2953064211170173,0.30469357888298265,-0.045579133973895895,1.3631099999999998,1.3624887062668882,0.18942258070771043,0.010358570413647442,0.2603078596798025,0.06776018181107976,0.060036640400112744,17
2026-05-14,2026-05-14 12:30:00,148041,112,Core Retail Sales m/m,USD,high,0.6,GBP/USD,4h,240,z=-2.00,-0.5906128422340347,0.009387157765965326,-0.10151683836143922,1.3631099999999998,1.3617262138246113,0.18942258070771043,0.010358570413647442,0.2603078596798025,0.06776018181107976,0.060036640400112744,17
2026-05-14,2026-05-14 12:30:00,148041,112,Core Retail Sales m/m,USD,high,0.6,GBP/USD,6h,360,z=+0.00,0.0,0.6,-0.06411763909504138,1.3631099999999998,1.3622360060497314,0.2839474245430219,-0.06411763909504138,0.27785873930845845,0.07720547901008587,0.09606370793615969,17
2026-05-14,2026-05-14 12:30:00,148041,112,Core Retail Sales m/m,USD,high,0.6,GBP/USD,6h,360,z=+0.50,0.14765321055850866,0.7476532105585086,-0.022191890231444314,1.3631099999999998,1.362807500125066,0.2839474245430219,-0.06411763909504138,0.27785873930845845,0.07720547901008587,0.09606370793615969,17
2026-05-14,2026-05-14 12:30:00,148041,112,Core Retail Sales m/m,USD,high,0.6,GBP/USD,6h,360,z=+1.00,0.2953064211170173,0.8953064211170173,0.019733858632152754,1.3631099999999998,1.3633789942004004,0.2839474245430219,-0.06411763909504138,0.27785873930845845,0.07720547901008587,0.09606370793615969,17
2026-05-14,2026-05-14 12:30:00,148041,112,Core Retail Sales m/m,USD,high,0.6,GBP/USD,6h,360,z=+2.00,0.5906128422340347,1.1906128422340347,0.10358535635934689,1.3631099999999998,1.3645219823510697,0.2839474245430219,-0.06411763909504138,0.27785873930845845,0.07720547901008587,0.09606370793615969,17
2026-05-14,2026-05-14 12:30:00,148041,112,Core Retail Sales m/m,USD,high,0.6,GBP/USD,6h,360,z=-0.50,-0.14765321055850866,0.4523467894414913,-0.10604338795863845,1.3631099999999998,1.3616645119743969,0.2839474245430219,-0.06411763909504138,0.27785873930845845,0.07720547901008587,0.09606370793615969,17
2026-05-14,2026-05-14 12:30:00,148041,112,Core Retail Sales m/m,USD,high,0.6,GBP/USD,6h,360,z=-1.00,-0.2953064211170173,0.30469357888298265,-0.1479691368222355,1.3631099999999998,1.3610930178990623,0.2839474245430219,-0.06411763909504138,0.27785873930845845,0.07720547901008587,0.09606370793615969,17
2026-05-14,2026-05-14 12:30:00,148041,112,Core Retail Sales m/m,USD,high,0.6,GBP/USD,6h,360,z=-2.00,-0.5906128422340347,0.009387157765965326,-0.23182063454942964,1.3631099999999998,1.359950029748393,0.2839474245430219,-0.06411763909504138,0.27785873930845845,0.07720547901008587,0.09606370793615969,17
2026-05-14,2026-05-14 12:30:00,148041,112,Core Retail Sales m/m,USD,high,0.6,GBP/USD,12h,720,z=+0.00,0.0,0.6,-0.06187750023294129,1.3631099999999998,1.3622665416065745,0.5467985415658132,-0.06187750023294129,0.4458195717829435,0.19875509058472712,0.24167497204745308,15
2026-05-14,2026-05-14 12:30:00,148041,112,Core Retail Sales m/m,USD,high,0.6,GBP/USD,12h,720,z=+0.50,0.1279880946844369,0.7279880946844368,0.008106203278296004,1.3631099999999998,1.3632204964675065,0.5467985415658132,-0.06187750023294129,0.4458195717829435,0.19875509058472712,0.24167497204745308,15
2026-05-14,2026-05-14 12:30:00,148041,112,Core Retail Sales m/m,USD,high,0.6,GBP/USD,12h,720,z=+1.00,0.2559761893688738,0.8559761893688738,0.0780899067895333,1.3631099999999998,1.3641744513284386,0.5467985415658132,-0.06187750023294129,0.4458195717829435,0.19875509058472712,0.24167497204745308,15
2026-05-14,2026-05-14 12:30:00,148041,112,Core Retail Sales m/m,USD,high,0.6,GBP/USD,12h,720,z=+2.00,0.5119523787377476,1.1119523787377474,0.21805731381200788,1.3631099999999998,1.3660823610503028,0.5467985415658132,-0.06187750023294129,0.4458195717829435,0.19875509058472712,0.24167497204745308,15
2026-05-14,2026-05-14 12:30:00,148041,112,Core Retail Sales m/m,USD,high,0.6,GBP/USD,12h,720,z=-0.50,-0.1279880946844369,0.4720119053155631,-0.1318612037441786,1.3631099999999998,1.3613125867456426,0.5467985415658132,-0.06187750023294129,0.4458195717829435,0.19875509058472712,0.24167497204745308,15
2026-05-14,2026-05-14 12:30:00,148041,112,Core Retail Sales m/m,USD,high,0.6,GBP/USD,12h,720,z=-1.00,-0.2559761893688738,0.3440238106311262,-0.20184490725541587,1.3631099999999998,1.3603586318847105,0.5467985415658132,-0.06187750023294129,0.4458195717829435,0.19875509058472712,0.24167497204745308,15
2026-05-14,2026-05-14 12:30:00,148041,112,Core Retail Sales m/m,USD,high,0.6,GBP/USD,12h,720,z=-2.00,-0.5119523787377476,0.0880476212622524,-0.3418123142778905,1.3631099999999998,1.3584507221628466,0.5467985415658132,-0.06187750023294129,0.4458195717829435,0.19875509058472712,0.24167497204745308,15
2026-05-14,2026-05-14 12:30:00,148041,112,Core Retail Sales m/m,USD,high,0.6,USD/CAD,1m,1,z=+0.00,0.0,0.6,-0.012689433404986796,1.36764,1.36746645423298,0.01860821102911694,-0.012689433404986796,0.22071408112834923,0.04871470560833152,0.005000713972790178,17
2026-05-14,2026-05-14 12:30:00,148041,112,Core Retail Sales m/m,USD,high,0.6,USD/CAD,1m,1,z=+0.50,0.14765321055850866,0.7476532105585086,-0.009941871303787429,1.36764,1.367504030991301,0.01860821102911694,-0.012689433404986796,0.22071408112834923,0.04871470560833152,0.005000713972790178,17
2026-05-14,2026-05-14 12:30:00,148041,112,Core Retail Sales m/m,USD,high,0.6,USD/CAD,1m,1,z=+1.00,0.2953064211170173,0.8953064211170173,-0.007194309202588062,1.36764,1.3675416077496216,0.01860821102911694,-0.012689433404986796,0.22071408112834923,0.04871470560833152,0.005000713972790178,17
2026-05-14,2026-05-14 12:30:00,148041,112,Core Retail Sales m/m,USD,high,0.6,USD/CAD,1m,1,z=+2.00,0.5906128422340347,1.1906128422340347,-0.0016991850001893283,1.36764,1.3676167612662633,0.01860821102911694,-0.012689433404986796,0.22071408112834923,0.04871470560833152,0.005000713972790178,17
2026-05-14,2026-05-14 12:30:00,148041,112,Core Retail Sales m/m,USD,high,0.6,USD/CAD,1m,1,z=-0.50,-0.14765321055850866,0.4523467894414913,-0.015436995506186163,1.36764,1.367428877474659,0.01860821102911694,-0.012689433404986796,0.22071408112834923,0.04871470560833152,0.005000713972790178,17
2026-05-14,2026-05-14 12:30:00,148041,112,Core Retail Sales m/m,USD,high,0.6,USD/CAD,1m,1,z=-1.00,-0.2953064211170173,0.30469357888298265,-0.018184557607385528,1.36764,1.3673913007163383,0.01860821102911694,-0.012689433404986796,0.22071408112834923,0.04871470560833152,0.005000713972790178,17
2026-05-14,2026-05-14 12:30:00,148041,112,Core Retail Sales m/m,USD,high,0.6,USD/CAD,1m,1,z=-2.00,-0.5906128422340347,0.009387157765965326,-0.02367968180978426,1.36764,1.3673161471996966,0.01860821102911694,-0.012689433404986796,0.22071408112834923,0.04871470560833152,0.005000713972790178,17
2026-05-14,2026-05-14 12:30:00,148041,112,Core Retail Sales m/m,USD,high,0.6,USD/CAD,5m,5,z=+0.00,0.0,0.6,-0.014431315852591131,1.36764,1.3674426315518735,0.018848938501467925,-0.014431315852591131,0.2121513207844085,0.04500818291056899,0.004868890285576866,17
2026-05-14,2026-05-14 12:30:00,148041,112,Core Retail Sales m/m,USD,high,0.6,USD/CAD,5m,5,z=+0.50,0.14765321055850866,0.7476532105585086,-0.011648209567229508,1.36764,1.3674806944266746,0.018848938501467925,-0.014431315852591131,0.2121513207844085,0.04500818291056899,0.004868890285576866,17
2026-05-14,2026-05-14 12:30:00,148041,112,Core Retail Sales m/m,USD,high,0.6,USD/CAD,5m,5,z=+1.00,0.2953064211170173,0.8953064211170173,-0.008865103281867882,1.36764,1.367518757301476,0.018848938501467925,-0.014431315852591131,0.2121513207844085,0.04500818291056899,0.004868890285576866,17
2026-05-14,2026-05-14 12:30:00,148041,112,Core Retail Sales m/m,USD,high,0.6,USD/CAD,5m,5,z=+2.00,0.5906128422340347,1.1906128422340347,-0.003298890711144635,1.36764,1.367594883051078,0.018848938501467925,-0.014431315852591131,0.2121513207844085,0.04500818291056899,0.004868890285576866,17
2026-05-14,2026-05-14 12:30:00,148041,112,Core Retail Sales m/m,USD,high,0.6,USD/CAD,5m,5,z=-0.50,-0.14765321055850866,0.4523467894414913,-0.017214422137952757,1.36764,1.3674045686770724,0.018848938501467925,-0.014431315852591131,0.2121513207844085,0.04500818291056899,0.004868890285576866,17
2026-05-14,2026-05-14 12:30:00,148041,112,Core Retail Sales m/m,USD,high,0.6,USD/CAD,5m,5,z=-1.00,-0.2953064211170173,0.30469357888298265,-0.01999752842331438,1.36764,1.3673665058022715,0.018848938501467925,-0.014431315852591131,0.2121513207844085,0.04500818291056899,0.004868890285576866,17
2026-05-14,2026-05-14 12:30:00,148041,112,Core Retail Sales m/m,USD,high,0.6,USD/CAD,5m,5,z=-2.00,-0.5906128422340347,0.009387157765965326,-0.025563740994037628,1.36764,1.367290380052669,0.018848938501467925,-0.014431315852591131,0.2121513207844085,0.04500818291056899,0.004868890285576866,17
2026-05-14,2026-05-14 12:30:00,148041,112,Core Retail Sales m/m,USD,high,0.6,USD/CAD,15m,15,z=+0.00,0.0,0.6,-0.018613539870427867,1.36764,1.367385433783316,0.02756268042071945,-0.018613539870427867,0.17175003755260845,0.029498075399322414,0.005763889433919536,17
2026-05-14,2026-05-14 12:30:00,148041,112,Core Retail Sales m/m,USD,high,0.6,USD/CAD,15m,15,z=+0.50,0.14765321055850866,0.7476532105585086,-0.014543821614710493,1.36764,1.3674410928780685,0.02756268042071945,-0.018613539870427867,0.17175003755260845,0.029498075399322414,0.005763889433919536,17
2026-05-14,2026-05-14 12:30:00,148041,112,Core Retail Sales m/m,USD,high,0.6,USD/CAD,15m,15,z=+1.00,0.2953064211170173,0.8953064211170173,-0.01047410335899312,1.36764,1.367496751972821,0.02756268042071945,-0.018613539870427867,0.17175003755260845,0.029498075399322414,0.005763889433919536,17
2026-05-14,2026-05-14 12:30:00,148041,112,Core Retail Sales m/m,USD,high,0.6,USD/CAD,15m,15,z=+2.00,0.5906128422340347,1.1906128422340347,-0.0023346668475583733,1.36764,1.367608070162326,0.02756268042071945,-0.018613539870427867,0.17175003755260845,0.029498075399322414,0.005763889433919536,17
2026-05-14,2026-05-14 12:30:00,148041,112,Core Retail Sales m/m,USD,high,0.6,USD/CAD,15m,15,z=-0.50,-0.14765321055850866,0.4523467894414913,-0.02268325812614524,1.36764,1.3673297746885635,0.02756268042071945,-0.018613539870427867,0.17175003755260845,0.029498075399322414,0.005763889433919536,17
2026-05-14,2026-05-14 12:30:00,148041,112,Core Retail Sales m/m,USD,high,0.6,USD/CAD,15m,15,z=-1.00,-0.2953064211170173,0.30469357888298265,-0.026752976381862616,1.36764,1.367274115593811,0.02756268042071945,-0.018613539870427867,0.17175003755260845,0.029498075399322414,0.005763889433919536,17
2026-05-14,2026-05-14 12:30:00,148041,112,Core Retail Sales m/m,USD,high,0.6,USD/CAD,15m,15,z=-2.00,-0.5906128422340347,0.009387157765965326,-0.034892412893297364,1.36764,1.3671627974043061,0.02756268042071945,-0.018613539870427867,0.17175003755260845,0.029498075399322414,0.005763889433919536,17
2026-05-14,2026-05-14 12:30:00,148041,112,Core Retail Sales m/m,USD,high,0.6,USD/CAD,30m,30,z=+0.00,0.0,0.6,-0.02949948808407555,1.36764,1.367236553201167,-0.016206380845320507,-0.02949948808407555,-0.0782555061307483,0.006123924239779585,0.001544181325997337,17
2026-05-14,2026-05-14 12:30:00,148041,112,Core Retail Sales m/m,USD,high,0.6,USD/CAD,30m,30,z=+0.50,0.14765321055850866,0.7476532105585086,-0.03189241224742104,1.36764,1.3672038266131392,-0.016206380845320507,-0.02949948808407555,-0.0782555061307483,0.006123924239779585,0.001544181325997337,17
2026-05-14,2026-05-14 12:30:00,148041,112,Core Retail Sales m/m,USD,high,0.6,USD/CAD,30m,30,z=+1.00,0.2953064211170173,0.8953064211170173,-0.03428533641076653,1.36764,1.3671711000251117,-0.016206380845320507,-0.02949948808407555,-0.0782555061307483,0.006123924239779585,0.001544181325997337,17
2026-05-14,2026-05-14 12:30:00,148041,112,Core Retail Sales m/m,USD,high,0.6,USD/CAD,30m,30,z=+2.00,0.5906128422340347,1.1906128422340347,-0.039071184737457514,1.36764,1.3671056468490566,-0.016206380845320507,-0.02949948808407555,-0.0782555061307483,0.006123924239779585,0.001544181325997337,17
2026-05-14,2026-05-14 12:30:00,148041,112,Core Retail Sales m/m,USD,high,0.6,USD/CAD,30m,30,z=-0.50,-0.14765321055850866,0.4523467894414913,-0.02710656392073006,1.36764,1.3672692797891945,-0.016206380845320507,-0.02949948808407555,-0.0782555061307483,0.006123924239779585,0.001544181325997337,17
2026-05-14,2026-05-14 12:30:00,148041,112,Core Retail Sales m/m,USD,high,0.6,USD/CAD,30m,30,z=-1.00,-0.2953064211170173,0.30469357888298265,-0.024713639757384567,1.36764,1.367302006377222,-0.016206380845320507,-0.02949948808407555,-0.0782555061307483,0.006123924239779585,0.001544181325997337,17
2026-05-14,2026-05-14 12:30:00,148041,112,Core Retail Sales m/m,USD,high,0.6,USD/CAD,30m,30,z=-2.00,-0.5906128422340347,0.009387157765965326,-0.019927791430693585,1.36764,1.3673674595532772,-0.016206380845320507,-0.02949948808407555,-0.0782555061307483,0.006123924239779585,0.001544181325997337,17
2026-05-14,2026-05-14 12:30:00,148041,112,Core Retail Sales m/m,USD,high,0.6,USD/CAD,1h,60,z=+0.00,0.0,0.6,-0.0424376300851507,1.36764,1.3670596059959035,-0.07077169540368357,-0.0424376300851507,-0.24248609683362646,0.058799507157606866,0.02089506823238913,17
2026-05-14,2026-05-14 12:30:00,148041,112,Core Retail Sales m/m,USD,high,0.6,USD/CAD,1h,60,z=+0.50,0.14765321055850866,0.7476532105585086,-0.05288729812817343,1.36764,1.36691669215588,-0.07077169540368357,-0.0424376300851507,-0.24248609683362646,0.058799507157606866,0.02089506823238913,17
2026-05-14,2026-05-14 12:30:00,148041,112,Core Retail Sales m/m,USD,high,0.6,USD/CAD,1h,60,z=+1.00,0.2953064211170173,0.8953064211170173,-0.06333696617119616,1.36764,1.3667737783158562,-0.07077169540368357,-0.0424376300851507,-0.24248609683362646,0.058799507157606866,0.02089506823238913,17
2026-05-14,2026-05-14 12:30:00,148041,112,Core Retail Sales m/m,USD,high,0.6,USD/CAD,1h,60,z=+2.00,0.5906128422340347,1.1906128422340347,-0.08423630225724163,1.36764,1.366487950635809,-0.07077169540368357,-0.0424376300851507,-0.24248609683362646,0.058799507157606866,0.02089506823238913,17
2026-05-14,2026-05-14 12:30:00,148041,112,Core Retail Sales m/m,USD,high,0.6,USD/CAD,1h,60,z=-0.50,-0.14765321055850866,0.4523467894414913,-0.031987962042127976,1.36764,1.367202519835927,-0.07077169540368357,-0.0424376300851507,-0.24248609683362646,0.058799507157606866,0.02089506823238913,17
2026-05-14,2026-05-14 12:30:00,148041,112,Core Retail Sales m/m,USD,high,0.6,USD/CAD,1h,60,z=-1.00,-0.2953064211170173,0.30469357888298265,-0.021538293999105243,1.36764,1.3673454336759507,-0.07077169540368357,-0.0424376300851507,-0.24248609683362646,0.058799507157606866,0.02089506823238913,17
2026-05-14,2026-05-14 12:30:00,148041,112,Core Retail Sales m/m,USD,high,0.6,USD/CAD,1h,60,z=-2.00,-0.5906128422340347,0.009387157765965326,-0.0006389579130597831,1.36764,1.3676312613559978,-0.07077169540368357,-0.0424376300851507,-0.24248609683362646,0.058799507157606866,0.02089506823238913,17
2026-05-14,2026-05-14 12:30:00,148041,112,Core Retail Sales m/m,USD,high,0.6,USD/CAD,2h,120,z=+0.00,0.0,0.6,-0.05505494167449689,1.36764,1.3668870465956828,-0.1748895095042002,-0.05505494167449689,-0.34987098719355,0.12240970767978922,0.0745021903583296,17
2026-05-14,2026-05-14 12:30:00,148041,112,Core Retail Sales m/m,USD,high,0.6,USD/CAD,2h,120,z=+0.50,0.14765321055850866,0.7476532105585086,-0.08087793924579487,1.36764,1.3665338809516987,-0.1748895095042002,-0.05505494167449689,-0.34987098719355,0.12240970767978922,0.0745021903583296,17
2026-05-14,2026-05-14 12:30:00,148041,112,Core Retail Sales m/m,USD,high,0.6,USD/CAD,2h,120,z=+1.00,0.2953064211170173,0.8953064211170173,-0.10670093681709283,1.36764,1.3661807153077146,-0.1748895095042002,-0.05505494167449689,-0.34987098719355,0.12240970767978922,0.0745021903583296,17
2026-05-14,2026-05-14 12:30:00,148041,112,Core Retail Sales m/m,USD,high,0.6,USD/CAD,2h,120,z=+2.00,0.5906128422340347,1.1906128422340347,-0.1583469319596888,1.36764,1.3654743840197465,-0.1748895095042002,-0.05505494167449689,-0.34987098719355,0.12240970767978922,0.0745021903583296,17
2026-05-14,2026-05-14 12:30:00,148041,112,Core Retail Sales m/m,USD,high,0.6,USD/CAD,2h,120,z=-0.50,-0.14765321055850866,0.4523467894414913,-0.029231944103198917,1.36764,1.367240212239667,-0.1748895095042002,-0.05505494167449689,-0.34987098719355,0.12240970767978922,0.0745021903583296,17
2026-05-14,2026-05-14 12:30:00,148041,112,Core Retail Sales m/m,USD,high,0.6,USD/CAD,2h,120,z=-1.00,-0.2953064211170173,0.30469357888298265,-0.003408946531900943,1.36764,1.367593377883651,-0.1748895095042002,-0.05505494167449689,-0.34987098719355,0.12240970767978922,0.0745021903583296,17
2026-05-14,2026-05-14 12:30:00,148041,112,Core Retail Sales m/m,USD,high,0.6,USD/CAD,2h,120,z=-2.00,-0.5906128422340347,0.009387157765965326,0.048237048610695006,1.36764,1.3682997091716194,-0.1748895095042002,-0.05505494167449689,-0.34987098719355,0.12240970767978922,0.0745021903583296,17
2026-05-14,2026-05-14 12:30:00,148041,112,Core Retail Sales m/m,USD,high,0.6,USD/CAD,4h,240,z=+0.00,0.0,0.6,-0.08735187521357703,1.36764,1.3664453408138288,-0.1884920076681885,-0.08735187521357703,-0.30366846566879035,0.0922145370416373,0.06969313268493982,17
2026-05-14,2026-05-14 12:30:00,148041,112,Core Retail Sales m/m,USD,high,0.6,USD/CAD,4h,240,z=+0.50,0.14765321055850866,0.7476532105585086,-0.1151833253104041,1.36764,1.3660647067697247,-0.1884920076681885,-0.08735187521357703,-0.30366846566879035,0.0922145370416373,0.06969313268493982,17
2026-05-14,2026-05-14 12:30:00,148041,112,Core Retail Sales m/m,USD,high,0.6,USD/CAD,4h,240,z=+1.00,0.2953064211170173,0.8953064211170173,-0.14301477540723115,1.36764,1.3656840727256205,-0.1884920076681885,-0.08735187521357703,-0.30366846566879035,0.0922145370416373,0.06969313268493982,17
2026-05-14,2026-05-14 12:30:00,148041,112,Core Retail Sales m/m,USD,high,0.6,USD/CAD,4h,240,z=+2.00,0.5906128422340347,1.1906128422340347,-0.19867767560088528,1.36764,1.364922804637412,-0.1884920076681885,-0.08735187521357703,-0.30366846566879035,0.0922145370416373,0.06969313268493982,17
2026-05-14,2026-05-14 12:30:00,148041,112,Core Retail Sales m/m,USD,high,0.6,USD/CAD,4h,240,z=-0.50,-0.14765321055850866,0.4523467894414913,-0.05952042511674996,1.36764,1.3668259748579332,-0.1884920076681885,-0.08735187521357703,-0.30366846566879035,0.0922145370416373,0.06969313268493982,17
2026-05-14,2026-05-14 12:30:00,148041,112,Core Retail Sales m/m,USD,high,0.6,USD/CAD,4h,240,z=-1.00,-0.2953064211170173,0.30469357888298265,-0.0316889750199229,1.36764,1.3672066089020374,-0.1884920076681885,-0.08735187521357703,-0.30366846566879035,0.0922145370416373,0.06969313268493982,17
2026-05-14,2026-05-14 12:30:00,148041,112,Core Retail Sales m/m,USD,high,0.6,USD/CAD,4h,240,z=-2.00,-0.5906128422340347,0.009387157765965326,0.02397392517373123,1.36764,1.367967876990246,-0.1884920076681885,-0.08735187521357703,-0.30366846566879035,0.0922145370416373,0.06969313268493982,17
2026-05-14,2026-05-14 12:30:00,148041,112,Core Retail Sales m/m,USD,high,0.6,USD/CAD,6h,360,z=+0.00,0.0,0.6,-0.06421008340359921,1.36764,1.366761837215339,-0.18656070394683355,-0.06421008340359921,-0.21650095928142268,0.046872665369776245,0.049178734365219585,17
2026-05-14,2026-05-14 12:30:00,148041,112,Core Retail Sales m/m,USD,high,0.6,USD/CAD,6h,360,z=+0.50,0.14765321055850866,0.7476532105585086,-0.09175637030540462,1.36764,1.366385103177155,-0.18656070394683355,-0.06421008340359921,-0.21650095928142268,0.046872665369776245,0.049178734365219585,17
2026-05-14,2026-05-14 12:30:00,148041,112,Core Retail Sales m/m,USD,high,0.6,USD/CAD,6h,360,z=+1.00,0.2953064211170173,0.8953064211170173,-0.11930265720721003,1.36764,1.3660083691389713,-0.18656070394683355,-0.06421008340359921,-0.21650095928142268,0.046872665369776245,0.049178734365219585,17
2026-05-14,2026-05-14 12:30:00,148041,112,Core Retail Sales m/m,USD,high,0.6,USD/CAD,6h,360,z=+2.00,0.5906128422340347,1.1906128422340347,-0.17439523101082086,1.36764,1.3652549010626036,-0.18656070394683355,-0.06421008340359921,-0.21650095928142268,0.046872665369776245,0.049178734365219585,17
2026-05-14,2026-05-14 12:30:00,148041,112,Core Retail Sales m/m,USD,high,0.6,USD/CAD,6h,360,z=-0.50,-0.14765321055850866,0.4523467894414913,-0.0366637965017938,1.36764,1.367138571253523,-0.18656070394683355,-0.06421008340359921,-0.21650095928142268,0.046872665369776245,0.049178734365219585,17
2026-05-14,2026-05-14 12:30:00,148041,112,Core Retail Sales m/m,USD,high,0.6,USD/CAD,6h,360,z=-1.00,-0.2953064211170173,0.30469357888298265,-0.009117509599988388,1.36764,1.3675153052917066,-0.18656070394683355,-0.06421008340359921,-0.21650095928142268,0.046872665369776245,0.049178734365219585,17
2026-05-14,2026-05-14 12:30:00,148041,112,Core Retail Sales m/m,USD,high,0.6,USD/CAD,6h,360,z=-2.00,-0.5906128422340347,0.009387157765965326,0.045975064203622434,1.36764,1.3682687733680745,-0.18656070394683355,-0.06421008340359921,-0.21650095928142268,0.046872665369776245,0.049178734365219585,17
2026-05-14,2026-05-14 12:30:00,148041,112,Core Retail Sales m/m,USD,high,0.6,USD/CAD,12h,720,z=+0.00,0.0,0.6,-0.08448804882087456,1.36764,1.3664845076491061,-0.46839085409659337,-0.08448804882087456,-0.3533883882648157,0.12488335296040415,0.16409897966278564,15
2026-05-14,2026-05-14 12:30:00,148041,112,Core Retail Sales m/m,USD,high,0.6,USD/CAD,12h,720,z=+0.50,0.1279880946844369,0.7279880946844368,-0.1444365018043136,1.36764,1.3656646286267236,-0.46839085409659337,-0.08448804882087456,-0.3533883882648157,0.12488335296040415,0.16409897966278564,15
2026-05-14,2026-05-14 12:30:00,148041,112,Core Retail Sales m/m,USD,high,0.6,USD/CAD,12h,720,z=+1.00,0.2559761893688738,0.8559761893688738,-0.20438495478775268,1.36764,1.3648447496043408,-0.46839085409659337,-0.08448804882087456,-0.3533883882648157,0.12488335296040415,0.16409897966278564,15
2026-05-14,2026-05-14 12:30:00,148041,112,Core Retail Sales m/m,USD,high,0.6,USD/CAD,12h,720,z=+2.00,0.5119523787377476,1.1119523787377474,-0.3242818607546308,1.36764,1.3632049915595754,-0.46839085409659337,-0.08448804882087456,-0.3533883882648157,0.12488335296040415,0.16409897966278564,15
2026-05-14,2026-05-14 12:30:00,148041,112,Core Retail Sales m/m,USD,high,0.6,USD/CAD,12h,720,z=-0.50,-0.1279880946844369,0.4720119053155631,-0.0245395958374355,1.36764,1.367304386671489,-0.46839085409659337,-0.08448804882087456,-0.3533883882648157,0.12488335296040415,0.16409897966278564,15
2026-05-14,2026-05-14 12:30:00,148041,112,Core Retail Sales m/m,USD,high,0.6,USD/CAD,12h,720,z=-1.00,-0.2559761893688738,0.3440238106311262,0.03540885714600356,1.36764,1.3681242656938717,-0.46839085409659337,-0.08448804882087456,-0.3533883882648157,0.12488335296040415,0.16409897966278564,15
2026-05-14,2026-05-14 12:30:00,148041,112,Core Retail Sales m/m,USD,high,0.6,USD/CAD,12h,720,z=-2.00,-0.5119523787377476,0.0880476212622524,0.1553057631128817,1.36764,1.369764023738637,-0.46839085409659337,-0.08448804882087456,-0.3533883882648157,0.12488335296040415,0.16409897966278564,15
2026-05-14,2026-05-14 12:30:00,148041,112,Core Retail Sales m/m,USD,high,0.6,USD/JPY,1m,1,z=+0.00,0.0,0.6,-0.05135120519555391,156.67450000000002,156.59404575601593,0.13182558633338728,-0.05135120519555391,0.4443187215015457,0.19741912627676814,0.07131677165330227,17
2026-05-14,2026-05-14 12:30:00,148041,112,Core Retail Sales m/m,USD,high,0.6,USD/JPY,1m,1,z=+0.50,0.14765321055850866,0.7476532105585086,-0.03188673413967141,156.67450000000002,156.62454161872037,0.13182558633338728,-0.05135120519555391,0.4443187215015457,0.19741912627676814,0.07131677165330227,17
2026-05-14,2026-05-14 12:30:00,148041,112,Core Retail Sales m/m,USD,high,0.6,USD/JPY,1m,1,z=+1.00,0.2953064211170173,0.8953064211170173,-0.012422263083788923,156.67450000000002,156.6550374814248,0.13182558633338728,-0.05135120519555391,0.4443187215015457,0.19741912627676814,0.07131677165330227,17
2026-05-14,2026-05-14 12:30:00,148041,112,Core Retail Sales m/m,USD,high,0.6,USD/JPY,1m,1,z=+2.00,0.5906128422340347,1.1906128422340347,0.026506679027976064,156.67450000000002,156.7160292068337,0.13182558633338728,-0.05135120519555391,0.4443187215015457,0.19741912627676814,0.07131677165330227,17
2026-05-14,2026-05-14 12:30:00,148041,112,Core Retail Sales m/m,USD,high,0.6,USD/JPY,1m,1,z=-0.50,-0.14765321055850866,0.4523467894414913,-0.07081567625143641,156.67450000000002,156.56354989331146,0.13182558633338728,-0.05135120519555391,0.4443187215015457,0.19741912627676814,0.07131677165330227,17
2026-05-14,2026-05-14 12:30:00,148041,112,Core Retail Sales m/m,USD,high,0.6,USD/JPY,1m,1,z=-1.00,-0.2953064211170173,0.30469357888298265,-0.0902801473073189,156.67450000000002,156.53305403060702,0.13182558633338728,-0.05135120519555391,0.4443187215015457,0.19741912627676814,0.07131677165330227,17
2026-05-14,2026-05-14 12:30:00,148041,112,Core Retail Sales m/m,USD,high,0.6,USD/JPY,1m,1,z=-2.00,-0.5906128422340347,0.009387157765965326,-0.12920908941908388,156.67450000000002,156.47206230519814,0.13182558633338728,-0.05135120519555391,0.4443187215015457,0.19741912627676814,0.07131677165330227,17
2026-05-14,2026-05-14 12:30:00,148041,112,Core Retail Sales m/m,USD,high,0.6,USD/JPY,5m,5,z=+0.00,0.0,0.6,-0.055365911154056396,156.67450000000002,156.58775573552896,0.19082290035695712,-0.055365911154056396,0.6323985385228015,0.3999279115257752,0.14693278185988384,17
2026-05-14,2026-05-14 12:30:00,148041,112,Core Retail Sales m/m,USD,high,0.6,USD/JPY,5m,5,z=+0.50,0.14765321055850866,0.7476532105585086,-0.027190297268265287,156.67450000000002,156.63189973770645,0.19082290035695712,-0.055365911154056396,0.6323985385228015,0.3999279115257752,0.14693278185988384,17
2026-05-14,2026-05-14 12:30:00,148041,112,Core Retail Sales m/m,USD,high,0.6,USD/JPY,5m,5,z=+1.00,0.2953064211170173,0.8953064211170173,0.0009853166175258221,156.67450000000002,156.67604373988394,0.19082290035695712,-0.055365911154056396,0.6323985385228015,0.3999279115257752,0.14693278185988384,17
2026-05-14,2026-05-14 12:30:00,148041,112,Core Retail Sales m/m,USD,high,0.6,USD/JPY,5m,5,z=+2.00,0.5906128422340347,1.1906128422340347,0.05733654438910804,156.67450000000002,156.76433174423894,0.19082290035695712,-0.055365911154056396,0.6323985385228015,0.3999279115257752,0.14693278185988384,17
2026-05-14,2026-05-14 12:30:00,148041,112,Core Retail Sales m/m,USD,high,0.6,USD/JPY,5m,5,z=-0.50,-0.14765321055850866,0.4523467894414913,-0.0835415250398475,156.67450000000002,156.54361173335147,0.19082290035695712,-0.055365911154056396,0.6323985385228015,0.3999279115257752,0.14693278185988384,17
2026-05-14,2026-05-14 12:30:00,148041,112,Core Retail Sales m/m,USD,high,0.6,USD/JPY,5m,5,z=-1.00,-0.2953064211170173,0.30469357888298265,-0.11171713892563861,156.67450000000002,156.49946773117398,0.19082290035695712,-0.055365911154056396,0.6323985385228015,0.3999279115257752,0.14693278185988384,17
2026-05-14,2026-05-14 12:30:00,148041,112,Core Retail Sales m/m,USD,high,0.6,USD/JPY,5m,5,z=-2.00,-0.5906128422340347,0.009387157765965326,-0.16806836669722083,156.67450000000002,156.411179726819,0.19082290035695712,-0.055365911154056396,0.6323985385228015,0.3999279115257752,0.14693278185988384,17
2026-05-14,2026-05-14 12:30:00,148041,112,Core Retail Sales m/m,USD,high,0.6,USD/JPY,15m,15,z=+0.00,0.0,0.6,-0.0679295459142011,156.67450000000002,156.56807172358668,0.09875522128060292,-0.0679295459142011,0.26164790762921286,0.0684596275667451,0.03146115653487356,17
2026-05-14,2026-05-14 12:30:00,148041,112,Core Retail Sales m/m,USD,high,0.6,USD/JPY,15m,15,z=+0.50,0.14765321055850866,0.7476532105585086,-0.05334802043270412,156.67450000000002,156.5909172557272,0.09875522128060292,-0.0679295459142011,0.26164790762921286,0.0684596275667451,0.03146115653487356,17
2026-05-14,2026-05-14 12:30:00,148041,112,Core Retail Sales m/m,USD,high,0.6,USD/JPY,15m,15,z=+1.00,0.2953064211170173,0.8953064211170173,-0.03876649495120714,156.67450000000002,156.6137627878677,0.09875522128060292,-0.0679295459142011,0.26164790762921286,0.0684596275667451,0.03146115653487356,17
2026-05-14,2026-05-14 12:30:00,148041,112,Core Retail Sales m/m,USD,high,0.6,USD/JPY,15m,15,z=+2.00,0.5906128422340347,1.1906128422340347,-0.009603443988213181,156.67450000000002,156.65945385214872,0.09875522128060292,-0.0679295459142011,0.26164790762921286,0.0684596275667451,0.03146115653487356,17
2026-05-14,2026-05-14 12:30:00,148041,112,Core Retail Sales m/m,USD,high,0.6,USD/JPY,15m,15,z=-0.50,-0.14765321055850866,0.4523467894414913,-0.08251107139569808,156.67450000000002,156.54522619144618,0.09875522128060292,-0.0679295459142011,0.26164790762921286,0.0684596275667451,0.03146115653487356,17
2026-05-14,2026-05-14 12:30:00,148041,112,Core Retail Sales m/m,USD,high,0.6,USD/JPY,15m,15,z=-1.00,-0.2953064211170173,0.30469357888298265,-0.09709259687719506,156.67450000000002,156.52238065930567,0.09875522128060292,-0.0679295459142011,0.26164790762921286,0.0684596275667451,0.03146115653487356,17
2026-05-14,2026-05-14 12:30:00,148041,112,Core Retail Sales m/m,USD,high,0.6,USD/JPY,15m,15,z=-2.00,-0.5906128422340347,0.009387157765965326,-0.126255647840189,156.67450000000002,156.47668959502465,0.09875522128060292,-0.0679295459142011,0.26164790762921286,0.0684596275667451,0.03146115653487356,17
2026-05-14,2026-05-14 12:30:00,148041,112,Core Retail Sales m/m,USD,high,0.6,USD/JPY,30m,30,z=+0.00,0.0,0.6,-0.08085653339824217,156.67450000000002,156.547818430581,0.13353759953450267,-0.08085653339824217,0.35226077331605854,0.12408765241722758,0.057275013509064235,17
2026-05-14,2026-05-14 12:30:00,148041,112,Core Retail Sales m/m,USD,high,0.6,USD/JPY,30m,30,z=+0.50,0.14765321055850866,0.7476532105585086,-0.061139278096696434,156.67450000000002,156.5787103417384,0.13353759953450267,-0.08085653339824217,0.35226077331605854,0.12408765241722758,0.057275013509064235,17
2026-05-14,2026-05-14 12:30:00,148041,112,Core Retail Sales m/m,USD,high,0.6,USD/JPY,30m,30,z=+1.00,0.2953064211170173,0.8953064211170173,-0.041422022795150705,156.67450000000002,156.60960225289585,0.13353759953450267,-0.08085653339824217,0.35226077331605854,0.12408765241722758,0.057275013509064235,17
2026-05-14,2026-05-14 12:30:00,148041,112,Core Retail Sales m/m,USD,high,0.6,USD/JPY,30m,30,z=+2.00,0.5906128422340347,1.1906128422340347,-0.0019875121920592403,156.67450000000002,156.67138607521068,0.13353759953450267,-0.08085653339824217,0.35226077331605854,0.12408765241722758,0.057275013509064235,17
2026-05-14,2026-05-14 12:30:00,148041,112,Core Retail Sales m/m,USD,high,0.6,USD/JPY,30m,30,z=-0.50,-0.14765321055850866,0.4523467894414913,-0.1005737886997879,156.67450000000002,156.51692651942358,0.13353759953450267,-0.08085653339824217,0.35226077331605854,0.12408765241722758,0.057275013509064235,17
2026-05-14,2026-05-14 12:30:00,148041,112,Core Retail Sales m/m,USD,high,0.6,USD/JPY,30m,30,z=-1.00,-0.2953064211170173,0.30469357888298265,-0.12029104400133364,156.67450000000002,156.48603460826615,0.13353759953450267,-0.08085653339824217,0.35226077331605854,0.12408765241722758,0.057275013509064235,17
2026-05-14,2026-05-14 12:30:00,148041,112,Core Retail Sales m/m,USD,high,0.6,USD/JPY,30m,30,z=-2.00,-0.5906128422340347,0.009387157765965326,-0.1597255546044251,156.67450000000002,156.4242507859513,0.13353759953450267,-0.08085653339824217,0.35226077331605854,0.12408765241722758,0.057275013509064235,17
2026-05-14,2026-05-14 12:30:00,148041,112,Core Retail Sales m/m,USD,high,0.6,USD/JPY,1h,60,z=+0.00,0.0,0.6,-0.11640330557978962,156.67450000000002,156.4921257029994,0.09475141340536351,-0.11640330557978962,0.17172881935836,0.029490787398216246,0.019811904789293167,17
2026-05-14,2026-05-14 12:30:00,148041,112,Core Retail Sales m/m,USD,high,0.6,USD/JPY,1h,60,z=+0.50,0.14765321055850866,0.7476532105585086,-0.10241295518553117,156.67450000000002,156.51404501452788,0.09475141340536351,-0.11640330557978962,0.17172881935836,0.029490787398216246,0.019811904789293167,17
2026-05-14,2026-05-14 12:30:00,148041,112,Core Retail Sales m/m,USD,high,0.6,USD/JPY,1h,60,z=+1.00,0.2953064211170173,0.8953064211170173,-0.08842260479127274,156.67450000000002,156.53596432605633,0.09475141340536351,-0.11640330557978962,0.17172881935836,0.029490787398216246,0.019811904789293167,17
2026-05-14,2026-05-14 12:30:00,148041,112,Core Retail Sales m/m,USD,high,0.6,USD/JPY,1h,60,z=+2.00,0.5906128422340347,1.1906128422340347,-0.06044190400275586,156.67450000000002,156.57980294911323,0.09475141340536351,-0.11640330557978962,0.17172881935836,0.029490787398216246,0.019811904789293167,17
2026-05-14,2026-05-14 12:30:00,148041,112,Core Retail Sales m/m,USD,high,0.6,USD/JPY,1h,60,z=-0.50,-0.14765321055850866,0.4523467894414913,-0.13039365597404806,156.67450000000002,156.47020639147095,0.09475141340536351,-0.11640330557978962,0.17172881935836,0.029490787398216246,0.019811904789293167,17
2026-05-14,2026-05-14 12:30:00,148041,112,Core Retail Sales m/m,USD,high,0.6,USD/JPY,1h,60,z=-1.00,-0.2953064211170173,0.30469357888298265,-0.1443840063683065,156.67450000000002,156.4482870799425,0.09475141340536351,-0.11640330557978962,0.17172881935836,0.029490787398216246,0.019811904789293167,17
2026-05-14,2026-05-14 12:30:00,148041,112,Core Retail Sales m/m,USD,high,0.6,USD/JPY,1h,60,z=-2.00,-0.5906128422340347,0.009387157765965326,-0.17236470715682337,156.67450000000002,156.4044484568856,0.09475141340536351,-0.11640330557978962,0.17172881935836,0.029490787398216246,0.019811904789293167,17
2026-05-14,2026-05-14 12:30:00,148041,112,Core Retail Sales m/m,USD,high,0.6,USD/JPY,2h,120,z=+0.00,0.0,0.6,-0.17648053810362843,156.67450000000002,156.39799999932885,-0.04010759914131899,-0.17648053810362843,-0.062236349455484466,0.0038733631935451815,0.0030392619110910755,17
2026-05-14,2026-05-14 12:30:00,148041,112,Core Retail Sales m/m,USD,high,0.6,USD/JPY,2h,120,z=+0.50,0.14765321055850866,0.7476532105585086,-0.18240255388463786,156.67450000000002,156.38872171071404,-0.04010759914131899,-0.17648053810362843,-0.062236349455484466,0.0038733631935451815,0.0030392619110910755,17
2026-05-14,2026-05-14 12:30:00,148041,112,Core Retail Sales m/m,USD,high,0.6,USD/JPY,2h,120,z=+1.00,0.2953064211170173,0.8953064211170173,-0.1883245696656473,156.67450000000002,156.37944342209923,-0.04010759914131899,-0.17648053810362843,-0.062236349455484466,0.0038733631935451815,0.0030392619110910755,17
2026-05-14,2026-05-14 12:30:00,148041,112,Core Retail Sales m/m,USD,high,0.6,USD/JPY,2h,120,z=+2.00,0.5906128422340347,1.1906128422340347,-0.20016860122766617,156.67450000000002,156.36088684486958,-0.04010759914131899,-0.17648053810362843,-0.062236349455484466,0.0038733631935451815,0.0030392619110910755,17
2026-05-14,2026-05-14 12:30:00,148041,112,Core Retail Sales m/m,USD,high,0.6,USD/JPY,2h,120,z=-0.50,-0.14765321055850866,0.4523467894414913,-0.170558522322619,156.67450000000002,156.40727828794368,-0.04010759914131899,-0.17648053810362843,-0.062236349455484466,0.0038733631935451815,0.0030392619110910755,17
2026-05-14,2026-05-14 12:30:00,148041,112,Core Retail Sales m/m,USD,high,0.6,USD/JPY,2h,120,z=-1.00,-0.2953064211170173,0.30469357888298265,-0.16463650654160955,156.67450000000002,156.4165565765585,-0.04010759914131899,-0.17648053810362843,-0.062236349455484466,0.0038733631935451815,0.0030392619110910755,17
2026-05-14,2026-05-14 12:30:00,148041,112,Core Retail Sales m/m,USD,high,0.6,USD/JPY,2h,120,z=-2.00,-0.5906128422340347,0.009387157765965326,-0.1527924749795907,156.67450000000002,156.43511315378814,-0.04010759914131899,-0.17648053810362843,-0.062236349455484466,0.0038733631935451815,0.0030392619110910755,17
2026-05-14,2026-05-14 12:30:00,148041,112,Core Retail Sales m/m,USD,high,0.6,USD/JPY,4h,240,z=+0.00,0.0,0.6,-0.19117238711039042,156.67450000000002,156.37498161835674,0.10178777280741304,-0.19117238711039042,0.12278424981467378,0.015075972002552219,0.015217230670614762,17
2026-05-14,2026-05-14 12:30:00,148041,112,Core Retail Sales m/m,USD,high,0.6,USD/JPY,4h,240,z=+0.50,0.14765321055850866,0.7476532105585086,-0.17614309565977582,156.67450000000002,156.39852868559055,0.10178777280741304,-0.19117238711039042,0.12278424981467378,0.015075972002552219,0.015217230670614762,17
2026-05-14,2026-05-14 12:30:00,148041,112,Core Retail Sales m/m,USD,high,0.6,USD/JPY,4h,240,z=+1.00,0.2953064211170173,0.8953064211170173,-0.16111380420916122,156.67450000000002,156.42207575282436,0.10178777280741304,-0.19117238711039042,0.12278424981467378,0.015075972002552219,0.015217230670614762,17
2026-05-14,2026-05-14 12:30:00,148041,112,Core Retail Sales m/m,USD,high,0.6,USD/JPY,4h,240,z=+2.00,0.5906128422340347,1.1906128422340347,-0.131055221307932,156.67450000000002,156.46916988729194,0.10178777280741304,-0.19117238711039042,0.12278424981467378,0.015075972002552219,0.015217230670614762,17
2026-05-14,2026-05-14 12:30:00,148041,112,Core Retail Sales m/m,USD,high,0.6,USD/JPY,4h,240,z=-0.50,-0.14765321055850866,0.4523467894414913,-0.20620167856100502,156.67450000000002,156.35143455112296,0.10178777280741304,-0.19117238711039042,0.12278424981467378,0.015075972002552219,0.015217230670614762,17
2026-05-14,2026-05-14 12:30:00,148041,112,Core Retail Sales m/m,USD,high,0.6,USD/JPY,4h,240,z=-1.00,-0.2953064211170173,0.30469357888298265,-0.22123097001161962,156.67450000000002,156.32788748388916,0.10178777280741304,-0.19117238711039042,0.12278424981467378,0.015075972002552219,0.015217230670614762,17
2026-05-14,2026-05-14 12:30:00,148041,112,Core Retail Sales m/m,USD,high,0.6,USD/JPY,4h,240,z=-2.00,-0.5906128422340347,0.009387157765965326,-0.2512895529128488,156.67450000000002,156.28079334942157,0.10178777280741304,-0.19117238711039042,0.12278424981467378,0.015075972002552219,0.015217230670614762,17
2026-05-14,2026-05-14 12:30:00,148041,112,Core Retail Sales m/m,USD,high,0.6,USD/JPY,6h,360,z=+0.00,0.0,0.6,-0.14082111077260306,156.67450000000002,156.4538692288026,0.07107851785614851,-0.14082111077260306,0.07525192922246718,0.00566285285170321,0.006512584220129159,17
2026-05-14,2026-05-14 12:30:00,148041,112,Core Retail Sales m/m,USD,high,0.6,USD/JPY,6h,360,z=+0.50,0.14765321055850866,0.7476532105585086,-0.13032613940940246,156.67450000000002,156.47031217271103,0.07107851785614851,-0.14082111077260306,0.07525192922246718,0.00566285285170321,0.006512584220129159,17
2026-05-14,2026-05-14 12:30:00,148041,112,Core Retail Sales m/m,USD,high,0.6,USD/JPY,6h,360,z=+1.00,0.2953064211170173,0.8953064211170173,-0.11983116804620184,156.67450000000002,156.48675511661946,0.07107851785614851,-0.14082111077260306,0.07525192922246718,0.00566285285170321,0.006512584220129159,17
2026-05-14,2026-05-14 12:30:00,148041,112,Core Retail Sales m/m,USD,high,0.6,USD/JPY,6h,360,z=+2.00,0.5906128422340347,1.1906128422340347,-0.09884122531980061,156.67450000000002,156.51964100443635,0.07107851785614851,-0.14082111077260306,0.07525192922246718,0.00566285285170321,0.006512584220129159,17
2026-05-14,2026-05-14 12:30:00,148041,112,Core Retail Sales m/m,USD,high,0.6,USD/JPY,6h,360,z=-0.50,-0.14765321055850866,0.4523467894414913,-0.15131608213580366,156.67450000000002,156.43742628489417,0.07107851785614851,-0.14082111077260306,0.07525192922246718,0.00566285285170321,0.006512584220129159,17
2026-05-14,2026-05-14 12:30:00,148041,112,Core Retail Sales m/m,USD,high,0.6,USD/JPY,6h,360,z=-1.00,-0.2953064211170173,0.30469357888298265,-0.1618110534990043,156.67450000000002,156.4209833409857,0.07107851785614851,-0.14082111077260306,0.07525192922246718,0.00566285285170321,0.006512584220129159,17
2026-05-14,2026-05-14 12:30:00,148041,112,Core Retail Sales m/m,USD,high,0.6,USD/JPY,6h,360,z=-2.00,-0.5906128422340347,0.009387157765965326,-0.18280099622540552,156.67450000000002,156.38809745316885,0.07107851785614851,-0.14082111077260306,0.07525192922246718,0.00566285285170321,0.006512584220129159,17
2026-05-14,2026-05-14 12:30:00,148041,112,Core Retail Sales m/m,USD,high,0.6,USD/JPY,12h,720,z=+0.00,0.0,0.6,-0.16850090277274957,156.67450000000002,156.41050205308534,-0.0474608086199574,-0.16850090277274957,-0.03447423813348415,0.0011884730948841728,0.0016220902341943064,15
2026-05-14,2026-05-14 12:30:00,148041,112,Core Retail Sales m/m,USD,high,0.6,USD/JPY,12h,720,z=+0.50,0.1279880946844369,0.7279880946844368,-0.17457532124020061,156.67450000000002,156.40098498832356,-0.0474608086199574,-0.16850090277274957,-0.03447423813348415,0.0011884730948841728,0.0016220902341943064,15
2026-05-14,2026-05-14 12:30:00,148041,112,Core Retail Sales m/m,USD,high,0.6,USD/JPY,12h,720,z=+1.00,0.2559761893688738,0.8559761893688738,-0.18064973970765166,156.67450000000002,156.39146792356175,-0.0474608086199574,-0.16850090277274957,-0.03447423813348415,0.0011884730948841728,0.0016220902341943064,15
2026-05-14,2026-05-14 12:30:00,148041,112,Core Retail Sales m/m,USD,high,0.6,USD/JPY,12h,720,z=+2.00,0.5119523787377476,1.1119523787377474,-0.19279857664255376,156.67450000000002,156.3724337940382,-0.0474608086199574,-0.16850090277274957,-0.03447423813348415,0.0011884730948841728,0.0016220902341943064,15
2026-05-14,2026-05-14 12:30:00,148041,112,Core Retail Sales m/m,USD,high,0.6,USD/JPY,12h,720,z=-0.50,-0.1279880946844369,0.4720119053155631,-0.16242648430529852,156.67450000000002,156.42001911784712,-0.0474608086199574,-0.16850090277274957,-0.03447423813348415,0.0011884730948841728,0.0016220902341943064,15
2026-05-14,2026-05-14 12:30:00,148041,112,Core Retail Sales m/m,USD,high,0.6,USD/JPY,12h,720,z=-1.00,-0.2559761893688738,0.3440238106311262,-0.15635206583784747,156.67450000000002,156.4295361826089,-0.0474608086199574,-0.16850090277274957,-0.03447423813348415,0.0011884730948841728,0.0016220902341943064,15
2026-05-14,2026-05-14 12:30:00,148041,112,Core Retail Sales m/m,USD,high,0.6,USD/JPY,12h,720,z=-2.00,-0.5119523787377476,0.0880476212622524,-0.14420322890294537,156.67450000000002,156.44857031213246,-0.0474608086199574,-0.16850090277274957,-0.03447423813348415,0.0011884730948841728,0.0016220902341943064,15
